date, pm10, o3, no2, so2, co
2021/5/2, 11, 10, 13, , 
2021/5/3, 7, 11, 13, , 
2021/5/4, 6, 13, 13, , 
2021/5/5, 7, 10, 13, , 
2021/5/6, 8, 8, 13, 1, 
2021/5/7, 9, 10, 13, 1, 
2021/5/8, 12, 15, 13, , 
2021/5/9, 97, 14, 13, , 
2021/5/10, 71, 11, 13, , 
2021/5/11, 23, 10, 13, , 
2021/5/12, 39, 13, 13, , 
2021/5/13, 62, 13, 13, , 
2021/5/14, 65, 10, 13, 1, 
2021/5/15, 69, 12, 13, , 
2021/5/16, 59, 10, , , 
2021/5/17, 46, 8, , , 
2021/5/18, 33, 19, , 1, 
2021/5/19, 44, 7, , , 
2021/5/20, 81, 10, , , 
2021/5/21, 35, 11, , , 
2021/5/22, 29, , , , 
2021/4/2, 44, , , , 
2021/4/3, 31, , , , 
2021/4/4, 36, , , , 
2021/4/5, 42, , , , 
2021/4/6, 38, , , , 
2021/4/7, 50, , , , 
2021/4/8, 54, , , , 
2021/4/9, 24, , , , 
2021/4/10, 14, , , , 
2021/4/11, 41, , , , 
2021/4/12, 24, , , , 
2021/4/13, 21, , , , 
2021/4/14, 30, , , , 
2021/4/15, 35, , , , 
2021/4/17, 29, , , , 
2021/4/18, 13, , , , 
2021/4/19, 7, , , , 
2021/4/20, 9, , , , 
2021/4/21, 10, , , , 
2021/4/22, 8, 10, 13, 3, 
2021/4/23, 7, 6, 13, , 
2021/4/24, 8, 10, 13, , 
2021/4/25, 6, 16, 13, , 
2021/4/26, 4, 11, 13, , 
2021/4/27, 9, 13, 13, , 
2021/4/28, 8, 11, 13, , 
2021/4/29, 9, 14, 13, , 
2021/4/30, 13, 13, 13, , 
2021/5/1, 14, 14, 13, , 
2021/3/2, 38, , , , 
2021/3/3, 42, , , , 
2021/3/4, 51, , , , 
2021/3/5, 51, , , , 
2021/3/6, 11, , , , 
2021/3/7, 22, , , , 
2021/3/8, 42, , , , 
2021/3/9, 45, , , , 
2021/3/10, 41, , , , 
2021/3/11, 105, , , , 
2021/3/12, 96, , , , 
2021/3/13, 41, , , , 
2021/3/14, 46, , , , 
2021/3/15, 26, , , , 
2021/3/16, 21, , , , 
2021/3/17, 27, , , , 
2021/3/18, 24, , , , 
2021/3/19, 19, , , , 
2021/3/20, 36, , , , 
2021/3/21, 45, , , , 
2021/3/23, 45, , , , 
2021/3/24, 56, , , , 
2021/3/25, 63, , , , 
2021/3/26, 40, , , , 
2021/3/27, 17, , , , 
2021/3/28, 17, , , , 
2021/3/29, 19, , , , 
2021/3/30, 23, , , , 
2021/3/31, 43, , , , 
2021/4/1, 47, , , , 
2021/2/2, 23, , , , 
2021/2/4, 32, , , , 
2021/2/5, 38, , , , 
2021/2/6, 49, , , , 
2021/2/7, 52, , , , 
2021/2/9, 12, , , , 
2021/2/10, 24, , , , 
2021/2/11, 33, , , , 
2021/2/12, 32, , , , 
2021/2/13, 41, , , , 
2021/2/14, 38, , , , 
2021/2/15, 18, , , , 
2021/2/16, 15, , , , 
2021/2/18, 38, , , , 
2021/2/19, 49, , , , 
2021/2/20, 77, , , , 
2021/2/21, 63, , , , 
2021/2/22, 39, , , , 
2021/2/23, 54, , , , 
2021/2/24, 38, , , , 
2021/2/25, 53, , , , 
2021/2/26, 62, , , , 
2021/2/27, 82, , , , 
2021/2/28, 83, , , , 
2021/3/1, 42, , , , 
2021/1/5, 42, 13, 13, 2, 
2021/1/6, 11, 12, 13, 1, 
2021/1/7, 11, 12, 13, 1, 
2021/1/8, 10, 9, 13, 1, 
2021/1/15, 39, 17, 13, , 
2021/1/16, 40, 10, 13, , 
2021/1/17, 23, 11, 13, , 
2021/1/18, 13, 16, 13, , 
2021/1/19, 24, 23, , , 
2021/1/20, 44, 23, 13, , 
2021/1/21, 58, , , , 
2021/1/22, 54, , , , 
2021/1/23, 70, , , , 
2021/1/24, 59, , , , 
2021/1/25, 47, , , , 
2021/1/27, 52, , , , 
2021/1/28, 42, , , , 
2021/1/29, 42, , , , 
2021/1/30, 46, , , , 
2021/1/31, 45, , , , 
2021/2/1, 30, , , , 
2020/10/2, 28, 17, 13, , 
2020/10/3, 25, 17, 13, 1, 
2020/10/4, 20, 15, 13, , 
2020/10/5, 14, 15, 13, , 
2020/10/6, 9, 19, 13, 1, 
2020/10/7, 24, 15, 13, 2, 
2020/10/8, 30, 17, 13, 1, 
2020/10/9, 35, 16, 13, 1, 
2020/10/10, 39, 17, 13, 1, 
2020/10/11, 54, 17, 13, , 
2020/10/12, 38, 17, 13, 1, 
2020/10/13, 8, 20, 13, 1, 
2020/10/14, 22, 18, 13, 1, 
2020/10/15, 70, 18, 13, , 
2020/10/16, 58, 23, 13, 1, 
2020/10/17, 37, 29, 13, 1, 
2020/10/18, 52, 25, , 1, 
2020/10/19, 34, 15, , 1, 
2020/10/20, 19, 16, 13, , 
2020/10/21, 20, 14, 13, , 
2020/10/22, 25, 18, 13, 1, 
2020/10/23, 18, 12, 13, , 
2020/10/24, 4, , , , 
2020/10/27, 17, 15, 13, 1, 
2020/10/28, 16, 15, 13, 1, 
2020/10/29, 33, 15, 13, 1, 
2020/10/30, 37, 16, 13, 1, 
2020/10/31, 19, 21, 13, 1, 
2020/11/1, 29, 26, 13, 1, 
2020/11/2, 19, 23, 13, 1, 
2020/11/3, 29, 20, 13, 1, 
2020/11/4, 46, 17, 13, , 
2020/11/5, 125, 17, 13, , 
2020/11/6, 195, 23, 13, 1, 
2020/11/7, 43, 16, 13, , 
2020/11/8, 30, 13, 13, , 
2020/11/9, 31, 23, 13, 1, 
2020/11/10, 28, 22, 13, 1, 
2020/11/11, 23, 14, 13, , 
2020/11/12, 13, 27, 13, 1, 
2020/11/13, 21, 26, 13, 1, 
2020/11/14, 32, 18, 13, , 
2020/11/15, 31, 15, 13, 1, 
2020/11/16, 18, 18, 13, , 
2020/11/17, 21, 9, 13, 1, 
2020/11/18, 33, 11, 13, 1, 
2020/11/19, 27, 21, 13, 1, 
2020/11/20, 36, 20, 13, 1, 
2020/11/21, 57, 26, 13, 1, 
2020/11/22, 53, 26, 13, 1, 
2020/11/23, 33, 23, 13, , 
2020/11/24, 18, 23, 13, 1, 
2020/11/25, 18, 14, 13, 1, 
2020/11/26, 34, 12, 13, 1, 
2020/11/27, 48, 59, 13, 1, 
2020/11/28, 45, 9, 13, 1, 
2020/11/29, 57, 11, 13, 1, 
2020/11/30, 31, 14, 13, 1, 
2020/12/1, 31, 25, 13, 1, 
2020/12/2, 59, 23, 13, 1, 
2020/12/3, 68, 12, 13, 1, 
2020/12/4, 57, 10, 13, 1, 
2020/12/5, 64, 14, 13, 1, 
2020/12/6, 32, 17, 13, 1, 
2020/12/7, 51, 24, , 1, 
2020/12/8, 55, 17, , 1, 
2020/12/9, 68, 11, , 1, 
2020/12/10, 50, 21, , 2, 
2020/12/11, 55, 13, , 1, 
2020/12/12, 26, 8, , 1, 
2020/12/13, 37, , , , 
2020/12/20, 34, 11, 13, 1, 
2020/12/21, 11, 15, 13, 1, 
2020/12/22, 17, 20, 13, 1, 
2020/12/23, 47, 21, 13, 1, 
2020/12/24, 68, 16, 13, 1, 
2020/12/25, 65, 26, 13, 1, 
2020/12/26, 28, 22, 13, 1, 
2020/12/27, 32, 22, 13, , 
2020/12/28, 33, 14, 13, 1, 
2020/12/29, 35, 23, 13, 1, 
2020/12/30, 26, 10, 13, 1, 
2020/12/31, 29, 9, 13, 1, 
2021/1/1, 30, 16, , 1, 
2021/1/2, 22, 20, , 1, 
2021/1/3, 32, 13, , 1, 
2020/7/2, 15, 8, 13, 1, 
2020/7/3, 21, 5, 13, 2, 
2020/7/4, 25, 9, 13, 2, 
2020/7/5, 17, 14, 13, 1, 
2020/7/6, 8, 12, 13, 1, 
2020/7/7, 17, 10, 13, 3, 
2020/7/8, 46, 12, 13, 1, 
2020/7/9, 24, 14, 13, 2, 
2020/7/10, 10, 16, 13, 2, 
2020/7/11, 16, 20, 13, 2, 
2020/7/12, 9, 18, 13, 1, 
2020/7/13, 7, 16, 13, , 
2020/7/14, 10, 11, 13, 1, 
2020/7/15, 27, 10, 13, 3, 
2020/7/16, 52, 15, 13, 4, 
2020/7/17, 65, 7, 13, 5, 
2020/7/18, 75, 13, 13, 2, 
2020/7/19, 53, 13, 13, 1, 
2020/7/20, 36, 19, 13, 1, 
2020/7/21, 15, 20, 13, 1, 
2020/7/22, 16, 21, 13, , 
2020/7/23, 12, 22, 13, 1, 
2020/7/24, 8, 19, 13, , 
2020/7/25, 3, 14, 13, 3, 
2020/7/26, 10, 12, 13, 13, 
2020/7/27, 17, 16, 13, 5, 
2020/7/28, 16, 14, 13, 1, 
2020/7/29, 25, 12, 13, 2, 
2020/7/30, 35, 48, 13, 2, 
2020/7/31, 64, 22, 13, 2, 
2020/8/1, 114, 19, 13, 2, 
2020/8/2, 54, 16, 13, 2, 
2020/8/3, 34, 10, 13, 2, 
2020/8/4, 31, 13, 13, 2, 
2020/8/5, 60, 12, 13, 1, 
2020/8/6, 22, 15, 13, 1, 
2020/8/7, 11, 13, 13, 1, 
2020/8/8, 32, 14, 13, 2, 
2020/8/9, 41, 15, 13, 1, 
2020/8/10, 25, 18, 13, 1, 
2020/8/11, 38, 16, 13, , 
2020/8/12, 49, 17, 13, 2, 
2020/8/13, 23, 17, 13, 4, 
2020/8/14, 25, 14, 13, 2, 
2020/8/15, 31, 19, 13, 2, 
2020/8/16, 64, 18, 13, 2, 
2020/8/17, 62, 18, 13, 2, 
2020/8/18, 33, 17, 13, 1, 
2020/8/19, 19, 17, , 1, 
2020/8/20, 20, 17, , 1, 
2020/8/21, 20, 15, , 1, 
2020/8/22, 29, 26, , 1, 
2020/8/23, 54, 28, 13, 1, 
2020/8/24, 102, 21, 13, 1, 
2020/8/25, 92, , , , 
2020/8/30, 20, 11, 13, 1, 
2020/8/31, 13, , 13, 2, 
2020/9/2, 36, 16, 13, 1, 
2020/9/3, 30, 15, 13, 1, 
2020/9/4, 27, 18, 13, 2, 
2020/9/5, 41, 16, 13, 1, 
2020/9/6, 18, 16, 13, 1, 
2020/9/7, 14, 16, 13, 1, 
2020/9/8, 29, 16, 13, 1, 
2020/9/9, 77, 16, 13, 1, 
2020/9/10, 61, 15, 13, 1, 
2020/9/11, 33, 17, 13, 1, 
2020/9/12, 50, 17, 13, 1, 
2020/9/13, 33, 17, 13, 1, 
2020/9/14, 33, 15, , 1, 
2020/9/15, 14, 18, , 2, 
2020/9/16, 61, 15, 13, 1, 
2020/9/17, 48, 17, 13, 1, 
2020/9/18, 50, 18, 13, 1, 
2020/9/19, 76, 19, 13, , 
2020/9/23, 120, 23, 13, 1, 
2020/9/24, 67, 27, 13, 1, 
2020/9/25, 55, 20, 13, 2, 
2020/9/26, 62, 22, 13, 2, 
2020/9/27, 41, 18, 13, , 
2020/9/28, 12, 19, 13, 1, 
2020/9/29, 18, 19, 13, 1, 
2020/9/30, 38, 17, 13, 1, 
2020/10/1, 39, 16, 13, 1, 
2020/4/2, 9, 11, 13, , 
2020/4/3, 9, 13, 13, , 
2020/4/4, 15, 15, 13, , 
2020/4/5, 20, 14, 13, , 
2020/4/6, 27, 14, 13, , 
2020/4/7, 24, 13, 13, , 
2020/4/8, 18, 15, 13, , 
2020/4/9, 25, 21, 13, , 
2020/4/10, 28, 19, 13, , 
2020/4/11, 29, 15, 13, , 
2020/4/12, 58, 12, 13, , 
2020/4/13, 43, 15, 13, , 
2020/4/14, 10, 11, 13, , 
2020/4/15, 18, 13, 13, , 
2020/4/16, 21, 14, 13, , 
2020/4/17, 23, 19, 13, , 
2020/4/18, 43, 20, 13, , 
2020/4/19, 60, 20, 13, , 
2020/4/20, 58, 15, 13, , 
2020/4/21, 29, 14, 13, , 
2020/4/22, 24, 15, 13, , 
2020/4/23, 26, 15, 13, , 
2020/4/24, 43, 17, 13, , 
2020/4/25, 50, 14, 13, , 
2020/4/26, 26, 12, 13, , 
2020/4/27, 13, 12, 13, , 
2020/4/28, 11, 8, 13, , 
2020/4/29, 6, 8, 13, , 
2020/4/30, 7, 10, 13, , 
2020/5/1, 29, , , , 
2020/5/2, 17, , , , 
2020/5/3, 11, , , , 
2020/5/4, 14, , , , 
2020/5/5, 19, 10, 13, , 
2020/5/6, 18, 11, 13, , 
2020/5/7, 12, 10, 13, 1, 
2020/5/8, 20, 15, 13, 1, 
2020/5/9, 34, 14, 13, 1, 
2020/5/10, 54, 16, 13, 1, 
2020/5/11, 28, 15, 13, , 
2020/5/12, 37, 12, 13, 1, 
2020/5/13, 32, 13, 13, 1, 
2020/5/14, 27, 11, 13, 1, 
2020/5/15, 44, 9, 13, 2, 
2020/5/16, 46, 9, 13, 6, 
2020/5/17, 32, 14, 13, 4, 
2020/5/18, 20, 14, 13, 1, 
2020/5/19, 36, 17, 13, 2, 
2020/5/20, 54, 13, 13, , 
2020/5/21, 31, 16, 13, , 
2020/5/22, 18, 12, 13, 1, 
2020/5/23, 21, 12, 13, 1, 
2020/5/24, 31, 14, 13, 2, 
2020/5/25, 24, 13, 13, 1, 
2020/5/26, 21, 11, 13, 1, 
2020/5/27, 29, 16, 13, 1, 
2020/5/28, 38, 12, 13, , 
2020/5/29, 30, 8, 13, , 
2020/5/30, 20, 17, 13, , 
2020/5/31, 15, 11, 13, , 
2020/6/1, 4, 9, 13, , 
2020/6/2, 8, 10, 13, 1, 
2020/6/3, 21, 13, 13, , 
2020/6/4, 21, 12, 13, 1, 
2020/6/5, 20, 11, 13, 2, 
2020/6/6, 32, 13, 13, 1, 
2020/6/7, 23, 13, 13, 1, 
2020/6/8, 12, 11, 13, 1, 
2020/6/9, 15, 14, 13, 3, 
2020/6/10, 21, 13, 13, 5, 
2020/6/11, 26, 17, 13, 3, 
2020/6/12, 40, 17, 13, 1, 
2020/6/13, 52, 16, 13, , 
2020/6/14, 23, 15, 13, 1, 
2020/6/15, 24, 17, 13, , 
2020/6/16, 45, 9, 13, 1, 
2020/6/17, 36, 9, 13, 1, 
2020/6/18, 32, 11, 13, , 
2020/6/19, 14, 16, 13, 2, 
2020/6/20, 20, 14, 13, 4, 
2020/6/21, 17, 15, 13, 2, 
2020/6/22, 11, 9, , 1, 
2020/6/23, 17, 9, 13, 1, 
2020/6/24, 30, 7, 13, 1, 
2020/6/25, 31, 23, 13, 1, 
2020/6/26, 16, 16, 13, 2, 
2020/6/27, 17, 14, 13, , 
2020/6/28, 20, 13, 13, 3, 
2020/6/29, 37, 9, 13, 1, 
2020/6/30, 12, 16, 13, 1, 
2020/7/1, 13, 10, 13, , 
2020/1/2, 8, 18, , 1, 
2020/1/3, 16, 21, , 1, 
2020/1/4, 28, 15, , , 
2020/1/5, 42, 17, , , 
2020/1/6, 42, 10, , , 
2020/1/7, 14, 15, , , 
2020/1/8, 31, 21, , , 
2020/1/9, 48, 16, , , 
2020/1/10, 38, 14, , , 
2020/1/11, 34, 14, , , 
2020/1/12, 30, 21, , , 
2020/1/13, 32, 20, , , 
2020/1/14, 46, 30, , , 
2020/1/15, 43, 11, , , 
2020/1/16, 23, 12, , , 
2020/1/17, 6, 18, , , 
2020/1/18, 1, 25, , , 
2020/1/19, 41, 26, , , 
2020/1/20, 38, 16, , , 
2020/1/21, 44, 8, , , 
2020/1/22, 53, 24, , , 
2020/1/23, 42, 26, , , 
2020/1/24, 61, 22, , , 
2020/1/25, 68, 13, , , 
2020/1/26, 54, 13, , , 
2020/1/27, 53, 15, , , 
2020/1/28, 58, 15, , , 
2020/1/29, 95, 11, , , 
2020/1/30, 67, 22, , , 
2020/1/31, 35, 19, , , 
2020/2/1, 61, 26, , , 
2020/2/2, 46, 17, , , 
2020/2/3, 71, 22, , , 
2020/2/4, 66, 18, , , 
2020/2/5, 66, 20, , , 
2020/2/6, 32, 15, , , 
2020/2/7, 22, 13, , , 
2020/2/8, 26, 13, , , 
2020/2/9, 19, 13, , , 
2020/2/10, 18, 22, , , 
2020/2/11, 22, 19, , , 
2020/2/12, 41, 19, , , 
2020/2/13, 89, 18, 13, , 
2020/2/14, 96, 20, , , 
2020/2/15, 14, 16, , , 
2020/2/16, 20, 13, , 1, 
2020/2/17, 21, 15, , , 
2020/2/18, 60, 15, , , 
2020/2/19, 23, 14, , , 
2020/2/20, 24, 10, , , 
2020/2/21, 32, 12, , , 
2020/2/22, 34, 20, , , 
2020/2/23, 37, 20, , , 
2020/2/24, 49, 17, 13, , 
2020/2/25, 72, 13, 13, , 
2020/2/26, 41, 15, , , 
2020/2/27, 27, 13, , 1, 
2020/2/28, 55, 11, , , 
2020/2/29, 42, 20, , , 
2020/3/1, 46, 36, , , 
2020/3/2, 37, 16, , , 
2020/3/3, 48, 26, 13, , 
2020/3/5, 57, 25, 13, , 
2020/3/7, 56, 21, 13, , 
2020/3/8, 75, 13, 13, , 
2020/3/9, 53, 13, 13, , 
2020/3/10, 36, 15, 13, , 
2020/3/11, 54, 21, 13, , 
2020/3/12, 57, 21, 13, , 
2020/3/13, 53, 24, 13, , 
2020/3/14, 39, 12, 13, , 
2020/3/15, 42, 13, 13, , 
2020/3/16, 24, 16, 13, , 
2020/3/17, 29, 19, 13, , 
2020/3/18, 41, 17, 13, , 
2020/3/19, 22, 15, 13, , 
2020/3/20, 21, 18, 13, , 
2020/3/21, 31, 22, 13, , 
2020/3/22, 36, 24, 13, , 
2020/3/23, 44, 21, 13, , 
2020/3/24, 30, , , , 
2020/3/27, 22, 19, , , 
2020/3/28, 29, 22, , , 
2020/3/29, 25, 14, , , 
2020/3/30, 23, , , , 
2019/10/2, 20, 17, , , 
2019/10/3, 29, 18, , , 
2019/10/4, 27, 18, , , 
2019/10/5, 26, 18, , , 
2019/10/6, 25, 23, , , 
2019/10/7, 37, 19, 13, , 
2019/10/8, 56, 19, 13, , 
2019/10/9, 41, 19, 13, 1, 
2019/10/10, 55, 18, 13, 2, 
2019/10/11, 45, , 13, 2, 
2019/10/13, 49, 18, 13, , 
2019/10/14, 34, 18, 13, , 
2019/10/15, 63, 16, 13, , 
2019/10/16, 65, 18, 13, , 
2019/10/17, 36, 12, 13, , 
2019/10/18, 47, 16, 13, , 
2019/10/19, 16, 25, 13, , 
2019/10/20, 19, 21, 13, , 
2019/10/21, 26, 24, 13, 2, 
2019/10/22, 35, 16, 13, 3, 
2019/10/23, 34, 15, 13, , 
2019/10/24, 10, 23, 13, , 
2019/10/25, 24, 17, 13, 1, 
2019/10/26, 48, 21, 13, , 
2019/10/27, 20, 15, 13, , 
2019/10/28, 16, 21, 13, , 
2019/10/29, 10, 22, 13, , 
2019/10/30, 12, 18, 13, , 
2019/11/1, 32, 22, 13, , 
2019/11/2, 47, 16, 13, , 
2019/11/3, 27, 26, 13, , 
2019/11/4, 29, 24, 13, 2, 
2019/11/5, 61, 18, 13, 4, 
2019/11/6, 37, 22, 13, 1, 
2019/11/7, 35, 18, 13, , 
2019/11/8, 56, 16, 13, , 
2019/11/9, 47, 16, 13, , 
2019/11/10, 41, 15, 13, , 
2019/11/11, 39, 13, 13, , 
2019/11/12, 35, 18, 13, , 
2019/11/13, 31, 24, 13, , 
2019/11/14, 14, 12, 13, , 
2019/11/15, 18, 25, 13, , 
2019/11/16, 44, 24, 13, , 
2019/11/17, 69, 24, 13, , 
2019/11/18, 54, 15, 13, , 
2019/11/19, 24, 29, 13, , 
2019/11/20, 58, 24, 13, , 
2019/11/21, 114, 24, 13, , 
2019/11/22, 78, , , , 
2019/11/23, 63, , , , 
2019/11/24, 43, 13, 13, , 
2019/11/25, 43, 14, 13, , 
2019/11/26, 29, 16, 13, , 
2019/11/27, 13, 17, 13, , 
2019/11/28, 24, 21, 13, , 
2019/11/29, 46, 19, 13, , 
2019/11/30, 92, 13, 13, , 
2019/12/1, 68, 15, 13, , 
2019/12/2, 25, 25, 13, , 
2019/12/3, 42, 19, 13, , 
2019/12/4, 68, 11, 13, , 
2019/12/5, 20, 17, 13, , 
2019/12/6, 33, 13, 13, , 
2019/12/7, 49, 23, 13, , 
2019/12/8, 43, 20, 13, , 
2019/12/9, 52, 28, 13, , 
2019/12/10, 42, 13, 13, , 
2019/12/11, 53, , , , 
2019/12/12, 53, 12, 13, , 
2019/12/13, 67, 20, 13, , 
2019/12/14, 77, 15, 13, 2, 
2019/12/15, 101, 18, 13, 1, 
2019/12/16, 43, 14, 13, , 
2019/12/17, 60, 21, 13, , 
2019/12/18, 46, 23, 13, 1, 
2019/12/19, 141, 13, 13, 1, 
2019/12/20, 114, 11, 13, , 
2019/12/21, 60, 13, 13, , 
2019/12/22, 35, 24, 13, , 
2019/12/23, 28, 25, , 1, 
2019/12/24, 55, 18, , , 
2019/12/25, 48, 17, , , 
2019/12/26, 24, 20, , , 
2019/12/27, 23, , , , 
2019/12/28, 31, 16, , , 
2019/12/29, 39, 17, , , 
2019/12/30, 34, , , , 
2019/7/2, 8, 16, 13, 1, 
2019/7/3, 17, 15, 13, , 
2019/7/4, 23, 16, 13, , 
2019/7/5, 15, 13, 13, 2, 
2019/7/6, 14, 11, 13, 3, 
2019/7/7, 19, 12, 13, 3, 
2019/7/8, 24, 13, 13, , 
2019/7/9, 31, 12, 13, 2, 
2019/7/10, 28, 11, 13, 2, 
2019/7/11, 53, 5, 13, 1, 
2019/7/12, 59, 5, 13, 2, 
2019/7/13, 58, 10, 13, , 
2019/7/14, 57, 10, 13, 2, 
2019/7/15, 30, 14, 13, 4, 
2019/7/16, 17, 16, 13, 1, 
2019/7/17, 36, 16, 13, , 
2019/7/18, 58, 15, 13, 1, 
2019/7/19, 40, 11, 13, 1, 
2019/7/20, 36, 12, 13, 4, 
2019/7/21, 50, 18, 13, , 
2019/7/22, 26, 15, 13, 11, 
2019/7/23, 17, 14, 13, 6, 
2019/7/24, 35, 12, 13, 5, 
2019/7/25, 42, 17, 13, 1, 
2019/7/26, 50, 13, 13, , 
2019/7/27, 44, 16, 13, , 
2019/7/28, 41, 17, 13, , 
2019/7/29, 53, 11, 13, , 
2019/7/30, 70, 16, 13, 1, 
2019/7/31, 29, 15, 13, 1, 
2019/8/1, 35, 19, 13, 2, 
2019/8/2, 48, 16, 13, , 
2019/8/3, 48, 16, 13, 1, 
2019/8/4, 35, 21, 13, 1, 
2019/8/5, 62, 18, 13, , 
2019/8/6, 121, 16, 13, 1, 
2019/8/7, 90, 17, 13, 1, 
2019/8/8, 46, 17, 13, 1, 
2019/8/9, 51, 16, 13, 1, 
2019/8/10, 49, 20, 13, 2, 
2019/8/11, 49, 22, 13, 1, 
2019/8/12, 35, 19, 13, 2, 
2019/8/13, 25, 18, 13, 4, 
2019/8/14, 14, 20, 13, , 
2019/8/15, 71, 18, 13, , 
2019/8/16, 84, 20, 13, 1, 
2019/8/17, 55, 20, 13, , 
2019/8/18, 58, 21, 13, , 
2019/8/19, 15, 20, 13, , 
2019/8/20, 13, 12, 13, 2, 
2019/8/21, 22, 12, 13, 1, 
2019/8/22, 21, 17, 13, 2, 
2019/8/23, 25, 17, 13, 2, 
2019/8/24, 51, , 13, 1, 
2019/8/29, 81, 19, , 2, 
2019/8/30, 33, 19, , 4, 
2019/8/31, 26, 19, , 2, 
2019/9/1, 32, 20, , 1, 
2019/9/2, 24, 17, , , 
2019/9/3, 23, 19, , 1, 
2019/9/4, 20, 19, , 1, 
2019/9/5, 31, 16, , , 
2019/9/6, 29, 15, , , 
2019/9/7, 29, 18, , , 
2019/9/8, 32, 17, , , 
2019/9/9, 14, 10, , , 
2019/9/10, 14, 18, , , 
2019/9/11, 43, 17, 13, , 
2019/9/12, 18, 19, 13, , 
2019/9/13, 20, 18, 13, , 
2019/9/14, 18, 24, 13, , 
2019/9/15, 60, 19, 13, , 
2019/9/16, 59, 19, 13, 1, 
2019/9/17, 13, 18, 13, 1, 
2019/9/18, 25, 20, 13, 1, 
2019/9/19, 49, 19, 13, 1, 
2019/9/20, 58, 20, 13, , 
2019/9/21, 35, 19, 13, 3, 
2019/9/22, 33, 19, 13, 1, 
2019/9/23, 35, 20, 13, 1, 
2019/9/24, 68, 20, 13, 1, 
2019/9/25, 66, 29, 13, 1, 
2019/9/26, 55, 16, 13, , 
2019/9/27, 69, 18, 13, , 
2019/9/28, 89, 22, 13, , 
2019/9/29, 79, 26, 13, 1, 
2019/9/30, 45, 19, 13, , 
2019/10/1, 32, 19, 13, , 
2019/4/2, 35, 14, 13, , 
2019/4/3, 31, 12, 13, , 
2019/4/4, 42, 14, 13, , 
2019/4/5, 66, 14, 13, , 
2019/4/6, 31, 16, 13, 1, 
2019/4/7, 45, 17, 13, 2, 
2019/4/8, 38, 20, 13, , 
2019/4/9, 40, 17, 13, , 
2019/4/10, 77, 15, 13, , 
2019/4/11, 68, 14, 13, , 
2019/4/12, 35, 13, 13, , 
2019/4/13, 43, , 13, , 
2019/4/14, 88, , 13, , 
2019/4/15, 51, , 13, , 
2019/4/16, 32, , 13, , 
2019/4/17, 87, 6, 13, , 
2019/4/18, 142, 15, 13, , 
2019/4/19, 43, 15, 13, , 
2019/4/20, 40, 11, 13, , 
2019/4/21, 27, 13, 13, , 
2019/4/22, 29, 13, 13, , 
2019/4/23, 29, 14, 13, 1, 
2019/4/24, 47, 13, 13, 1, 
2019/4/25, 40, 11, , , 
2019/4/26, 33, 9, 13, 4, 
2019/4/27, 46, 13, 13, 4, 
2019/4/28, 37, 14, 13, 4, 
2019/4/29, 11, 13, 13, 4, 
2019/4/30, 23, 15, 13, 4, 
2019/5/1, 57, 14, 13, 4, 
2019/5/2, 43, 11, 13, 4, 
2019/5/3, 65, 11, 13, 4, 
2019/5/4, 25, 11, 13, 4, 
2019/5/5, 29, 12, 13, 4, 
2019/5/6, 22, 15, 13, 4, 
2019/5/7, 31, 7, 13, 4, 
2019/5/8, 33, 15, 13, 3, 
2019/5/9, 26, 10, 13, 2, 
2019/5/10, 28, 19, 13, 1, 
2019/5/12, 16, 12, 13, , 
2019/5/13, 13, 16, 13, 1, 
2019/5/14, 17, 10, 13, , 
2019/5/15, 47, 16, 13, , 
2019/5/16, 53, 12, 13, , 
2019/5/17, 48, 13, 13, , 
2019/5/18, 40, 15, 13, , 
2019/5/19, 30, 14, 13, , 
2019/5/20, 25, 19, 13, 1, 
2019/5/21, 37, 13, 13, , 
2019/5/22, 22, 10, 13, 1, 
2019/5/23, 38, 12, 13, 2, 
2019/5/24, 22, , , , 
2019/5/25, 29, , , , 
2019/5/26, 31, , , , 
2019/5/27, 16, 10, 13, 3, 
2019/5/28, 24, 12, 13, 4, 
2019/5/29, 29, 16, 13, 2, 
2019/5/30, 27, 6, 13, 1, 
2019/5/31, 25, 11, 13, 1, 
2019/6/1, 14, 12, 13, 2, 
2019/6/2, 16, 13, 13, 4, 
2019/6/3, 11, 10, 13, 3, 
2019/6/4, 17, 14, 13, , 
2019/6/5, 46, 13, 13, , 
2019/6/6, 53, 16, 13, , 
2019/6/7, 29, 16, 13, , 
2019/6/8, 24, 17, 13, , 
2019/6/9, 26, 13, 13, , 
2019/6/10, 23, 15, 13, , 
2019/6/11, 25, 10, 13, , 
2019/6/12, 41, 6, 13, , 
2019/6/13, 50, 12, 13, , 
2019/6/14, 22, 11, 13, , 
2019/6/15, 13, 10, 13, , 
2019/6/16, 13, 14, 13, , 
2019/6/17, 8, 13, 13, , 
2019/6/20, 12, 12, 13, , 
2019/6/21, 18, 13, 13, , 
2019/6/22, 21, 9, 13, , 
2019/6/23, 27, 13, 13, , 
2019/6/24, 19, 6, 13, , 
2019/6/25, 15, 15, 13, , 
2019/6/26, 21, 12, 13, 12, 
2019/6/27, 31, 11, 13, 3, 
2019/6/28, 47, 15, 13, , 
2019/6/29, 38, 12, 13, , 
2019/6/30, 20, 14, 13, , 
2019/7/1, 8, 12, 13, 1, 
2019/1/2, 46, 14, , , 
2019/1/3, 27, 14, , , 
2019/1/4, 38, 26, , 1, 
2019/1/5, 45, 24, , , 
2019/1/9, 46, 11, , , 
2019/1/10, 35, 11, , , 
2019/1/11, 29, 16, , , 
2019/1/12, 54, 17, , , 
2019/1/13, 85, 19, , , 
2019/1/14, 38, 25, , , 
2019/1/15, 36, 17, , , 
2019/1/16, 44, , , , 
2019/1/17, 66, , , , 
2019/1/18, 68, 19, , , 
2019/1/19, 48, 16, , , 
2019/1/20, 55, 16, , , 
2019/1/21, 108, 11, , , 
2019/1/22, 110, 13, , , 
2019/1/23, 66, 19, , , 
2019/1/24, 69, 21, , , 
2019/1/25, 67, 20, , , 
2019/1/26, 71, 13, , , 
2019/1/27, 37, 20, , , 
2019/1/28, 30, 25, , , 
2019/1/29, 29, 15, , , 
2019/1/30, 46, 10, , , 
2019/1/31, 69, 17, , , 
2019/2/1, 69, 12, , , 
2019/2/2, 59, 11, , , 
2019/2/3, 61, 18, , , 
2019/2/4, 44, 14, , , 
2019/2/5, 37, 16, , , 
2019/2/6, 79, 17, , , 
2019/2/7, 124, 14, , , 
2019/2/8, 96, 12, , , 
2019/2/9, 37, 20, , , 
2019/2/10, 46, 11, , , 
2019/2/11, 45, 11, , , 
2019/2/12, 55, 13, , , 
2019/2/13, 35, 14, , , 
2019/2/14, 46, 21, , 2, 
2019/2/15, 56, 21, , , 
2019/2/16, 39, 19, , , 
2019/2/17, 58, 23, , , 
2019/2/18, 56, 17, , , 
2019/2/19, 78, 15, , , 
2019/2/20, 73, 12, , , 
2019/2/21, 71, 11, , , 
2019/2/22, 72, 9, , , 
2019/2/23, 57, 15, , , 
2019/2/24, 67, 12, , , 
2019/2/25, 75, 11, , , 
2019/2/26, 20, 17, , , 
2019/2/27, 22, 11, , , 
2019/2/28, 50, 13, , , 
2019/3/1, 51, 13, , 1, 
2019/3/2, 116, 16, , , 
2019/3/3, 57, 17, , , 
2019/3/4, 36, 15, , , 
2019/3/5, 36, 14, , , 
2019/3/6, 31, 19, , 1, 
2019/3/7, 49, 22, , 1, 
2019/3/8, 76, 13, , 1, 
2019/3/9, 16, 19, , , 
2019/3/10, 27, 18, , 1, 
2019/3/11, 33, 14, , , 
2019/3/12, 41, 14, , , 
2019/3/13, 54, 13, , , 
2019/3/14, 46, 17, , , 
2019/3/15, 43, 13, , , 
2019/3/16, 39, 20, , , 
2019/3/17, 13, 20, , , 
2019/3/18, 19, 15, , , 
2019/3/19, 21, 13, , , 
2019/3/20, 28, 13, , , 
2019/3/21, 39, 14, , , 
2019/3/22, 29, 16, , , 
2019/3/23, 36, 13, , 1, 
2019/3/24, 32, 16, , , 
2019/3/25, 14, 15, , , 
2019/3/26, 23, 18, , 5, 
2019/3/27, 33, 16, , 16, 
2019/3/28, 51, 14, , 11, 
2019/3/29, 61, 16, , , 
2019/3/30, 69, 15, , , 
2019/3/31, 46, 21, , , 
2019/4/1, 29, 17, 13, , 
2018/10/2, 16, 16, 13, 1, 
2018/10/3, 31, 17, 13, 1, 
2018/10/4, 38, 17, 13, 2, 
2018/10/5, 38, 19, 13, 1, 
2018/10/6, 42, 24, 13, , 
2018/10/7, 78, 21, 13, 1, 
2018/10/8, 86, 20, 13, 1, 
2018/10/9, 31, 17, 13, , 
2018/10/10, 33, 16, 13, 2, 
2018/10/11, 42, 17, 13, 1, 
2018/10/12, 24, 18, 13, 1, 
2018/10/13, 28, 22, 13, 2, 
2018/10/14, 35, 18, 13, 2, 
2018/10/15, 26, 22, 13, 3, 
2018/10/16, 22, 17, 13, 1, 
2018/10/17, 24, 20, 13, 1, 
2018/10/18, 40, 18, 13, , 
2018/10/19, 25, 17, 13, , 
2018/10/20, 26, 16, 13, , 
2018/10/21, 33, 15, 13, 1, 
2018/10/22, 20, 14, 13, 1, 
2018/10/23, 13, 15, 13, , 
2018/10/24, 18, 8, , 1, 
2018/10/25, 20, 13, 13, 1, 
2018/10/26, 18, 17, 13, 1, 
2018/10/27, 16, 21, 13, 1, 
2018/10/28, 25, 23, 13, 1, 
2018/10/29, 23, 18, 13, 1, 
2018/10/30, 23, 20, , 1, 
2018/10/31, 29, 16, , , 
2018/11/1, 28, 14, , , 
2018/11/2, 27, 13, , , 
2018/11/3, 22, 18, , , 
2018/11/4, 19, 18, , 1, 
2018/11/5, 23, 21, , , 
2018/11/6, 17, 15, , 1, 
2018/11/7, 29, 17, , , 
2018/11/8, 40, 21, , , 
2018/11/9, 116, 20, , , 
2018/11/10, 115, 17, , , 
2018/11/11, 35, 13, , , 
2018/11/12, 21, 8, , , 
2018/11/13, 10, 7, , , 
2018/11/14, 7, 15, , , 
2018/11/15, 9, 12, , , 
2018/11/16, 24, 12, , , 
2018/11/17, 38, 14, , , 
2018/11/18, 35, 16, , , 
2018/11/19, 7, 21, , , 
2018/11/20, 17, 18, , 1, 
2018/11/21, 40, 19, , 1, 
2018/11/22, 47, 14, , 2, 
2018/11/23, 66, 14, , , 
2018/11/24, 27, 18, , , 
2018/11/25, 33, 20, , , 
2018/11/26, 30, 20, , , 
2018/11/27, 30, 16, , , 
2018/11/28, 35, 12, , , 
2018/11/29, 35, 6, , , 
2018/12/5, 45, 11, , , 
2018/12/6, 35, 13, , , 
2018/12/7, 22, 17, , , 
2018/12/8, 26, 27, , , 
2018/12/9, 120, 23, , , 
2018/12/10, 75, 23, , 1, 
2018/12/11, 26, 20, , , 
2018/12/12, 40, 15, , , 
2018/12/13, 37, 21, , , 
2018/12/14, 49, 13, , , 
2018/12/15, 50, 19, , 2, 
2018/12/16, 36, 19, , 2, 
2018/12/17, 41, 11, , 1, 
2018/12/18, 45, 15, , 1, 
2018/12/19, 37, 22, , 1, 
2018/12/20, 65, 21, , , 
2018/12/21, 66, 19, , , 
2018/12/22, 22, 21, , 2, 
2018/12/23, 30, 23, , 3, 
2018/12/24, 44, 28, , 27, 
2018/12/25, 49, 26, , 21, 
2018/12/26, 71, 12, , 7, 
2018/12/27, 51, 14, , , 
2018/12/28, 69, 24, , 3, 
2018/12/29, 57, 27, , , 
2018/12/30, 47, 17, , , 
2018/12/31, 22, , , , 
2018/7/2, 24, 17, 13, 24, 
2018/7/3, 16, 11, 13, 1, 
2018/7/4, 23, 12, 13, 1, 
2018/7/5, 40, 10, 13, 1, 
2018/7/6, 59, 13, 13, 1, 
2018/7/7, 47, 18, 13, , 
2018/7/8, 11, 16, 13, , 
2018/7/9, 6, 14, 13, , 
2018/7/10, 12, 15, 13, , 
2018/7/11, 15, 15, 13, , 
2018/7/12, 27, 12, 13, , 
2018/7/13, 27, 10, 13, , 
2018/7/14, 28, 20, 13, , 
2018/7/15, 42, 17, 13, , 
2018/7/16, 34, 14, 13, , 
2018/7/17, 29, 13, 13, , 
2018/7/18, 23, 22, 13, , 
2018/7/19, 9, 23, 13, , 
2018/7/20, 10, 20, 13, , 
2018/7/21, 4, 15, 13, , 
2018/7/22, 9, 20, 13, 1, 
2018/7/23, 19, 15, 13, 1, 
2018/7/24, 19, 20, 13, 1, 
2018/7/25, 43, 16, 13, , 
2018/7/26, 49, 11, 13, 1, 
2018/7/27, 61, 13, 13, , 
2018/7/28, 22, 18, , , 
2018/7/29, 15, 15, , , 
2018/7/30, 7, 17, , , 
2018/7/31, 20, 14, , , 
2018/8/1, 39, 14, , , 
2018/8/2, 46, 13, , 1, 
2018/8/3, 60, 14, , , 
2018/8/4, 57, 17, , , 
2018/8/5, 44, 13, , , 
2018/8/6, 35, 16, , , 
2018/8/7, 27, 16, , , 
2018/8/8, 53, 20, , , 
2018/8/9, 29, 19, 13, , 
2018/8/10, 21, 18, 13, , 
2018/8/11, 27, 15, 13, , 
2018/8/12, 37, 11, 13, , 
2018/8/13, 36, 7, 13, , 
2018/8/14, 31, 16, 13, , 
2018/8/15, 25, 17, 13, , 
2018/8/16, 46, 20, 13, , 
2018/8/17, 55, 19, 13, , 
2018/8/18, 60, 19, 13, , 
2018/8/19, 54, 21, 13, , 
2018/8/20, 22, 19, 13, , 
2018/8/21, 33, 19, 13, , 
2018/8/22, 47, 21, 13, , 
2018/8/23, 93, 20, 13, 1, 
2018/8/24, 85, 19, 13, 1, 
2018/8/25, 50, 21, 13, , 
2018/8/26, 44, 19, 13, 3, 
2018/8/27, 24, 15, 13, 1, 
2018/8/28, 37, 16, 13, 2, 
2018/8/29, 63, 16, 13, 2, 
2018/8/30, 78, 23, 13, , 
2018/8/31, 41, 19, 13, , 
2018/9/1, 43, 19, 13, , 
2018/9/2, 27, 17, 13, , 
2018/9/3, 47, 16, 13, 1, 
2018/9/4, 45, 23, 13, , 
2018/9/5, 56, 22, 13, 1, 
2018/9/6, 84, 20, 13, , 
2018/9/7, 60, 19, 13, 1, 
2018/9/8, 55, 20, 13, , 
2018/9/9, 42, 21, 13, , 
2018/9/10, 29, 14, 13, , 
2018/9/11, 14, 12, 13, , 
2018/9/12, 24, 13, 13, , 
2018/9/13, 23, 17, 13, , 
2018/9/14, 18, 20, 13, , 
2018/9/15, 34, 24, 13, , 
2018/9/16, 34, 26, 13, , 
2018/9/17, 28, 20, 13, , 
2018/9/18, 36, 18, 13, , 
2018/9/19, 54, 17, , , 
2018/9/20, 44, 16, 13, 3, 
2018/9/21, 52, 21, 13, 2, 
2018/9/22, 54, 19, 13, 1, 
2018/9/23, 51, 19, 13, , 
2018/9/24, 22, 17, 13, 2, 
2018/9/25, 22, 18, 13, 1, 
2018/9/26, 36, 16, 13, 2, 
2018/9/27, 56, 15, 13, , 
2018/9/28, 28, 10, 13, , 
2018/9/29, 9, 18, 13, 1, 
2018/9/30, 11, 16, 13, 1, 
2018/10/1, 16, 17, 13, , 
2018/4/2, 38, 18, , , 1
2018/4/3, 22, 14, , , 1
2018/4/4, 39, 22, , , 1
2018/4/5, 64, 14, , , 
2018/4/6, 66, 14, , , 
2018/4/7, 38, 16, , , 
2018/4/8, 45, 18, , , 1
2018/4/9, 31, 13, , , 1
2018/4/10, 32, 12, , , 1
2018/4/11, 55, 14, , , 1
2018/4/12, 54, 13, 14, , 
2018/4/13, 24, 10, , , 1
2018/4/14, 26, , , , 
2018/4/19, 40, 14, , , 1
2018/4/20, 58, 18, , , 3
2018/4/21, 65, 20, , , 2
2018/4/22, 50, 13, , , 
2018/4/23, 23, 13, , , 
2018/4/24, 21, 11, , , 
2018/4/25, 21, 6, , , 
2018/4/26, 13, 10, , , 
2018/4/27, 25, 12, , , 
2018/4/28, 32, 8, , , 
2018/4/29, 43, 11, , , 
2018/4/30, 29, 15, , , 
2018/5/1, 23, 13, , , 
2018/5/2, 21, 8, , , 
2018/5/3, 26, 6, , , 
2018/5/4, 29, 5, , , 2
2018/5/5, 50, 14, , , 
2018/5/6, 15, 9, , , 1
2018/5/7, 16, 6, , , 1
2018/5/8, 17, 5, , , 1
2018/5/9, 14, 3, , , 1
2018/5/10, 23, 10, , , 1
2018/5/11, 29, 8, , , 
2018/5/12, 30, 13, , , 
2018/5/13, 32, 13, , , 
2018/5/14, 26, 13, , , 
2018/5/15, 30, 12, , , 
2018/5/16, 42, 11, , , 1
2018/5/17, 51, 9, , , 1
2018/5/18, 41, 9, , , 1
2018/5/19, 25, 11, , , 1
2018/5/20, 21, 14, , , 
2018/5/21, 24, 12, , , 
2018/5/22, 15, 9, , , 1
2018/5/24, 49, 9, , , 5
2018/5/25, 69, 12, , , 
2018/5/26, 58, 15, , , 
2018/5/27, 46, 10, , , 
2018/5/28, 43, 13, , , 1
2018/5/29, 49, 7, , , 1
2018/5/30, 54, 10, , , 
2018/5/31, 39, 13, , , 1
2018/6/1, 40, 9, , , 
2018/6/2, 25, 10, , , 1
2018/6/3, 37, 11, , 132, 2
2018/6/4, 35, 7, , 265, 1
2018/6/5, 25, 8, , 265, 
2018/6/6, 35, 10, , 265, 
2018/6/7, 27, 12, , 265, 
2018/6/8, 28, 14, , 265, 
2018/6/9, 39, 10, , 265, 
2018/6/10, 25, 11, , 265, 
2018/6/11, 26, 16, , 265, 1
2018/6/12, 22, 11, 13, , 
2018/6/13, 9, 13, 13, , 1
2018/6/14, 6, 15, 13, , 
2018/6/15, 14, 12, 13, , 
2018/6/16, 29, 15, 13, , 
2018/6/17, 53, 12, 13, , 
2018/6/18, 36, 13, 13, , 
2018/6/19, 32, 12, 13, , 
2018/6/20, 74, 12, 13, , 
2018/6/21, 42, 17, 13, , 
2018/6/22, 30, 15, 13, , 
2018/6/23, 54, 19, 13, , 
2018/6/24, 43, 16, 13, , 
2018/6/25, 31, 16, 13, , 
2018/6/26, 45, 15, 13, , 
2018/6/27, 22, 18, 13, , 
2018/6/28, 29, 15, 13, , 
2018/6/29, 40, 10, 13, , 
2018/6/30, 60, 15, 13, , 
2018/7/1, 53, 19, 13, , 
2018/1/2, 39, 11, , , 1
2018/1/3, 31, 12, , , 1
2018/1/4, 60, 15, , , 1
2018/1/5, 71, 11, , , 
2018/1/6, 58, 16, , , 
2018/1/7, 53, 13, , , 1
2018/1/8, 36, 27, , , 1
2018/1/9, 44, 23, , , 1
2018/1/10, 87, 32, , , 1
2018/1/11, 83, 27, , , 2
2018/1/12, 64, 28, , , 2
2018/1/13, 65, 12, , , 
2018/1/14, 34, 14, , , 
2018/1/15, 24, 21, , , 
2018/1/16, 27, 25, , , 1
2018/1/17, 51, 20, , , 1
2018/1/18, 62, 10, , , 
2018/1/19, 38, 18, , , 
2018/1/20, 43, 29, , , 
2018/1/21, 60, 32, , , 
2018/1/22, 46, 30, , , 1
2018/1/23, 57, 17, , , 1
2018/1/24, 52, 10, , , 
2018/1/25, 48, 16, , , 
2018/1/26, 32, 20, , , 1
2018/1/27, 56, 21, , , 
2018/1/28, 63, 17, , , 
2018/1/29, 30, 30, , , 
2018/1/30, 33, 23, , , 
2018/1/31, 118, 13, , , 
2018/2/1, 117, 27, , , 2
2018/2/2, 81, 13, , , 1
2018/2/3, 71, 29, , , 1
2018/2/5, 47, 29, , , 2
2018/2/6, 66, 27, , , 3
2018/2/8, 41, 25, , , 1
2018/2/9, 42, 13, , , 1
2018/2/10, 30, 11, , 1, 
2018/2/11, 57, 12, , , 1
2018/2/13, 29, 22, , , 1
2018/2/14, 43, 25, , , 1
2018/2/16, 102, 24, , , 2
2018/2/17, 73, 28, , , 1
2018/2/18, 63, 22, , , 1
2018/2/19, 34, 11, , , 
2018/2/20, 38, 8, , , 
2018/2/22, 25, 13, , , 
2018/2/23, 26, 10, , , 
2018/2/24, 29, 15, , , 
2018/2/25, 25, 18, , , 
2018/2/26, 31, 18, , , 
2018/2/27, 57, 14, , , 1
2018/2/28, 49, 22, , , 
2018/3/1, 22, 15, , , 
2018/3/2, 30, 21, , , 
2018/3/3, 49, 24, , , 
2018/3/4, 48, 20, , , 
2018/3/5, 45, 9, , , 
2018/3/6, 27, 12, , , 
2018/3/7, 50, 13, , , 
2018/3/8, 69, 20, , , 
2018/3/9, 103, 20, , , 1
2018/3/10, 90, 8, , , 
2018/3/11, 41, 13, , , 
2018/3/12, 5, 16, , , 
2018/3/13, 31, 11, , , 
2018/3/14, 51, 13, , , 
2018/3/15, 35, 9, , , 
2018/3/16, 47, 14, , 1, 
2018/3/17, 42, 19, , 1, 
2018/3/18, 66, 9, , , 
2018/3/19, 28, 9, , , 
2018/3/20, 20, 11, , 1, 
2018/3/21, 45, 11, , , 
2018/3/22, 39, 12, , , 
2018/3/23, 56, 15, , , 1
2018/3/24, 61, 13, , , 
2018/3/25, 21, 14, , , 
2018/3/26, 8, 14, , , 
2018/3/27, 23, 20, , , 
2018/3/28, 50, 19, , , 
2018/3/29, 71, 16, , 1, 1
2018/3/30, 71, 15, , , 1
2018/3/31, 49, 17, , , 2
2018/4/1, 42, 13, , , 1
2017/10/2, 8, 17, , , 2
2017/10/3, 14, 19, , , 3
2017/10/4, 24, 21, , , 2
2017/10/5, 80, 21, , , 1
2017/10/6, 84, 19, , , 1
2017/10/7, 51, 22, , , 2
2017/10/8, 46, 17, , , 2
2017/10/9, 52, 19, , , 2
2017/10/10, 23, 17, , , 1
2017/10/11, 47, 26, , , 4
2017/10/12, 33, 21, , , 2
2017/10/13, 32, 17, , , 3
2017/10/15, 54, 24, , , 2
2017/10/16, 36, 24, , , 3
2017/10/17, 76, 22, , , 3
2017/10/18, 91, 16, , , 4
2017/10/19, 72, 15, , , 3
2017/10/20, 33, 18, , , 3
2017/10/21, 36, 19, , , 3
2017/10/22, 31, 19, , , 3
2017/10/23, 17, 19, , , 3
2017/10/24, 39, 18, , , 4
2017/10/25, 70, 17, , , 4
2017/10/27, 39, 20, , , 3
2017/10/28, 28, 19, , , 3
2017/10/29, 30, 20, , , 2
2017/10/30, 27, 14, , , 2
2017/10/31, 23, 12, , , 4
2017/11/1, 48, 7, , , 2
2017/11/2, 26, 20, , , 1
2017/11/3, 16, 18, , , 1
2017/11/4, 13, 18, , , 1
2017/11/5, 35, 17, , , 1
2017/11/6, 25, 18, , , 1
2017/11/7, 13, 11, , , 1
2017/11/8, 22, 18, , , 1
2017/11/9, 15, 16, , , 1
2017/11/10, 14, 14, , , 1
2017/11/11, 23, 18, , , 
2017/11/12, 22, 21, , , 
2017/11/13, 33, 16, , , 
2017/11/14, 45, 22, , , 
2017/11/15, 55, 16, , , 
2017/11/16, 40, 15, , , 
2017/11/17, 51, 13, , 1, 
2017/11/18, 83, , , , 
2017/11/19, 22, , , , 
2017/11/20, 23, , , , 
2017/11/21, 30, 14, , , 
2017/11/22, 30, , , , 
2017/11/24, 83, 15, , 1, 1
2017/11/26, 113, 20, , , 
2017/11/27, 66, 16, , , 
2017/11/28, 72, 18, , , 
2017/11/29, 51, 25, , , 1
2017/11/30, 66, 35, , , 1
2017/12/1, 33, 18, , , 1
2017/12/2, 26, 13, , , 2
2017/12/3, 14, 14, , , 1
2017/12/4, 10, 20, , , 1
2017/12/5, 23, 23, , , 2
2017/12/6, 50, 25, , , 2
2017/12/7, 61, 14, , , 1
2017/12/8, 65, 11, , , 2
2017/12/9, 53, 13, , , 1
2017/12/10, 49, 13, , , 1
2017/12/11, 56, 16, , , 1
2017/12/12, 55, 28, , , 1
2017/12/13, 80, 17, , , 2
2017/12/14, 72, 14, , , 2
2017/12/15, 28, 15, , , 1
2017/12/16, 48, 18, , 3, 1
2017/12/17, 61, 12, , 3, 
2017/12/18, 66, 21, , 3, 
2017/12/19, 39, 23, , 3, 1
2017/12/20, 58, 23, , 3, 1
2017/12/21, 51, 14, , 2, 1
2017/12/22, 49, 15, , , 1
2017/12/23, 53, 12, , , 
2017/12/24, 40, 18, , , 
2017/12/25, 45, 13, , , 1
2017/12/26, 49, 13, , 1, 1
2017/12/27, 31, 18, , , 
2017/12/28, 38, 28, , , 1
2017/12/29, 49, 23, , , 1
2017/12/30, 53, 14, , , 1
2018/1/1, 54, 19, , , 1
2017/7/2, 54, 15, , 1, 3
2017/7/3, 24, 16, , , 2
2017/7/4, 38, 13, , 1, 3
2017/7/5, 49, 13, , , 2
2017/7/6, 23, 11, , 1, 3
2017/7/7, 18, 5, , 2, 8
2017/7/8, 65, 6, , 1, 4
2017/7/9, 21, 12, , 1, 4
2017/7/10, 19, 14, , 1, 4
2017/7/11, 28, 12, , 1, 6
2017/7/12, 68, 9, , 1, 4
2017/7/13, 45, 16, , , 
2017/7/14, 27, 17, , 2, 1
2017/7/15, 34, 19, , 1, 
2017/7/17, 10, 14, , 1, 
2017/7/18, 15, 13, , 1, 
2017/7/19, 42, 15, , 4, 
2017/7/20, 47, 11, , 5, 1
2017/7/21, 39, 12, , 2, 5
2017/7/22, 62, 22, , 1, 1
2017/7/23, 72, 17, , 1, 1
2017/7/24, 50, 15, , 1, 1
2017/7/25, 26, 12, , 2, 1
2017/7/26, 45, 12, , 1, 1
2017/7/27, 60, 11, , 1, 1
2017/7/28, 36, 10, , 1, 1
2017/7/29, 28, 14, , 1, 1
2017/7/30, 41, 20, , 1, 
2017/7/31, 21, 14, , 1, 
2017/8/1, 22, 13, , 1, 1
2017/8/2, 55, 11, , 1, 
2017/8/3, 59, 5, , 2, 4
2017/8/4, 75, 15, , 1, 2
2017/8/5, 61, 18, , , 1
2017/8/6, 80, 19, , 3, 1
2017/8/7, 59, 17, , 4, 1
2017/8/8, 28, 12, , 17, 
2017/8/9, 27, 13, , , 
2017/8/10, 24, 15, , , 
2017/8/11, 17, 15, , , 1
2017/8/12, 8, 15, , , 
2017/8/13, 6, 19, , , 
2017/8/14, 8, 20, , , 
2017/8/15, 40, 19, , , 
2017/8/16, 45, 18, , , 
2017/8/17, 42, 14, , , 
2017/8/18, 43, 18, , , 
2017/8/19, 48, 21, , , 
2017/8/20, 61, 19, , , 
2017/8/21, 46, 21, , , 
2017/8/22, 39, 19, , , 2
2017/8/23, 121, 18, , , 
2017/8/24, 45, 15, , , 1
2017/8/25, 48, 12, , , 5
2017/8/26, 68, 18, , , 
2017/8/27, 29, 23, , , 
2017/8/28, 27, 10, , , 2
2017/8/29, 22, 11, , , 
2017/8/30, 10, 15, , , 
2017/8/31, 19, 19, , , 
2017/9/1, 45, 17, , , 1
2017/9/2, 53, 19, , , 
2017/9/3, 40, 19, , , 
2017/9/4, 15, 7, , , 1
2017/9/5, 17, , , , 
2017/9/11, 31, 15, , , 4
2017/9/13, 36, 19, , , 
2017/9/14, 36, 17, , , 
2017/9/15, 37, 11, , , 
2017/9/16, 23, 17, , , 
2017/9/17, 34, 21, , , 
2017/9/18, 34, 16, , , 
2017/9/19, 43, 18, , , 1
2017/9/20, 67, 14, , , 1
2017/9/21, 55, 14, , , 1
2017/9/22, 37, 15, , , 
2017/9/23, 58, 19, , , 
2017/9/24, 50, 20, , , 
2017/9/25, 63, 16, , , 
2017/9/26, 43, 14, , , 
2017/9/27, 27, 17, , , 1
2017/9/28, 25, 18, , , 1
2017/9/29, 43, 12, , , 3
2017/9/30, 54, 14, , , 2
2017/5/1, 895, 13, , 1, 
2017/6/9, 13, 11, , 2, 3
2017/6/13, 57, 11, , 2, 2
2017/6/14, 54, 7, , 6, 1
2017/6/15, 43, 10, , 2, 2
2017/6/16, 40, 12, , 1, 2
2017/6/17, 36, 3, , 1, 3
2017/6/18, 23, 19, , , 1
2017/6/19, 66, 18, , , 
2017/6/20, 12, 12, , , 1
2017/6/21, 28, 14, , 1, 2
2017/6/22, 25, 15, , 1, 1
2017/6/23, 48, 6, , 2, 2
2017/6/24, 52, 10, , 2, 3
2017/6/25, 58, 11, , 1, 3
2017/6/26, 13, 7, , , 1
2017/6/27, 8, 9, , , 1
2017/6/28, 11, 19, , , 2
2017/6/29, 10, 13, , , 2
2017/6/30, 22, 14, , 2, 2
2017/7/1, 47, 11, , 1, 2
2017/1/3, 66, 21, , 1, 2
2017/1/4, 88, 26, , 1, 2
2017/1/5, 73, 11, , 1, 1
2017/1/6, 69, 32, , , 1
2017/1/7, 75, 19, , , 1
2017/1/8, 97, 27, , , 1
2017/1/9, 58, 16, , , 1
2017/1/10, 54, 34, , , 
2017/1/11, 40, 18, , 1, 1
2017/1/12, 56, 26, , 1, 
2017/1/13, 51, 12, , 1, 
2017/1/14, 61, 19, , 1, 
2017/1/15, 62, 29, , , 
2017/1/16, 45, 23, , , 
2017/1/17, 27, 12, , 3, 
2017/1/18, 40, 15, , 3, 
2017/1/19, 51, 23, , 1, 1
2017/1/20, 53, 29, , , 2
2017/1/21, 66, 18, , , 1
2017/1/22, 80, 17, , , 1
2017/1/23, 52, 30, , , 1
2017/1/24, 36, 14, , , 1
2017/1/25, 51, 13, , , 1
2017/1/26, 32, 18, , , 1
2017/1/27, 31, 17, , 1, 
2017/1/28, 54, 25, , , 
2017/1/29, 90, 20, , , 1
2017/1/30, 111, 18, , , 1
2017/2/3, 40, 25, , , 2
2017/2/4, 48, 18, , , 2
2017/2/5, 53, 16, , , 2
2017/2/6, 27, 21, , , 3
2017/2/8, 28, 21, , , 2
2017/2/9, 33, 22, , , 2
2017/2/10, 23, 18, , , 2
2017/2/11, 24, 25, , , 2
2017/2/12, 30, 22, , , 2
2017/2/13, 35, 14, , , 2
2017/2/14, 39, 7, , , 2
2017/2/15, 39, 13, , 5, 2
2017/2/16, 21, 21, , 5, 2
2017/2/17, 33, 20, , , 1
2017/2/18, 60, 16, , 1, 1
2017/2/20, 72, 13, , , 1
2017/2/21, 57, 13, , , 1
2017/2/22, 61, 20, , , 2
2017/2/23, 60, 18, , , 2
2017/2/25, 55, 15, , , 26
2017/2/26, 49, 11, , , 26
2017/2/27, 29, 15, , , 26
2017/3/4, 895, 15, , , 
2017/4/1, 895, 14, , , 
2016/10/2, 23, 23, , 4, 3
2016/10/4, 21, 16, , 4, 1
2016/10/5, 28, 19, , 4, 1
2016/10/6, 15, 15, , 4, 2
2016/10/7, 28, 13, , 5, 
2016/10/8, 1, 18, , , 
2016/10/9, 11, 17, , , 
2016/10/10, 16, 20, , , 
2016/10/11, 22, 20, , 4, 2
2016/10/12, 40, 24, , 1, 2
2016/10/13, 38, 19, , 1, 1
2016/10/14, 40, 11, , 3, 2
2016/10/15, 35, 17, , 1, 2
2016/10/16, 23, 17, , , 1
2016/10/17, 16, 18, , , 1
2016/10/18, 9, 15, , 1, 1
2016/10/19, 17, 16, , 1, 1
2016/10/20, 21, 18, , 1, 1
2016/10/21, 27, 18, , 3, 
2016/10/22, 38, 21, , 1, 
2016/10/23, 40, 22, , 1, 1
2016/10/24, 32, 17, , , 
2016/10/25, 32, 8, , , 
2016/10/26, 50, , , , 
2016/10/29, 46, 23, , 1, 
2016/10/30, 74, 22, , , 
2016/10/31, 56, 19, , 1, 
2016/11/1, 29, 19, , 1, 
2016/11/2, 39, 16, , , 
2016/11/4, 60, 17, , 1, 
2016/11/5, 63, 25, , 1, 1
2016/11/6, 73, 21, , 1, 
2016/11/7, 73, 16, , , 
2016/11/8, 52, 10, , , 1
2016/11/9, 50, 17, , , 
2016/11/10, 40, 12, , 1, 
2016/11/11, 19, 13, , 6, 
2016/11/12, 36, 17, , 9, 
2016/11/13, 43, 20, , 1, 
2016/11/14, 48, 18, , 4, 
2016/11/15, 50, 15, , 2, 
2016/11/16, 69, 13, , 1, 
2016/11/17, 40, 14, , 1, 
2016/11/18, 46, 18, , 1, 
2016/11/19, 61, 25, , 1, 
2016/11/20, 86, 17, , 1, 
2016/11/21, 46, 10, , 17, 
2016/11/22, 19, 13, , 162, 
2016/11/23, 30, 17, , , 1
2016/11/24, 49, 27, , , 1
2016/11/25, 67, 28, , , 2
2016/11/26, 79, 19, , , 2
2016/11/27, 75, 21, , , 1
2016/11/28, 11, 18, , , 1
2016/11/29, 11, 21, , , 1
2016/11/30, 20, 28, , , 1
2016/12/1, 59, 27, , , 2
2016/12/2, 110, 19, , , 2
2016/12/3, 150, 19, , 1, 1
2016/12/4, 118, 34, , , 2
2016/12/5, 67, 20, , , 1
2016/12/6, 68, 14, , , 
2016/12/7, 48, 18, , 1, 1
2016/12/8, 40, 20, , 1, 
2016/12/9, 29, 23, , 2, 
2016/12/10, 41, 13, , 2, 
2016/12/11, 50, 14, , 1, 
2016/12/12, 28, 13, , 3, 1
2016/12/13, 44, 9, , 1, 1
2016/12/14, 36, 14, , 1, 
2016/12/15, 28, 27, , 3, 
2016/12/16, 97, 25, , 3, 
2016/12/17, 155, 22, , 1, 
2016/12/18, 115, 22, , 1, 
2016/12/19, 50, 22, , 2, 
2016/12/20, 43, 32, , 2, 
2016/12/21, 63, 32, , 2, 1
2016/12/22, 93, 19, , 1, 1
2016/12/23, 52, 16, , 3, 2
2016/12/24, 69, 33, , 2, 1
2016/12/25, 60, 31, , 1, 1
2016/12/26, 55, 14, , , 1
2016/12/27, 26, , , , 
2016/12/28, 42, 27, , 2, 1
2016/12/29, 46, 29, , 1, 1
2016/12/30, 32, 27, , , 2
2016/12/31, 52, 30, , , 3
2017/1/1, 57, 22, , 2, 5
2017/1/2, 67, 30, , 2, 1
2016/7/2, 27, 13, , , 4
2016/7/3, 43, 17, , , 2
2016/7/4, 15, 10, , 16, 2
2016/7/5, 14, 10, , 15, 3
2016/7/6, 33, 10, , 3, 3
2016/7/7, 58, 10, , 6, 3
2016/7/8, 42, 14, , 6, 3
2016/7/9, 43, 10, , 4, 3
2016/7/10, 28, 11, , 1, 3
2016/7/11, 15, 8, , 3, 3
2016/7/12, 15, 15, , 2, 3
2016/7/13, 30, 11, , 1, 4
2016/7/14, 47, 9, , , 3
2016/7/15, 33, 10, , , 4
2016/7/16, 16, 16, , , 
2016/7/17, 10, 16, , , 
2016/7/18, 15, 5, , , 1
2016/7/19, 37, 12, , 1, 1
2016/7/20, 57, 16, , , 
2016/7/21, 55, 15, , 1, 
2016/7/22, 50, 12, , 2, 2
2016/7/23, 53, 13, , , 
2016/7/24, 49, 13, , , 1
2016/7/25, 25, 12, , , 
2016/7/26, 13, 12, , , 
2016/7/27, 16, 9, , , 
2016/7/28, 15, 8, , , 1
2016/7/29, 27, 13, , , 1
2016/7/30, 42, 16, , , 
2016/8/1, 24, 11, , 1, 1
2016/8/2, 20, 11, , , 1
2016/8/3, 39, 14, , 1, 
2016/8/4, 57, 12, , 2, 
2016/8/5, 42, 16, , 2, 1
2016/8/6, 44, 15, , 4, 
2016/8/7, 44, 14, , 3, 1
2016/8/8, 39, 15, , 3, 
2016/8/9, 37, 14, , 1, 1
2016/8/10, 56, 17, , 2, 
2016/8/11, 58, 20, , 2, 
2016/8/12, 92, 11, , 2, 2
2016/8/13, 70, 18, , 2, 1
2016/8/14, 73, 18, , 2, 
2016/8/15, 41, 19, , 1, 
2016/8/16, 10, 21, , 2, 
2016/8/17, 25, 20, , 1, 
2016/8/18, 61, 21, , 4, 
2016/8/19, 52, 14, , 4, 
2016/8/20, 35, 18, , 2, 
2016/8/21, 23, 14, , 3, 
2016/8/22, 15, 14, , 10, 1
2016/8/23, 22, 17, , 4, 1
2016/8/24, 55, 21, , 2, 2
2016/8/25, 63, 24, , 1, 2
2016/8/26, 78, 14, , 2, 3
2016/8/27, 88, 15, , 1, 1
2016/8/28, 48, 19, , 1, 1
2016/8/29, 21, 17, , 1, 2
2016/8/30, 27, 17, , 1, 1
2016/8/31, 72, 15, , 2, 1
2016/9/1, 50, 18, , 1, 1
2016/9/2, 43, 16, , 1, 1
2016/9/3, 44, 19, , 2, 1
2016/9/4, 34, 18, , 1, 1
2016/9/5, 18, 16, , 1, 1
2016/9/6, 31, 17, , 1, 2
2016/9/7, 32, 17, , 1, 4
2016/9/8, 42, 20, , 1, 2
2016/9/9, 60, 20, , , 2
2016/9/10, 83, 18, , 1, 3
2016/9/11, 80, 20, , 1, 
2016/9/12, 46, 10, , 1, 1
2016/9/13, 27, 15, , 1, 1
2016/9/14, 26, 17, , 1, 
2016/9/15, 30, 16, , 1, 1
2016/9/16, 29, 9, , 2, 2
2016/9/17, 49, 15, , 2, 1
2016/9/18, 55, 19, , 1, 
2016/9/19, 19, 18, , 1, 1
2016/9/20, 15, 21, , 1, 1
2016/9/21, 91, 22, , 1, 1
2016/9/22, 81, 22, , 1, 2
2016/9/23, 54, 10, , , 
2016/9/24, 63, 20, , , 
2016/9/25, 51, 25, , , 
2016/9/26, 46, 25, , 26, 1
2016/9/27, 53, 22, , 19, 1
2016/9/28, 63, 18, , 4, 1
2016/9/29, 75, 18, , 4, 1
2016/9/30, 61, 9, , 4, 1
2016/10/1, 47, 21, , 4, 1
2016/4/2, 30, 1, , , 1
2016/4/3, 11, , , , 1
2016/4/7, 46, 12, , 1, 1
2016/4/8, 51, 8, , 1, 
2016/4/9, 40, 2, , 1, 
2016/4/10, 30, 1, , 1, 
2016/4/11, 18, 1, , 1, 
2016/4/12, 21, 1, , 1, 1
2016/4/13, 36, , , 1, 1
2016/4/14, 43, , , 1, 
2016/4/15, 23, 9, , 3, 3
2016/4/16, 32, , , , 
2016/4/17, 25, 13, , 1, 
2016/4/18, 29, 15, , 1, 2
2016/4/19, 31, 15, , 1, 
2016/4/20, 37, 9, , 5, 
2016/4/21, 30, 15, , 6, 
2016/4/22, 38, 7, , 1, 1
2016/4/23, 54, 11, , 1, 1
2016/4/24, 60, 16, , 1, 
2016/4/25, 16, 14, , 1, 
2016/4/26, 12, 12, , 1, 
2016/4/27, 14, 14, , 1, 
2016/4/28, 12, 16, , 1, 1
2016/4/29, 22, 15, , 1, 
2016/4/30, 29, 17, , 1, 
2016/5/1, 21, 17, , 1, 
2016/5/2, 33, 17, , 1, 
2016/5/3, 22, 14, , 1, 2
2016/5/4, 45, 14, , 2, 
2016/5/5, 49, , , , 
2016/5/6, 46, , , , 
2016/5/7, 33, , , , 
2016/5/8, 12, , , , 
2016/5/9, 19, , , , 
2016/5/10, 15, , , , 
2016/5/11, 25, , , , 
2016/5/12, 38, , , , 
2016/5/13, 43, 7, , 1, 3
2016/5/19, 38, 7, , 1, 2
2016/5/20, 31, 10, , , 1
2016/5/21, 13, 9, , , 1
2016/5/22, 16, 13, , , 2
2016/5/23, 16, 10, , , 6
2016/5/24, 46, 6, , 1, 3
2016/5/25, 60, 8, , 1, 2
2016/5/26, 21, 13, , 1, 1
2016/5/27, 16, 10, , 1, 1
2016/5/28, 13, 8, , 1, 1
2016/5/29, 19, 9, , , 1
2016/5/30, 18, 15, , , 1
2016/5/31, 12, 17, , , 1
2016/6/1, 10, 16, , , 1
2016/6/2, 4, 14, , , 1
2016/6/3, 8, 10, , , 1
2016/6/4, 22, 9, , 1, 1
2016/6/5, 11, 10, , , 1
2016/6/6, 8, 9, , 6, 1
2016/6/7, 17, 11, , 3, 
2016/6/8, 28, 9, , 1, 1
2016/6/9, 39, 11, , 1, 5
2016/6/10, 74, 9, , 1, 
2016/6/11, 25, 7, , 5, 
2016/6/12, 30, 11, , 2, 2
2016/6/13, 31, 10, , 2, 2
2016/6/14, 39, 2, , 3, 2
2016/6/15, 50, 6, , 1, 2
2016/6/16, 50, 5, , 2, 5
2016/6/17, 52, 9, , , 
2016/6/18, 49, 9, , 2, 1
2016/6/19, 24, 11, , 1, 4
2016/6/20, 28, 15, , , 3
2016/6/21, 13, 14, , 1, 2
2016/6/22, 30, 13, , 1, 1
2016/6/23, 41, 13, , 2, 2
2016/6/24, 46, 7, , 2, 5
2016/6/25, 61, 14, , 1, 2
2016/6/26, 42, 17, , 1, 5
2016/6/27, 54, 7, , 1, 2
2016/6/28, 29, 3, , , 2
2016/6/29, 16, 10, , 2, 2
2016/6/30, 11, 14, , 5, 3
2016/7/1, 27, 12, , , 2
2016/1/5, 19, 17, , , 1
2016/1/6, 23, 20, , , 1
2016/1/7, 26, 13, , 4, 1
2016/1/8, 51, 21, , 4, 2
2016/1/9, 76, 13, , , 3
2016/1/10, 63, 21, , , 3
2016/1/11, 28, 20, , , 3
2016/1/12, 34, 10, , , 3
2016/1/13, 57, 13, , , 2
2016/1/14, 86, 22, , , 2
2016/1/15, 50, 12, , , 3
2016/1/16, 85, 22, , , 3
2016/1/17, 64, 13, , , 2
2016/1/18, 19, 15, , , 2
2016/1/19, 23, 25, , , 3
2016/1/20, 49, 27, , , 3
2016/1/21, 63, 28, , , 3
2016/1/22, 57, 21, , , 3
2016/1/23, 40, 17, , , 2
2016/1/24, 34, 14, , , 3
2016/1/25, 37, 10, , , 2
2016/1/26, 35, 15, , , 2
2016/1/27, 60, , , , 
2016/1/29, 25, 23, , , 2
2016/1/30, 27, 15, , , 1
2016/1/31, 41, 7, , , 15
2016/2/2, 29, 26, , , 14
2016/2/3, 40, 26, , , 2
2016/2/4, 56, 22, , , 2
2016/2/5, 56, 18, , , 2
2016/2/6, 27, 15, , , 2
2016/2/7, 16, 20, , , 2
2016/2/8, 9, 20, , , 2
2016/2/9, 14, 17, , , 1
2016/2/10, 16, 19, , , 1
2016/2/11, 22, 22, , , 2
2016/2/12, 37, 17, , , 1
2016/2/13, 37, 12, , , 
2016/2/14, 58, 13, , , 
2016/2/15, 43, 17, , 1, 
2016/2/16, 41, 20, , , 1
2016/2/17, 57, 15, , , 1
2016/2/18, 65, 19, , , 2
2016/2/21, 30, 20, , , 
2016/2/22, 34, 30, , , 1
2016/2/23, 30, 30, , , 2
2016/2/26, 45, 29, , , 
2016/2/27, 38, 29, , , 
2016/2/28, 35, 29, , 1, 
2016/2/29, 22, 29, , , 
2016/3/1, 17, 15, , , 
2016/3/2, 54, 15, , 1, 1
2016/3/3, 60, 20, , , 1
2016/3/4, 65, 13, , , 
2016/3/5, 46, 12, , , 
2016/3/6, 19, 18, , , 
2016/3/7, 23, 13, , , 
2016/3/8, 30, 17, , , 
2016/3/9, 47, 12, , , 
2016/3/10, 56, 15, , , 
2016/3/11, 43, 12, , , 1
2016/3/13, 61, 21, , , 1
2016/3/14, 53, 17, , , 1
2016/3/15, 69, 17, , , 1
2016/3/20, 28, 3, , , 
2016/3/21, 23, 3, , , 
2016/3/22, 28, 2, , , 1
2016/3/24, 55, 2, , , 1
2016/3/25, 125, 2, , , 
2016/3/26, 33, 2, , , 1
2016/3/27, 30, 2, , , 2
2016/3/28, 40, 1, , , 2
2016/3/29, 45, 1, , , 1
2016/3/30, 55, 3, , , 2
2016/3/31, 81, 2, , , 2
2016/4/1, 91, 1, , , 1
2015/10/2, 44, 21, , 1, 
2015/10/3, 16, 18, , 1, 
2015/10/4, 19, 19, , 1, 
2015/10/5, 14, 11, , 1, 1
2015/10/6, 23, 14, , 1, 2
2015/10/7, 24, 19, , 2, 1
2015/10/8, 36, 19, , 2, 1
2015/10/9, 29, 11, , 3, 1
2015/10/10, 30, , , 3, 
2015/10/11, 31, , , 1, 
2015/10/12, 16, , , 1, 
2015/10/13, 20, 22, , , 1
2015/10/14, 50, 18, , 1, 1
2015/10/15, 52, 14, , 1, 1
2015/10/16, 16, 16, , 1, 1
2015/10/17, 13, 19, , 1, 2
2015/10/18, 21, 25, , 1, 1
2015/10/19, 39, 23, , 1, 2
2015/10/20, 56, 19, , 1, 2
2015/10/21, 46, 22, , 1, 2
2015/10/22, 44, 14, , 1, 2
2015/10/23, 40, 19, , 1, 1
2015/10/24, 46, 15, , 1, 1
2015/10/25, 37, 17, , , 1
2015/10/26, 13, 20, , , 2
2015/10/27, 14, 21, , 1, 2
2015/10/28, 30, 20, , , 3
2015/10/29, 44, 18, , , 2
2015/10/30, 19, 14, , 1, 1
2015/10/31, 22, 21, , 1, 2
2015/11/1, 18, 23, , 1, 2
2015/11/2, 28, 24, , 1, 2
2015/11/3, 43, 19, , 1, 2
2015/11/4, 62, 21, , 2, 2
2015/11/5, 65, 24, , 3, 3
2015/11/6, 48, 25, , 1, 3
2015/11/7, 59, 29, , 2, 2
2015/11/8, 48, 29, , 1, 2
2015/11/9, 51, 29, , 1, 2
2015/11/10, 32, 18, , 1, 2
2015/11/11, 26, 22, , 1, 3
2015/11/12, 32, 8, , , 1
2015/11/13, 47, 5, , , 1
2015/11/14, 34, 5, , 1, 
2015/11/15, 36, 7, , 1, 1
2015/11/16, 49, 25, , , 1
2015/11/17, 37, 22, , , 3
2015/11/19, 36, 16, , , 1
2015/11/20, 26, 16, , 1, 1
2015/11/21, 28, 18, , 1, 2
2015/11/22, 29, 19, , 1, 23
2015/11/23, 18, 30, , , 20
2015/11/24, 34, 26, , , 1
2015/11/25, 51, 28, , , 1
2015/11/26, 93, 25, , , 1
2015/11/27, 27, 27, , , 1
2015/11/29, 19, 17, , , 1
2015/11/30, 24, 25, , 1, 1
2015/12/1, 28, , , , 
2015/12/2, 58, 18, , , 2
2015/12/3, 30, 24, , , 2
2015/12/4, 33, 27, , , 3
2015/12/5, 41, 15, , , 1
2015/12/6, 26, 20, , , 1
2015/12/7, 21, 28, , , 1
2015/12/8, 32, 24, , , 1
2015/12/9, 22, 17, , , 1
2015/12/10, 29, 10, , , 1
2015/12/11, 36, , , , 
2015/12/13, 68, , , , 
2015/12/17, 196, , , , 2
2015/12/19, 37, 19, , 1, 3
2015/12/21, 50, 24, , , 3
2015/12/22, 57, 16, , , 2
2015/12/23, 42, 17, , , 2
2015/12/24, 45, 24, , 1, 2
2015/12/25, 63, 28, , 1, 2
2015/12/26, 63, 29, , , 2
2015/12/27, 57, 29, , , 2
2015/12/28, 43, 22, , , 3
2015/12/29, 46, 13, , , 3
2015/12/31, 63, , , , 
2016/1/4, 19, 25, , , 2
2015/7/2, 44, 5, , 5, 1
2015/7/3, 35, 7, , 1, 
2015/7/4, 21, 9, , 1, 2
2015/7/5, 32, 10, , 1, 
2015/7/6, 33, 10, , 5, 1
2015/7/7, 37, 8, , 12, 1
2015/7/8, 53, 11, , 5, 1
2015/7/9, 73, 10, , 3, 1
2015/7/10, 72, 7, , 6, 1
2015/7/11, 26, 6, , 4, 2
2015/7/12, 31, 7, , 1, 2
2015/7/13, 15, 9, , 1, 2
2015/7/14, 12, 11, , 3, 1
2015/7/15, 21, 9, , 2, 1
2015/7/16, 26, 4, , 7, 5
2015/7/17, 44, 25, , 3, 4
2015/7/18, 65, 20, , 1, 3
2015/7/19, 60, 21, , 4, 2
2015/7/20, 23, 19, , 5, 3
2015/7/21, 19, 20, , 5, 2
2015/7/22, 41, 15, , 8, 3
2015/7/23, 52, 18, , 6, 3
2015/7/24, 45, 24, , 9, 3
2015/7/25, 48, 26, , , 3
2015/7/26, 77, 21, , , 3
2015/7/27, 55, 20, , , 3
2015/7/28, 40, 18, , , 4
2015/7/29, 51, 20, , 7, 4
2015/7/30, 56, 20, , 2, 4
2015/7/31, 52, 16, , 1, 3
2015/8/1, 44, 22, , , 3
2015/8/2, 31, 23, , 1, 3
2015/8/3, 25, 23, , 9, 2
2015/8/4, 21, 4, , 2, 7
2015/8/5, 61, 14, , 1, 2
2015/8/6, 51, 9, , , 2
2015/8/7, 28, 12, , 1, 1
2015/8/8, 18, 23, , 1, 
2015/8/9, 22, 22, , , 
2015/8/10, 10, 14, , , 1
2015/8/11, 14, 21, , 1, 1
2015/8/12, 24, 21, , 1, 2
2015/8/13, 42, 22, , 1, 1
2015/8/14, 28, 20, , 1, 1
2015/8/15, 24, 23, , 9, 1
2015/8/16, 25, 22, , 9, 1
2015/8/17, 24, 23, , 6, 1
2015/8/18, 18, 21, , 9, 1
2015/8/19, 24, 19, , 3, 1
2015/8/20, 24, 18, , 1, 1
2015/8/21, 27, 15, , , 1
2015/8/22, 51, 17, , , 1
2015/8/23, 51, 23, , , 1
2015/8/24, 10, 17, , , 1
2015/8/25, 22, 20, , , 2
2015/8/26, 57, 23, , 2, 2
2015/8/27, 49, 18, , 2, 1
2015/8/28, 24, 18, , 3, 2
2015/8/29, 38, 22, , 7, 2
2015/8/30, 50, 23, , 5, 1
2015/8/31, 13, 23, , 2, 2
2015/9/1, 38, 19, , 1, 1
2015/9/2, 50, 19, , , 2
2015/9/3, 46, 20, , 11, 3
2015/9/5, 53, 26, , 2, 3
2015/9/6, 53, 26, , 1, 2
2015/9/7, 86, 22, , 1, 2
2015/9/8, 70, 22, , 2, 2
2015/9/9, 33, 22, , 1, 1
2015/9/10, 27, 20, , 4, 2
2015/9/11, 29, 22, , 2, 1
2015/9/27, 13, 23, , 4, 
2015/9/28, 15, 20, , 6, 
2015/9/29, 41, 17, , 2, 
2015/9/30, 42, 21, , , 
2015/10/1, 40, 19, , , 1
2015/4/2, 47, 18, , 3, 1
2015/4/3, 69, 20, , 3, 
2015/4/4, 50, 19, , 1, 
2015/4/5, 35, 20, , 1, 
2015/4/6, 17, 18, , 1, 
2015/4/7, 26, 15, , 4, 
2015/4/8, 42, 18, , , 1
2015/4/9, 37, 18, , , 1
2015/4/12, 33, 23, , , 
2015/4/13, 34, 23, , , 
2015/4/14, 44, 19, , , 
2015/4/15, 43, 12, , , 
2015/4/16, 28, 12, , , 
2015/4/17, 10, 14, , , 
2015/4/18, 11, 19, , , 
2015/4/19, 13, 19, , , 
2015/4/20, 20, 14, , 4, 
2015/4/21, 18, 16, , 2, 
2015/4/22, 26, 17, , 1, 
2015/4/23, 38, 19, , 1, 
2015/4/24, 45, 17, , 1, 
2015/4/25, 147, 16, , 1, 2
2015/4/26, 647, 18, , , 
2015/4/27, 112, 17, , , 
2015/4/28, 49, 12, , , 
2015/4/29, 16, 14, , , 
2015/5/1, 32, 7, , , 1
2015/5/2, 34, 17, , , 
2015/5/3, 13, 16, , , 
2015/5/4, 5, 13, , 1, 
2015/5/5, 62, 18, , , 1
2015/5/6, 69, 14, , , 
2015/5/7, 22, 16, , , 
2015/5/8, 31, 19, , , 
2015/5/9, 48, 20, , , 
2015/5/10, 50, 18, , , 
2015/5/11, 41, 12, , 1, 3
2015/5/12, 52, 14, , 1, 1
2015/5/13, 54, 15, , , 
2015/5/14, 47, 14, , , 2
2015/5/15, 43, 16, , 1, 2
2015/5/16, 52, 17, , 1, 2
2015/5/17, 51, 14, , , 2
2015/5/18, 40, 9, , , 3
2015/5/19, 27, 13, , , 4
2015/5/20, 49, 18, , , 2
2015/5/21, 46, 13, , , 2
2015/5/22, 48, 13, , 1, 2
2015/5/23, 42, 19, , 1, 1
2015/5/24, 54, 20, , 1, 
2015/5/25, 12, 20, , 4, 
2015/5/26, 13, 11, , 3, 3
2015/5/27, 22, 17, , 1, 5
2015/5/28, 49, 18, , 1, 3
2015/5/29, 35, 17, , 1, 3
2015/5/30, 50, 13, , 2, 3
2015/5/31, 38, 20, , 3, 3
2015/6/1, 41, 15, , 3, 3
2015/6/2, 20, 13, , 2, 4
2015/6/3, 35, 11, , , 
2015/6/4, 40, 17, , 2, 5
2015/6/5, 63, 17, , 1, 5
2015/6/6, 54, 16, , 7, 5
2015/6/7, 29, 18, , 5, 4
2015/6/8, 11, 10, , 4, 5
2015/6/9, 23, 19, , 4, 
2015/6/10, 31, 19, , 3, 
2015/6/11, 19, 19, , 4, 9
2015/6/12, 30, 16, , 6, 8
2015/6/13, 31, 16, , 6, 9
2015/6/14, 42, 19, , 9, 8
2015/6/15, 23, 19, , 9, 8
2015/6/16, 33, 20, , 14, 9
2015/6/17, 51, 19, , 4, 9
2015/6/18, 32, 20, , 1, 9
2015/6/19, 51, 16, , , 1
2015/6/20, 88, 16, , , 1
2015/6/21, 110, 17, , , 1
2015/6/22, 22, 17, , , 1
2015/6/23, 11, 15, , , 3
2015/6/24, 37, 16, , 1, 3
2015/6/25, 67, 14, , 2, 3
2015/6/26, 73, 11, , 11, 3
2015/6/27, 28, 8, , 6, 3
2015/6/28, 35, 12, , 2, 2
2015/6/29, 12, 10, , 9, 2
2015/6/30, 24, 9, , 13, 5
2015/7/1, 43, 7, , , 3
2015/1/2, 36, 15, , , 
2015/1/3, 23, 18, , , 
2015/1/4, 37, 19, , , 
2015/1/5, 36, 28, , , 1
2015/1/6, 75, 21, , , 1
2015/1/7, 46, 20, , , 
2015/1/8, 31, 29, , , 
2015/1/9, 41, 22, , 2, 1
2015/1/10, 34, 25, , , 
2015/1/11, 36, 36, , , 
2015/1/12, 35, 18, , , 
2015/1/13, 43, 26, , , 
2015/1/14, 53, 15, , , 
2015/1/15, 73, 23, , , 
2015/1/16, 79, 21, , , 
2015/1/17, 57, 18, , , 
2015/1/18, 30, 26, , , 
2015/1/19, 51, 15, , , 1
2015/1/20, 46, 24, , , 1
2015/1/21, 22, 22, , , 2
2015/1/22, 36, 22, , , 2
2015/1/23, 50, 26, , , 2
2015/1/24, 39, 24, , , 2
2015/1/25, 31, 17, , , 2
2015/1/26, 21, 15, , , 2
2015/1/27, 23, 17, , , 3
2015/1/28, 23, 15, , , 2
2015/1/30, 36, 23, , , 1
2015/1/31, 40, 24, , , 1
2015/2/1, 50, 25, , , 1
2015/2/2, 50, 20, , , 1
2015/2/3, 43, 30, , , 1
2015/2/4, 45, 21, , , 2
2015/2/5, 35, 29, , , 1
2015/2/6, 21, 20, , , 2
2015/2/7, 30, 32, , , 1
2015/2/8, 24, 23, , , 2
2015/2/9, 24, 16, , , 2
2015/2/10, 23, 16, , , 2
2015/2/11, 39, 16, , , 2
2015/2/12, 51, 13, , , 2
2015/2/13, 61, 15, , , 2
2015/2/14, 57, 25, , , 1
2015/2/15, 36, 23, , , 1
2015/2/16, 41, 21, , , 1
2015/2/17, 35, 19, , , 2
2015/2/18, 25, 20, , , 1
2015/2/19, 18, 15, , , 1
2015/2/20, 20, 18, , , 1
2015/2/21, 28, 21, , , 1
2015/2/22, 37, 25, , , 1
2015/2/23, 38, 25, , , 2
2015/2/24, 36, 23, , , 2
2015/2/25, 51, 17, , , 1
2015/2/26, 55, 20, , , 2
2015/2/27, 39, 14, , , 2
2015/2/28, 43, 23, , , 1
2015/3/1, 54, 23, , , 2
2015/3/2, 48, 26, , , 2
2015/3/3, 25, 16, , , 3
2015/3/4, 54, 19, , , 2
2015/3/5, 25, 26, , , 2
2015/3/6, 49, 27, , , 3
2015/3/7, 53, 22, , 1, 2
2015/3/8, 56, 16, , , 2
2015/3/9, 50, 17, , , 2
2015/3/10, 42, 22, , , 3
2015/3/11, 28, 22, , , 3
2015/3/12, 51, 20, , , 4
2015/3/13, 59, 18, , , 3
2015/3/14, 44, 18, , , 2
2015/3/15, 25, 22, , , 3
2015/3/16, 20, 23, , , 3
2015/3/17, 32, 20, , , 3
2015/3/18, 48, 25, , , 3
2015/3/19, 47, 28, , , 3
2015/3/20, 45, 19, , , 3
2015/3/21, 35, 15, , , 2
2015/3/22, 27, 21, , , 3
2015/3/23, 29, 19, , , 3
2015/3/24, 27, 16, , , 3
2015/3/25, 26, 15, , , 3
2015/3/26, 11, 17, , , 2
2015/3/27, 37, 19, , 1, 2
2015/3/28, 46, 15, , , 3
2015/3/29, 53, 20, , , 3
2015/3/31, 25, 20, , , 
2015/4/1, 24, 22, , , 
2014/11/20, 48, 17, , , 1
2014/11/21, 39, 20, , , 1
2014/11/22, 27, 25, , , 2
2014/11/23, 37, 23, , , 1
2014/11/24, 38, 16, , 1, 1
2014/11/25, 21, 20, , , 2
2014/11/26, 26, 21, , 1, 2
2014/11/27, 49, 31, , , 2
2014/11/28, 58, 30, , , 3
2014/11/29, 54, 24, , , 
2014/11/30, 44, 18, , , 
2014/12/1, 11, 20, , 4, 2
2014/12/2, 20, 27, , 1, 2
2014/12/3, 34, 25, , 1, 2
2014/12/4, 45, 29, , , 3
2014/12/5, 57, 32, , , 3
2014/12/6, 132, 30, , , 3
2014/12/7, 105, 19, , , 3
2014/12/8, 34, 18, , , 3
2014/12/9, 46, 29, , , 4
2014/12/10, 66, 17, , , 3
2014/12/11, 34, 23, , , 3
2014/12/12, 49, 27, , , 3
2014/12/13, 66, 17, , , 3
2014/12/14, 43, 26, , , 4
2014/12/15, 40, 19, , , 4
2014/12/16, 47, 68, , , 4
2014/12/17, 45, 24, , , 4
2014/12/18, 30, 23, , , 5
2014/12/19, 42, 18, , , 
2014/12/20, 71, 17, , , 
2014/12/21, 77, 21, , , 
2014/12/22, 43, 15, , , 
2014/12/23, 23, 24, , 1, 
2014/12/24, 62, 25, , 2, 
2014/12/25, 98, 30, , , 
2014/12/26, 60, 27, , , 
2014/12/27, 47, 34, , , 
2014/12/28, 34, 34, , , 
2014/12/29, 34, , , , 
2021/1/4, , 13, 13, 8, 
2021/1/9, , 30, 13, 2, 
2021/1/10, , 31, 13, 30, 
2021/1/11, , 8, 13, 37, 
2021/1/12, , 12, 13, 34, 
2021/1/13, , 18, 13, , 
2021/1/14, , 17, 13, , 
2020/10/26, , 15, 13, 1, 
2020/12/19, , 11, 13, 1, 
2020/8/29, , 18, 13, 1, 
2020/9/1, , 14, 13, 1, 
2020/9/22, , 21, 13, 1, 
2020/4/1, , 11, 13, , 
2020/1/1, , 12, , , 
2020/3/4, , 25, 13, , 
2020/3/6, , 25, 13, , 
2020/3/26, , 14, , , 
2019/10/31, , 21, 13, , 
2019/8/28, , 32, , , 
2019/5/11, , 13, 13, , 
2019/6/18, , 14, 13, , 
2019/6/19, , 13, 13, , 
2019/1/1, , 18, , , 
2019/1/6, , 24, , , 
2019/1/8, , 14, , , 
2018/4/18, , 14, , , 
2018/5/23, , 10, , , 1
2018/2/4, , 31, , , 2
2018/2/7, , 16, , , 2
2018/2/12, , 15, , , 
2018/2/15, , 24, , , 1
2018/2/21, , 14, , , 
2017/10/1, , 18, , , 2
2017/10/14, , 16, , , 2
2017/10/26, , 14, , , 4
2017/11/23, , 13, , , 
2017/11/25, , 16, , 1, 
2017/12/31, , 17, , , 1
2017/7/16, , 17, , 1, 
2017/9/10, , 16, , , 2
2017/9/12, , 15, , , 3
2017/4/2, , 15, , , 
2017/4/3, , 15, , , 
2017/4/4, , 11, , 2, 
2017/4/5, , 13, , 2, 
2017/4/6, , 12, , 1, 
2017/4/7, , 12, , 1, 
2017/4/8, , 15, , 1, 
2017/4/9, , 12, , 1, 
2017/4/10, , 15, , 1, 
2017/4/11, , 11, , , 
2017/4/21, , 7, , 1, 
2017/4/22, , 10, , 1, 
2017/4/23, , 13, , 1, 
2017/4/24, , 5, , 1, 1
2017/4/25, , 9, , 1, 1
2017/4/26, , 1, , 1, 2
2017/4/28, , 10, , 4, 
2017/4/29, , 10, , 3, 
2017/4/30, , 2, , 1, 
2017/5/2, , 16, , 1, 
2017/5/3, , 17, , 1, 
2017/5/4, , 12, , 1, 
2017/5/5, , 15, , 1, 
2017/5/6, , 11, , 1, 1
2017/5/7, , 15, , , 
2017/5/8, , 11, , , 
2017/5/9, , 10, , , 
2017/5/10, , 9, , , 
2017/5/11, , 16, , 1, 4
2017/5/12, , 8, , 1, 2
2017/5/13, , 8, , 1, 2
2017/5/14, , 9, , 1, 1
2017/5/15, , 13, , 1, 1
2017/5/16, , 12, , 1, 1
2017/5/17, , 12, , 1, 
2017/5/18, , 13, , 1, 1
2017/5/19, , 11, , 1, 1
2017/5/20, , 13, , , 1
2017/5/21, , 10, , , 1
2017/5/22, , 11, , , 2
2017/5/23, , 9, , 1, 1
2017/5/24, , 11, , 1, 8
2017/5/25, , 10, , 4, 6
2017/5/26, , 6, , 4, 4
2017/5/27, , 19, , 2, 1
2017/5/28, , 15, , 1, 2
2017/5/29, , 16, , 1, 2
2017/5/30, , 11, , 1, 3
2017/5/31, , 9, , 1, 6
2017/6/1, , 13, , 1, 3
2017/6/2, , 12, , 1, 2
2017/6/3, , 10, , , 4
2017/6/4, , 17, , , 1
2017/6/5, , 18, , , 
2017/6/6, , 12, , 2, 1
2017/6/7, , 14, , 8, 2
2017/6/8, , 7, , 8, 2
2017/6/10, , 14, , 3, 3
2017/6/11, , 14, , 2, 2
2017/6/12, , 17, , 1, 3
2017/1/31, , 14, , , 1
2017/2/1, , 13, , , 1
2017/2/2, , 18, , , 2
2017/2/7, , 17, , , 2
2017/2/19, , 24, , 1, 1
2017/2/24, , 19, , , 26
2017/2/28, , 14, , , 27
2017/3/1, , 14, , , 26
2017/3/2, , 14, , , 26
2017/3/3, , 10, , , 
2017/3/5, , 17, , , 
2017/3/6, , 13, , , 
2017/3/7, , 14, , , 
2017/3/8, , 12, , , 
2017/3/9, , 13, , , 
2017/3/10, , 12, , , 
2017/3/11, , 13, , 1, 
2017/3/12, , 14, , 1, 
2017/3/13, , 12, , 1, 
2017/3/14, , 15, , , 
2017/3/15, , 15, , , 
2017/3/16, , 12, , 1, 
2017/3/17, , 13, , 1, 
2017/3/18, , 20, , 1, 
2017/3/19, , 20, , , 
2017/3/20, , 15, , , 
2017/3/21, , 15, , , 
2017/3/22, , 20, , 1, 
2017/3/23, , 17, , , 
2017/3/24, , 20, , , 
2017/3/25, , 21, , , 
2017/3/26, , 14, , , 
2017/3/27, , 19, , , 
2017/3/28, , 10, , , 
2017/3/29, , 10, , , 
2017/3/30, , 11, , , 
2017/3/31, , 12, , , 
2016/10/3, , 20, , 4, 2
2016/10/28, , 18, , 1, 
2016/11/3, , 16, , 1, 
2016/7/31, , 11, , , 
2016/4/6, , 11, , 3, 1
2016/5/14, , 7, , 1, 4
2016/5/15, , 17, , 1, 3
2016/5/16, , 15, , 1, 1
2016/5/17, , 16, , 1, 1
2016/5/18, , 10, , 1, 1
2016/1/28, , 14, , , 2
2016/2/1, , 16, , , 14
2016/2/19, , 15, , , 1
2016/2/20, , 17, , , 
2016/2/24, , 29, , , 2
2016/2/25, , 29, , , 1
2016/3/12, , 15, , , 1
2016/3/16, , 20, , , 2
2016/3/17, , 19, , , 2
2016/3/18, , 1, , , 
2016/3/19, , 1, , , 
2016/3/23, , 3, , , 1
2015/11/18, , 13, , , 1
2015/11/28, , 15, , , 1
2015/12/12, , 20, , 1, 
2015/12/16, , 23, , , 2
2015/12/18, , 12, , , 2
2015/12/20, , 31, , , 2
2015/12/30, , 13, , , 2
2016/1/3, , 15, , , 2
2015/9/4, , 20, , 4, 3
2015/9/12, , 21, , 1, 4
2015/9/13, , 22, , 2, 3
2015/9/14, , 24, , 3, 3
2015/9/15, , 20, , 5, 3
2015/9/16, , 22, , 2, 2
2015/9/17, , 19, , 5, 3
2015/9/18, , 22, , 3, 4
2015/9/19, , 24, , 5, 3
2015/9/20, , 18, , 3, 3
2015/9/21, , 15, , 1, 3
2015/9/22, , 18, , 1, 
2015/9/23, , 17, , , 
2015/9/24, , 20, , 1, 
2015/9/25, , 19, , 1, 
2015/9/26, , 15, , 1, 
2015/4/10, , 16, , , 
2015/4/11, , 24, , , 
2015/4/30, , 12, , , 
2015/1/1, , 15, , , 
2015/1/29, , 16, , , 2
2015/3/30, , 20, , , 4
2014/11/19, , 18, , , 1
2019/10/12, , , 13, , 
2019/8/25, , , 13, , 
2019/8/26, , , 13, 1, 
2017/4/27, , , , 1, 