date, pm25, pm10, o3, so2, co
2021/5/2, 45, 16, 18, 2, 
2021/5/3, 47, 16, 9, 3, 
2021/5/4, 47, 8, 11, , 
2021/5/5, 29, 11, 13, , 
2021/5/6, 37, 15, 11, , 
2021/5/7, 48, 35, 14, 1, 
2021/5/8, 96, 14, 19, 3, 
2021/5/9, 43, 4, 13, , 
2021/5/10, 19, 21, 10, , 
2021/5/11, 62, 19, 12, , 
2021/5/12, 58, 37, 10, 4, 
2021/5/13, 95, 23, 9, 4, 
2021/5/14, 67, 27, 16, 5, 
2021/5/15, 79, 50, 12, 4, 
2021/5/16, 115, 15, 15, 2, 
2021/5/17, 47, 30, 11, 1, 
2021/5/18, 82, 6, 17, 1, 
2021/5/19, 21, 8, 16, , 
2021/5/20, 29, 7, 15, , 
2021/5/21, 24, 8, 14, , 
2021/5/22, 29, , , , 
2021/4/2, 24, 7, 14, , 
2021/4/3, 27, 7, 16, , 
2021/4/4, 26, 6, 15, , 
2021/4/5, 19, 11, 15, , 
2021/4/6, 34, 14, 16, , 
2021/4/7, 43, 13, 15, , 
2021/4/8, 34, 13, 13, , 
2021/4/9, 35, 8, 9, , 
2021/4/10, 27, 6, 14, , 
2021/4/11, 25, 1, 12, , 
2021/4/12, 48, 28, 17, , 
2021/4/13, 30, 23, 19, , 
2021/4/14, 9, 12, 16, , 
2021/4/17, 72, 52, 23, , 
2021/4/18, 15, 8, 14, , 
2021/4/19, 30, 10, 14, , 
2021/4/20, 26, 8, 14, , 
2021/4/21, 80, 12, 13, , 
2021/4/22, 40, 9, 12, , 
2021/4/23, 31, 7, 15, , 
2021/4/24, 23, 6, 11, , 
2021/4/25, 20, 7, 13, , 
2021/4/26, 25, 12, 14, , 
2021/4/27, 42, 26, 13, , 
2021/4/28, 72, 14, 17, , 
2021/4/29, 43, 18, 13, , 
2021/4/30, 52, 8, 16, , 
2021/5/1, 28, 15, 19, 1, 
2021/3/2, 32, 10, 14, , 
2021/3/3, 31, 12, 11, , 
2021/3/4, 36, 8, 11, , 
2021/3/5, 27, 18, 13, , 
2021/3/6, 52, 12, 6, , 
2021/3/7, 38, 13, 22, , 
2021/3/8, 36, 35, 33, , 
2021/3/9, 80, 43, 16, , 
2021/3/10, 102, 34, 18, , 
2021/3/11, 80, 32, 27, , 
2021/3/12, 75, 29, 23, , 
2021/3/13, 74, 15, 15, , 
2021/3/14, 48, 11, 17, , 
2021/3/15, 34, 14, 14, , 
2021/3/16, 42, 11, 12, , 
2021/3/17, 29, 8, 9, , 
2021/3/18, 22, 15, 17, , 
2021/3/19, 46, 29, 17, , 
2021/3/20, 71, 6, 11, , 
2021/3/21, 19, 16, 16, , 
2021/3/22, 54, 23, 13, , 
2021/3/23, 68, 21, 22, , 
2021/3/24, 62, 9, 14, , 
2021/3/25, 22, 3, 13, , 
2021/3/26, 13, 8, 15, , 
2021/3/27, 25, , 11, , 
2021/3/31, 42, 14, 14, , 
2021/4/1, 46, 6, 14, , 
2021/2/2, 16, 9, 3, , 
2021/2/3, 30, 9, 4, , 
2021/2/4, 27, 11, 8, , 
2021/2/5, 31, 16, 7, , 
2021/2/6, 47, 21, 20, 1, 
2021/2/7, 58, 12, 6, , 
2021/2/8, 36, 10, 5, , 
2021/2/9, 31, 9, 5, , 
2021/2/10, 28, 7, 3, , 
2021/2/11, 23, 7, 3, , 
2021/2/12, 23, 5, 6, 2, 
2021/2/13, 14, 5, 5, , 
2021/2/14, 17, 5, 11, 27, 
2021/2/15, 15, 9, 7, , 
2021/2/16, 25, , , , 
2021/2/18, 21, 22, 11, 2, 
2021/2/19, 61, 39, 8, , 
2021/2/20, 91, 27, 17, , 
2021/2/21, 67, 14, 8, 1, 
2021/2/22, 41, 9, 5, 4, 
2021/2/23, 28, 51, 16, 19, 
2021/2/24, 74, 19, 28, , 
2021/2/25, 50, 36, 47, , 
2021/2/26, 89, 29, 22, , 
2021/2/27, 70, 13, 13, , 
2021/2/28, 37, 8, 10, , 
2021/3/1, 21, 11, 9, , 
2021/1/5, 31, 20, 3, , 
2021/1/6, 54, 8, 3, , 
2021/1/7, 23, 11, 6, 1, 
2021/1/8, 27, 19, 6, , 
2021/1/9, 50, 11, 2, , 
2021/1/10, 31, 14, 2, , 
2021/1/11, 37, 9, 4, 5, 
2021/1/12, 25, 9, 4, , 
2021/1/13, 27, 16, 7, , 
2021/1/14, 40, 12, 7, , 
2021/1/15, 35, 9, 3, , 
2021/1/16, 26, 14, 9, , 
2021/1/17, 39, 6, 8, , 
2021/1/18, 15, 27, 8, 4, 
2021/1/19, 66, 10, 9, 2, 
2021/1/20, 28, 11, 10, 3, 
2021/1/21, 31, 13, 8, , 
2021/1/22, 38, 15, 5, , 
2021/1/23, 42, 9, 4, , 
2021/1/24, 25, 7, 4, 2, 
2021/1/25, 23, 8, 5, , 
2021/1/26, 23, 20, 8, , 
2021/1/27, 54, 21, 8, , 
2021/1/28, 58, 14, 9, , 
2021/1/29, 39, 6, 4, , 
2021/1/30, 20, 14, 3, , 
2021/1/31, 40, 8, 4, 1, 
2021/2/1, 23, 4, 4, , 
2020/10/2, 60, 20, 13, , 
2020/10/3, 57, , , , 
2020/10/6, 14, 11, 10, 2, 
2020/10/7, 36, 19, 15, , 
2020/10/8, 53, 10, 9, , 
2020/10/9, 33, 29, 15, , 
2020/10/10, 72, , , , 
2020/10/14, 22, 21, 16, , 
2020/10/15, 54, 18, 13, , 
2020/10/16, 49, 10, 11, , 
2020/10/17, 30, 9, 8, , 
2020/10/18, 26, 11, 11, , 
2020/10/19, 26, 12, 14, 1, 
2020/10/20, 29, 5, 12, , 
2020/10/21, 16, 13, 12, , 
2020/10/22, 39, 4, 6, , 
2020/10/23, 13, 34, 22, 46, 
2020/10/24, 79, , , , 
2020/10/27, 7, 10, 7, 1, 
2020/10/28, 31, 19, 9, , 
2020/10/29, 48, 11, 11, , 
2020/10/30, 32, 15, 9, , 
2020/10/31, 41, 14, 9, , 
2020/11/1, 39, 10, 10, , 
2020/11/2, 25, 6, 12, , 
2020/11/3, 18, 9, 9, 1, 
2020/11/4, 27, 9, 7, 1, 
2020/11/5, 23, 19, 9, , 
2020/11/6, 47, 14, 10, , 
2020/11/7, 38, 10, 8, , 
2020/11/8, 30, 7, 9, , 
2020/11/9, 19, 11, 10, , 
2020/11/10, 31, 6, 10, , 
2020/11/11, 17, 13, 11, , 
2020/11/12, 34, 14, 9, , 
2020/11/13, 36, 12, 10, , 
2020/11/14, 35, 17, 12, , 
2020/11/15, 45, 16, 16, , 
2020/11/16, 37, 26, 13, 3, 
2020/11/17, 64, 9, 10, 11, 
2020/11/18, 25, 18, 12, 4, 
2020/11/19, 46, 12, 8, , 
2020/11/20, 35, 12, 7, , 
2020/11/21, 35, 10, , 1, 
2020/11/22, 27, 11, , , 
2020/11/23, 30, 12, , 1, 
2020/11/24, 31, 31, , , 
2020/11/25, 66, 12, 3, 20, 
2020/11/26, 33, 29, 11, 3, 
2020/11/27, 62, 24, 8, 2, 
2020/11/28, 58, 17, 7, 1, 
2020/11/29, 37, 17, 17, 1, 
2020/11/30, 39, 21, 8, 1, 
2020/12/1, 54, 25, 4, 4, 
2020/12/2, 57, 10, 7, 1, 
2020/12/3, 28, 13, 13, 1, 
2020/12/4, 36, 21, 9, , 
2020/12/5, 54, 14, 6, , 
2020/12/6, 42, 7, 7, , 
2020/12/7, 22, 10, 8, , 
2020/12/8, 26, 4, 7, , 
2020/12/9, 13, 14, 11, 28, 
2020/12/10, 38, 17, 6, 1, 
2020/12/11, 44, 23, 10, , 
2020/12/12, 54, 28, 11, , 
2020/12/13, 63, 9, 9, , 
2020/12/14, 25, 10, 13, , 
2020/12/15, 24, 18, 6, , 
2020/12/16, 46, 12, 8, , 
2020/12/17, 35, 11, 8, , 
2020/12/18, 33, 12, 10, , 
2020/12/19, 33, 28, 7, , 
2020/12/20, 61, 17, 10, , 
2020/12/21, 43, 20, 10, , 
2020/12/22, 54, 13, 12, 3, 
2020/12/23, 34, 10, 12, , 
2020/12/24, 28, 9, 8, , 
2020/12/25, 27, 11, 4, , 
2020/12/26, 29, 12, 4, , 
2020/12/27, 33, 12, 3, , 
2020/12/28, 31, 11, 3, , 
2020/12/29, 32, 14, 5, , 
2020/12/30, 38, 15, 7, , 
2020/12/31, 39, 20, 7, , 
2021/1/1, 54, 21, 15, , 
2021/1/2, 55, 13, 9, , 
2021/1/3, 40, 8, 6, , 
2021/1/4, 23, 11, 4, , 
2020/7/2, 21, 12, 3, 1, 
2020/7/3, 38, 11, 8, 4, 
2020/7/4, 33, 8, 5, 2, 
2020/7/5, 23, 10, 12, , 
2020/7/6, 27, 17, 10, , 
2020/7/7, 51, 16, 13, 1, 
2020/7/8, 45, 22, 6, , 
2020/7/9, 59, 14, 8, 7, 
2020/7/10, 42, 11, 8, 5, 
2020/7/11, 33, 9, 7, 3, 
2020/7/12, 28, 9, 10, , 
2020/7/13, 26, 13, 10, , 
2020/7/14, 38, 18, 7, 1, 
2020/7/15, 53, 16, 8, 5, 
2020/7/16, 48, 15, 7, 2, 
2020/7/17, 40, 24, 5, 1, 
2020/7/18, 51, 12, 3, , 
2020/7/19, 36, 16, 4, 1, 
2020/7/20, 41, 28, 3, 1, 
2020/7/21, 67, 16, 3, , 
2020/7/22, 48, 20, 4, , 
2020/7/23, 58, 8, 3, , 
2020/7/24, 23, 3, 5, , 
2020/7/25, 15, 12, 5, , 
2020/7/26, 33, 12, 6, 14, 
2020/7/27, 36, 21, 9, 3, 
2020/7/28, 50, 12, 10, , 
2020/7/29, 36, 24, 9, 2, 
2020/7/30, 61, 10, 9, 5, 
2020/7/31, 30, 11, 6, 5, 
2020/8/1, 32, 6, 6, 2, 
2020/8/2, 13, , , , 
2020/8/4, 50, 13, 8, 7, 
2020/8/5, 39, 29, 13, 1, 
2020/8/6, 67, 19, 11, , 
2020/8/7, 48, 4, 14, , 
2020/8/8, 12, , , , 
2020/8/10, 46, 23, 12, , 
2020/8/11, 59, 20, 8, , 
2020/8/12, 55, 28, 7, 4, 
2020/8/13, 71, 32, 12, 7, 
2020/8/14, 76, 15, 8, 6, 
2020/8/15, 43, 32, 12, , 
2020/8/16, 77, 50, 11, , 
2020/8/17, 112, 18, 7, 6, 
2020/8/18, 48, 41, 15, 2, 
2020/8/19, 92, 17, 12, , 
2020/8/20, 49, 20, 8, 44, 
2020/8/21, 56, 24, 8, 67, 
2020/8/22, 64, 19, 8, , 
2020/8/23, 53, , , , 
2020/8/25, 30, 8, 5, , 
2020/8/26, 26, 10, 5, , 
2020/8/27, 31, 7, 9, , 
2020/8/28, 21, 7, 7, , 
2020/8/29, 22, , , , 
2020/8/31, 24, 17, 9, , 
2020/9/1, 47, 12, 13, , 
2020/9/2, 42, 5, 15, , 
2020/9/3, 17, 3, 14, , 
2020/9/4, 10, 11, 9, , 
2020/9/5, 33, , , , 
2020/9/8, 36, 8, 9, , 
2020/9/9, 25, 12, 6, , 
2020/9/10, 35, 10, 6, , 
2020/9/11, 35, 20, 12, 1, 
2020/9/12, 50, 16, 9, , 
2020/9/13, 43, 14, 10, 1, 
2020/9/14, 40, 13, 11, 2, 
2020/9/15, 38, 4, 9, 1, 
2020/9/16, 13, 17, 10, , 
2020/9/17, 46, 31, 10, 2, 
2020/9/18, 74, 47, 10, 1, 
2020/9/19, 100, 27, 15, , 
2020/9/20, 69, 20, 9, , 
2020/9/21, 57, 19, 10, , 
2020/9/22, 56, 12, 8, , 
2020/9/23, 34, 12, 11, , 
2020/9/24, 34, 13, 14, , 
2020/9/25, 42, 11, 10, , 
2020/9/26, 32, , , , 
2020/9/29, 26, 9, 9, 2, 
2020/9/30, 22, 11, 9, 1, 
2020/10/1, 29, 23, 12, , 
2020/4/2, 19, 7, 11, , 
2020/4/3, 17, 10, 8, , 
2020/4/4, 30, 8, 11, 3, 
2020/4/5, 23, 7, 8, 3, 
2020/4/6, 16, 14, 13, , 
2020/4/7, 33, 13, 13, , 
2020/4/8, 36, 19, 13, , 
2020/4/9, 55, 14, 10, 2, 
2020/4/10, 41, 21, 10, 1, 
2020/4/11, 52, 5, 8, 2, 
2020/4/12, 14, 4, 8, 1, 
2020/4/13, 12, 8, 11, 1, 
2020/4/14, 20, 5, 12, , 
2020/4/15, 13, 7, 12, , 
2020/4/16, 22, 15, 10, , 
2020/4/17, 46, 10, 8, , 
2020/4/18, 34, 5, 9, , 
2020/4/19, 14, 5, 9, 1, 
2020/4/20, 14, 14, 11, 1, 
2020/4/21, 41, 15, 10, , 
2020/4/22, 45, 11, 12, , 
2020/4/23, 36, 14, 9, , 
2020/4/24, 40, 17, 10, 1, 
2020/4/25, 45, 10, 13, 1, 
2020/4/26, 29, 9, 12, 1, 
2020/4/27, 27, 8, 7, 1, 
2020/4/28, 22, 5, 9, 2, 
2020/4/29, 15, 4, 6, , 
2020/4/30, 11, 11, 10, 1, 
2020/5/1, 30, 27, 15, , 
2020/5/2, 65, , , , 
2020/5/4, 136, 5, 6, 15, 
2020/5/5, 15, 7, 11, , 
2020/5/6, 19, , , , 
2020/5/12, 54, 30, 7, 1, 
2020/5/13, 76, 38, 10, 2, 
2020/5/14, 92, 13, 8, 14, 
2020/5/15, 42, 29, 6, 31, 
2020/5/16, 67, 34, 9, 1, 
2020/5/17, 79, 32, 16, 1, 
2020/5/18, 76, 15, 7, 1, 
2020/5/19, 43, 13, 8, 4, 
2020/5/20, 37, 18, 8, 5, 
2020/5/21, 46, 10, 12, 1, 
2020/5/22, 24, 9, 11, , 
2020/5/23, 30, 10, 12, 1, 
2020/5/24, 32, 21, 6, , 
2020/5/25, 56, 14, 11, , 
2020/5/26, 36, 9, 7, 1, 
2020/5/27, 32, 9, 5, 3, 
2020/5/28, 27, 10, 7, 1, 
2020/5/29, 29, 14, 3, 1, 
2020/5/30, 43, 16, 4, , 
2020/5/31, 46, 11, 9, , 
2020/6/1, 31, 12, 7, , 
2020/6/2, 35, 37, 3, 6, 
2020/6/3, 93, 20, 6, 2, 
2020/6/4, 56, 18, 8, , 
2020/6/5, 53, 13, 8, , 
2020/6/6, 40, 5, 13, 1, 
2020/6/7, 14, 6, 8, , 
2020/6/8, 19, 14, 1, , 
2020/6/9, 38, 24, 2, , 
2020/6/10, 59, 11, 5, , 
2020/6/11, 31, 9, 4, , 
2020/6/12, 29, 18, 7, , 
2020/6/13, 49, 17, 11, , 
2020/6/14, 47, 17, 7, 1, 
2020/6/15, 43, 4, 7, , 
2020/6/16, 15, 11, 4, , 
2020/6/17, 30, 13, 6, 1, 
2020/6/18, 32, 7, 6, , 
2020/6/19, 21, 10, 3, , 
2020/6/20, 28, 15, 10, , 
2020/6/21, 47, 9, 12, , 
2020/6/22, 26, 10, 8, , 
2020/6/23, 29, 4, 7, , 
2020/6/24, 13, 7, 10, 1, 
2020/6/25, 23, 8, 8, , 
2020/6/26, 24, 16, 5, , 
2020/6/27, 48, 28, 5, 3, 
2020/6/28, 71, 18, 7, 2, 
2020/6/29, 48, 5, 7, , 
2020/6/30, 15, 37, 15, , 
2020/7/1, 76, 7, 12, , 
2020/1/2, 18, 7, 5, , 
2020/1/3, 23, 9, 7, , 
2020/1/4, 27, 8, 8, 1, 
2020/1/5, 23, 7, 9, , 
2020/1/6, 21, 14, 11, , 
2020/1/7, 35, 18, 9, 7, 
2020/1/8, 47, 16, 10, 8, 
2020/1/9, 45, 19, 17, 1, 
2020/1/10, 50, 20, 14, 1, 
2020/1/11, 55, 19, 10, , 
2020/1/12, 54, 19, 9, , 
2020/1/13, 52, 12, 10, , 
2020/1/14, 33, 14, 6, 1, 
2020/1/15, 36, 12, 7, , 
2020/1/16, 35, 19, 9, 5, 
2020/1/17, 54, 23, 8, 3, 
2020/1/18, 61, 12, 10, 5, 
2020/1/19, 37, 8, 9, 1, 
2020/1/20, 26, 13, 7, 1, 
2020/1/21, 40, 22, 14, 6, 
2020/1/22, 57, 14, 14, 11, 
2020/1/23, 40, 10, 11, 7, 
2020/1/24, 28, 13, 5, 3, 
2020/1/25, 35, , , , 
2020/1/28, 65, 16, 7, 2, 
2020/1/29, 44, 18, 11, , 
2020/1/30, 49, 12, 9, , 
2020/1/31, 37, 12, 11, 5, 
2020/2/1, 34, 10, 12, 2, 
2020/2/2, 29, 8, 10, 2, 
2020/2/3, 24, 11, 7, 4, 
2020/2/4, 32, 13, 7, 3, 
2020/2/5, 38, 14, 7, 1, 
2020/2/6, 41, 11, 6, , 
2020/2/7, 31, 15, 5, , 
2020/2/8, 38, 8, 6, , 
2020/2/9, 19, 7, 8, , 
2020/2/10, 19, 13, 5, 2, 
2020/2/11, 41, 23, 7, 12, 
2020/2/12, 55, 12, 7, 11, 
2020/2/13, 31, 13, 6, 14, 
2020/2/14, 35, 13, 16, 11, 
2020/2/15, 37, , , , 
2020/2/18, 19, 9, 12, 12, 
2020/2/19, 24, 17, 13, 14, 
2020/2/20, 45, 18, 10, 11, 
2020/2/21, 47, 18, 11, 10, 
2020/2/22, 50, , , , 
2020/2/25, 32, 22, 10, 12, 
2020/2/26, 58, 15, 9, 14, 
2020/2/27, 46, 12, 7, 17, 
2020/2/28, 36, 19, 11, 1, 
2020/2/29, 53, 13, 9, , 
2020/3/1, 40, 14, 12, 2, 
2020/3/2, 41, 18, 8, 4, 
2020/3/3, 50, 17, 8, 3, 
2020/3/4, 45, 16, 7, 2, 
2020/3/5, 45, 12, 9, 6, 
2020/3/6, 33, 11, 8, 2, 
2020/3/7, 33, 14, 8, 4, 
2020/3/8, 41, 19, 10, 3, 
2020/3/9, 52, 29, 7, , 
2020/3/10, 74, 15, 9, , 
2020/3/11, 44, 7, 7, , 
2020/3/12, 22, 16, 13, 1, 
2020/3/13, 45, 13, 10, , 
2020/3/14, 29, 11, 5, , 
2020/3/15, 30, 13, 8, , 
2020/3/16, 36, 9, 7, , 
2020/3/17, 31, 8, 5, , 
2020/3/18, 21, 4, 9, , 
2020/3/19, 13, 11, 9, , 
2020/3/20, 29, 19, 9, , 
2020/3/21, 44, 13, 9, 1, 
2020/3/22, 25, 6, 8, 2, 
2020/3/23, 15, 5, 9, 2, 
2020/3/24, 14, 10, 8, 2, 
2020/3/25, 26, 9, 11, , 
2020/3/26, 23, 9, 9, , 
2020/3/27, 28, 10, 7, , 
2020/3/28, 28, 11, 7, , 
2020/3/29, 30, 12, 14, 1, 
2020/3/30, 27, 12, 9, , 
2020/3/31, 33, 6, 8, , 
2020/4/1, 19, 6, 7, , 
2019/10/2, 35, 10, 6, 3, 
2019/10/3, 32, 10, 8, 2, 
2019/10/4, 33, 9, 5, , 
2019/10/5, 27, 7, 7, 7, 
2019/10/6, 19, 10, 6, 11, 
2019/10/7, 27, 15, 6, 3, 
2019/10/8, 40, 32, 5, , 
2019/10/9, 79, 21, 6, 10, 
2019/10/10, 54, 10, 6, 4, 
2019/10/11, 26, 8, 8, 2, 
2019/10/12, 23, 4, 10, , 
2019/10/13, 13, 9, 9, , 
2019/10/14, 23, 13, 11, , 
2019/10/15, 39, 12, 7, , 
2019/10/16, 37, 7, 13, 1, 
2019/10/17, 20, 6, 8, 1, 
2019/10/18, 15, 12, 12, 1, 
2019/10/19, 29, 20, 12, , 
2019/10/20, 51, 6, 11, , 
2019/10/21, 18, 9, 10, 1, 
2019/10/22, 26, 12, 8, 1, 
2019/10/23, 33, 17, 10, , 
2019/10/24, 50, 17, 15, 2, 
2019/10/25, 48, 22, 15, 2, 
2019/10/26, 58, 14, 10, 8, 
2019/10/27, 37, 12, 11, 2, 
2019/10/28, 31, 11, 6, , 
2019/10/29, 29, 6, 10, , 
2019/10/30, 19, 11, 11, , 
2019/10/31, 32, 10, 12, , 
2019/11/1, 31, 12, 8, , 
2019/11/2, 36, 17, 14, 12, 
2019/11/3, 45, 10, 11, , 
2019/11/4, 29, 8, 7, , 
2019/11/5, 22, 14, 14, , 
2019/11/6, 37, , , , 
2019/11/9, 66, 14, 10, 9, 
2019/11/10, 42, 9, 11, 9, 
2019/11/11, 30, 13, 8, 9, 
2019/11/12, 37, 11, 8, 11, 
2019/11/13, 32, 24, 18, 11, 
2019/11/14, 61, 28, 15, 11, 
2019/11/15, 68, 11, 9, 12, 
2019/11/16, 34, 13, 8, 13, 
2019/11/17, 34, 16, 9, 14, 
2019/11/18, 41, 24, 14, 13, 
2019/11/19, 53, 16, 10, 13, 
2019/11/20, 41, 13, 11, 14, 
2019/11/21, 35, 23, 14, 14, 
2019/11/22, 60, 14, 12, 13, 
2019/11/23, 37, 14, 11, 10, 
2019/11/24, 40, 9, 8, 11, 
2019/11/25, 20, 8, 7, 11, 
2019/11/26, 19, 13, 12, 8, 
2019/11/27, 36, 17, 13, , 
2019/11/28, 43, 24, 15, 4, 
2019/11/29, 55, 19, 14, 2, 
2019/11/30, 44, 35, 11, 1, 
2019/12/1, 75, 17, 14, 2, 
2019/12/2, 43, 15, 9, 6, 
2019/12/3, 42, 17, 10, 8, 
2019/12/4, 39, 22, 13, 2, 
2019/12/5, 51, 11, 13, , 
2019/12/6, 30, 23, 18, 6, 
2019/12/7, 57, 15, 15, 4, 
2019/12/8, 41, 19, 18, 4, 
2019/12/9, 43, 24, 18, 4, 
2019/12/10, 55, 30, 17, 6, 
2019/12/11, 69, 33, 18, 2, 
2019/12/12, 78, 30, 14, , 
2019/12/13, 65, 17, 9, 4, 
2019/12/14, 47, 16, 11, 2, 
2019/12/15, 43, 9, 14, 3, 
2019/12/16, 27, 18, 12, 3, 
2019/12/17, 49, 24, 11, 3, 
2019/12/18, 61, 12, 10, 3, 
2019/12/19, 31, 15, 16, 4, 
2019/12/20, 40, 11, 10, , 
2019/12/21, 31, 12, 15, , 
2019/12/22, 33, 14, 15, , 
2019/12/23, 42, 17, 11, 3, 
2019/12/24, 45, 13, 10, 4, 
2019/12/25, 32, 16, 15, 2, 
2019/12/26, 39, 7, 10, , 
2019/12/27, 20, 10, 8, 3, 
2019/12/28, 32, 9, 8, 2, 
2019/12/29, 28, 13, 10, , 
2019/12/30, 33, , , , 
2019/7/2, 40, 14, 11, 6, 
2019/7/3, 41, 13, 11, , 
2019/7/4, 39, 13, 14, , 
2019/7/5, 40, 14, 15, , 
2019/7/6, 41, 23, 14, , 
2019/7/7, 64, 12, 12, 1, 
2019/7/8, 34, 9, 15, 5, 
2019/7/9, 26, 9, 12, , 
2019/7/10, 25, 23, 7, , 
2019/7/11, 60, 28, 7, , 
2019/7/12, 73, 15, 7, , 
2019/7/13, 43, 17, 6, , 
2019/7/14, 50, 20, 9, , 
2019/7/15, 54, 22, 6, , 
2019/7/16, 61, 38, 11, 5, 
2019/7/17, 87, 7, 9, 3, 
2019/7/18, 20, 15, 5, 5, 
2019/7/19, 42, 22, 7, , 
2019/7/20, 55, 15, 7, 2, 
2019/7/21, 40, 21, 15, 7, 
2019/7/22, 48, 11, 13, , 
2019/7/23, 33, 14, 16, , 
2019/7/24, 46, 16, 16, , 
2019/7/25, 46, 12, 17, , 
2019/7/26, 37, 3, 10, , 
2019/7/27, 15, 17, 7, , 
2019/7/28, 49, 5, 9, , 
2019/7/29, 14, 13, 11, , 
2019/7/30, 38, 22, 12, 1, 
2019/7/31, 62, 21, 10, 41, 
2019/8/1, 57, 26, 11, 32, 
2019/8/2, 67, 20, 14, 28, 
2019/8/3, 55, 15, 14, 29, 
2019/8/4, 47, 9, 14, 36, 
2019/8/5, 25, 7, 13, 27, 
2019/8/6, 22, 19, 11, 10, 
2019/8/7, 50, 28, 16, 1, 
2019/8/8, 73, 17, 15, , 
2019/8/9, 52, 6, 15, , 
2019/8/10, 21, 16, 13, 19, 
2019/8/11, 49, 8, 14, 8, 
2019/8/12, 25, 16, 19, 7, 
2019/8/13, 45, 11, 15, , 
2019/8/14, 34, 33, 15, 17, 
2019/8/15, 83, 16, 16, 17, 
2019/8/16, 43, , , , 
2019/8/27, 59, 19, 17, 2, 
2019/8/28, 56, 12, 16, 6, 
2019/8/29, 33, 18, 12, 3, 
2019/8/30, 51, 21, 16, , 
2019/8/31, 58, 32, 16, , 
2019/9/1, 77, 21, 15, , 
2019/9/2, 57, 30, 15, , 
2019/9/3, 76, 14, 13, 6, 
2019/9/4, 42, 20, 9, 4, 
2019/9/5, 58, 15, 8, 5, 
2019/9/6, 49, 13, 13, 6, 
2019/9/7, 39, 13, 13, 10, 
2019/9/8, 42, 11, 12, 9, 
2019/9/9, 35, 3, 13, 9, 
2019/9/10, 9, 5, 12, 9, 
2019/9/11, 17, 10, 12, 13, 
2019/9/12, 31, 14, 7, 4, 
2019/9/13, 42, 22, 8, 3, 
2019/9/14, 62, 6, 4, 1, 
2019/9/15, 19, 11, 3, , 
2019/9/16, 33, 11, 3, , 
2019/9/17, 34, 24, , 3, 
2019/9/18, 62, 20, 4, 10, 
2019/9/19, 53, 30, 6, 8, 
2019/9/20, 73, 31, 2, 3, 
2019/9/21, 77, 39, 5, 3, 
2019/9/22, 91, 10, 4, 3, 
2019/9/23, 31, 10, 3, 12, 
2019/9/24, 30, 20, 8, 7, 
2019/9/25, 55, 30, 9, 6, 
2019/9/26, 75, 26, 6, 5, 
2019/9/27, 70, 17, 6, 4, 
2019/9/28, 48, 11, 5, 6, 
2019/9/29, 32, 16, 3, 7, 
2019/9/30, 40, 19, 5, 9, 
2019/10/1, 49, 11, 5, 4, 
2019/4/2, 41, 18, 10, 2, 
2019/4/3, 42, 22, 20, 2, 
2019/4/4, 58, 20, 4, 3, 
2019/4/5, 46, 15, 5, 1, 
2019/4/6, 41, 19, 6, 1, 
2019/4/7, 55, 20, 7, 7, 
2019/4/8, 53, 30, 9, 1, 
2019/4/9, 71, 17, 9, 7, 
2019/4/10, 49, 15, 9, 8, 
2019/4/11, 35, 8, 6, , 
2019/4/12, 21, 20, 6, 5, 
2019/4/13, 53, 11, 6, 7, 
2019/4/14, 30, 12, 6, 10, 
2019/4/15, 34, 19, 9, , 
2019/4/16, 53, 56, 10, 4, 
2019/4/17, 94, 11, 11, 6, 
2019/4/18, 27, 14, 10, 7, 
2019/4/19, 37, 14, 10, 10, 
2019/4/20, 34, 18, 7, , 
2019/4/21, 47, 19, 9, , 
2019/4/22, 52, 32, 12, , 
2019/4/23, 83, 8, 13, , 
2019/4/24, 27, 19, 9, , 
2019/4/25, 54, 13, 9, , 
2019/4/26, 42, 7, 8, , 
2019/4/27, 28, 2, 8, , 
2019/4/28, 10, 10, 9, 3, 
2019/4/29, 25, 15, 7, , 
2019/4/30, 34, 20, 12, , 
2019/5/1, 56, 17, 12, 4, 
2019/5/2, 44, 24, 13, 6, 
2019/5/3, 53, 22, 14, , 
2019/5/4, 51, 12, 14, , 
2019/5/5, 38, 4, 11, , 
2019/5/6, 12, 15, 12, , 
2019/5/7, 38, 13, 9, , 
2019/5/8, 40, 8, 10, , 
2019/5/9, 23, 5, 9, 8, 
2019/5/10, 12, 6, 8, , 
2019/5/11, 17, 11, 10, 3, 
2019/5/12, 28, 15, 9, 5, 
2019/5/13, 38, 56, 10, 1, 
2019/5/14, 83, 21, 11, , 
2019/5/15, 63, 21, 4, , 
2019/5/16, 57, 19, 6, 3, 
2019/5/17, 48, 18, 5, 6, 
2019/5/18, 41, 10, 6, 4, 
2019/5/19, 24, 9, 9, , 
2019/5/20, 24, 14, 9, , 
2019/5/21, 42, 9, 8, , 
2019/5/22, 26, 14, 9, , 
2019/5/23, 44, 27, 8, 2, 
2019/5/24, 73, 27, 7, 2, 
2019/5/25, 69, 11, 7, 3, 
2019/5/26, 30, 5, 9, 2, 
2019/5/27, 14, 21, 8, 3, 
2019/5/28, 60, 27, 12, 9, 
2019/5/29, 73, 18, 14, 4, 
2019/5/30, 51, 11, 12, 12, 
2019/5/31, 35, 13, 11, 1, 
2019/6/1, 42, 9, 13, 3, 
2019/6/2, 27, 23, 13, 1, 
2019/6/3, 57, 16, 15, 1, 
2019/6/4, 46, 10, 17, 6, 
2019/6/5, 28, 9, 17, 8, 
2019/6/6, 23, 12, 16, 6, 
2019/6/7, 28, 13, 15, 1, 
2019/6/8, 35, 18, 13, 3, 
2019/6/9, 52, 7, 15, 28, 
2019/6/10, 18, 19, 14, 2, 
2019/6/11, 51, 20, 14, 2, 
2019/6/12, 54, 18, 5, 1, 
2019/6/13, 47, 9, 7, , 
2019/6/14, 28, 7, 7, , 
2019/6/15, 21, 3, 8, , 
2019/6/16, 10, 18, 12, , 
2019/6/17, 48, 3, 16, , 
2019/6/18, 16, 3, 14, , 
2019/6/19, 12, 10, 9, , 
2019/6/20, 24, 11, 11, , 
2019/6/21, 33, 6, 8, 1, 
2019/6/22, 17, 15, 9, , 
2019/6/23, 42, 25, 11, , 
2019/6/24, 62, 12, 9, , 
2019/6/25, 35, 11, 9, 22, 
2019/6/26, 25, 19, 9, 21, 
2019/6/27, 49, 8, 8, 4, 
2019/6/28, 20, 12, 11, 1, 
2019/6/29, 36, 10, 12, , 
2019/6/30, 30, 4, 11, , 
2019/7/1, 14, 14, 9, , 
2019/1/3, 40, 10, 31, , 
2019/1/4, 32, , , , 
2019/1/7, 19, 13, 33, , 
2019/1/8, 39, 16, 38, 2, 
2019/1/9, 43, 16, 29, , 
2019/1/10, 43, 98, 145, 44, 55
2019/1/11, 125, 49, 107, 42, 50
2019/1/12, 66, 7, 44, 6, 
2019/1/13, 21, 3, 42, 1, 
2019/1/14, 12, 12, 42, 1, 
2019/1/15, 36, 9, 30, 1, 
2019/1/16, 26, 14, 47, 1, 
2019/1/17, 37, 21, 37, , 
2019/1/18, 56, 8, 42, , 
2019/1/19, 25, 9, 46, , 
2019/1/20, 31, 7, 44, 5, 
2019/1/21, 19, 10, 48, 4, 
2019/1/22, 31, 20, 19, , 
2019/1/23, 51, 23, 22, , 
2019/1/24, 59, 19, 22, , 
2019/1/25, 51, 10, 23, , 
2019/1/26, 27, 17, 21, , 
2019/1/27, 43, 11, 25, , 
2019/1/28, 32, 11, 23, , 
2019/1/29, 31, 15, 24, , 
2019/1/30, 40, 10, 24, , 
2019/1/31, 26, 17, 19, , 
2019/2/1, 49, 18, 9, , 
2019/2/2, 50, 58, 8, , 
2019/2/3, 134, , , , 
2019/2/7, 77, 9, 12, , 
2019/2/8, 27, 15, 8, , 
2019/2/9, 40, 17, 10, , 
2019/2/10, 49, 26, 10, , 
2019/2/11, 64, 19, 15, , 
2019/2/12, 50, 12, 24, , 
2019/2/13, 37, 14, 21, , 
2019/2/14, 41, 11, 23, , 
2019/2/15, 32, 21, 17, , 
2019/2/16, 56, 7, 14, , 
2019/2/17, 23, 6, 12, , 
2019/2/18, 17, 7, 10, , 
2019/2/19, 18, 14, 9, , 
2019/2/20, 39, 28, 8, , 
2019/2/21, 66, 27, 9, , 
2019/2/22, 64, 16, 10, , 
2019/2/23, 44, 232, 11, , 
2019/2/24, 96, 373, 11, , 
2019/2/25, 139, 3, 14, , 
2019/2/26, 10, , 15, , 
2019/3/1, 41, 21, 10, , 
2019/3/2, 51, 18, 10, , 
2019/3/3, 45, 7, 9, , 
2019/3/4, 19, 7, 9, , 
2019/3/5, 20, 16, 9, , 
2019/3/6, 43, 12, 10, , 
2019/3/7, 29, 17, 8, , 
2019/3/8, 41, 12, 9, , 
2019/3/9, 33, 12, 15, , 
2019/3/10, 38, 9, 11, , 
2019/3/11, 29, 10, 13, , 
2019/3/12, 28, 8, 10, , 
2019/3/13, 22, 12, 9, , 
2019/3/14, 33, 13, 22, , 
2019/3/15, 39, 12, 23, , 
2019/3/16, 36, 7, 23, , 
2019/3/17, 19, 3, 22, , 
2019/3/18, 11, 16, 19, , 
2019/3/19, 40, 24, 23, , 
2019/3/20, 59, 13, 23, , 
2019/3/21, 37, 16, 24, , 
2019/3/22, 48, 137, 23, , 
2019/3/23, 102, 16, 22, , 
2019/3/24, 43, 16, 15, , 
2019/3/25, 43, 16, 15, 1, 
2019/3/26, 49, 17, 15, 1, 
2019/3/27, 54, 22, 16, 1, 
2019/3/28, 63, 13, 17, , 
2019/3/29, 40, 9, 15, 1, 
2019/3/30, 28, 12, 13, 2, 
2019/3/31, 34, 12, 13, 2, 
2019/4/1, 36, 14, 12, 1, 
2018/10/2, 24, 21, 21, 4, 
2018/10/3, 57, 17, 20, 3, 
2018/10/4, 51, 24, 22, , 
2018/10/5, 63, 20, 21, , 
2018/10/6, 60, 11, 20, 8, 
2018/10/7, 33, 8, 19, 4, 
2018/10/8, 26, 12, 24, 4, 
2018/10/9, 37, 14, 21, , 
2018/10/10, 37, 18, 20, 1, 
2018/10/11, 49, 12, 18, 1, 
2018/10/12, 38, 12, 16, , 
2018/10/13, 35, 29, 21, 1, 
2018/10/14, 74, 17, 23, 5, 
2018/10/15, 43, 12, 20, 3, 
2018/10/16, 30, 11, 29, 2, 
2018/10/17, 31, 20, 20, , 
2018/10/18, 55, 17, 19, , 
2018/10/19, 45, 22, 34, , 
2018/10/20, 54, 8, 35, , 
2018/10/21, 19, 6, 32, 1, 
2018/10/22, 16, 21, 29, , 
2018/10/23, 54, 17, 26, , 
2018/10/24, 47, 5, 26, , 
2018/10/25, 16, 15, 29, , 
2018/10/26, 41, 12, 27, , 
2018/10/27, 36, 7, 27, , 
2018/10/28, 21, 5, 27, 3, 
2018/10/29, 13, 11, 29, 6, 
2018/10/30, 31, 8, 23, 1, 
2018/10/31, 23, 12, 23, , 
2018/11/1, 36, 12, 31, , 
2018/11/2, 34, 15, 32, , 
2018/11/3, 37, 14, 25, 2, 
2018/11/4, 32, 7, 23, 7, 
2018/11/5, 19, 12, 21, 8, 
2018/11/6, 32, 21, 18, , 
2018/11/7, 54, 21, 18, , 
2018/11/8, 53, 17, 16, 3, 
2018/11/9, 42, 19, 17, 2, 
2018/11/10, 50, 13, 17, 2, 
2018/11/11, 34, 5, 17, , 
2018/11/12, 14, 14, 16, 1, 
2018/11/13, 33, 12, 16, 2, 
2018/11/14, 36, 12, 27, , 
2018/11/15, 35, 21, 30, 3, 
2018/11/16, 57, 22, 19, 2, 
2018/11/17, 69, 11, 17, 2, 
2018/11/18, 38, 7, 24, 2, 
2018/11/19, 22, 13, 26, 6, 
2018/11/20, 39, 19, 22, 8, 
2018/11/21, 47, 25, 23, 12, 
2018/11/22, 68, 24, 20, 5, 
2018/11/23, 69, 23, 29, 1, 
2018/11/24, 71, 13, 28, 1, 
2018/11/25, 42, 15, 30, 1, 
2018/11/26, 48, 12, 29, 3, 
2018/11/27, 44, 23, 27, 1, 
2018/11/28, 63, 19, 28, 1, 
2018/11/29, 64, 10, 25, 1, 
2018/11/30, 42, 8, 27, 1, 
2018/12/1, 32, 21, 23, 1, 
2018/12/2, 61, , , , 
2018/12/5, 64, 31, 28, , 
2018/12/6, 92, 33, 26, , 
2018/12/7, 96, 23, 26, 1, 
2018/12/8, 69, 17, 33, 4, 
2018/12/9, 55, 16, 29, 6, 
2018/12/10, 53, 19, 34, 1, 
2018/12/11, 61, 11, 27, 1, 
2018/12/12, 38, 15, 26, 11, 
2018/12/13, 54, 6, 23, 6, 
2018/12/14, 23, 11, 37, 1, 
2018/12/15, 36, 19, 57, 7, 
2018/12/16, 54, 9, 66, 4, 
2018/12/17, 29, 8, 72, 1, 
2018/12/18, 28, , 69, , 
2018/12/23, 31, 8, 48, 2, 
2018/12/24, 21, 7, 42, 3, 
2018/12/25, 19, 9, 31, 3, 
2018/12/26, 25, 7, 23, 1, 
2018/12/27, 19, 20, 27, 1, 
2018/12/28, 49, 27, 26, 1, 
2018/12/29, 68, 8, 25, 1, 
2018/12/30, 25, 13, , , 
2018/7/2, 29, 49, 5, 3, 
2018/7/3, 79, 14, 10, 3, 
2018/7/4, 47, 16, 16, 3, 
2018/7/5, 52, 12, 15, 3, 
2018/7/6, 38, 10, 14, 2, 
2018/7/7, 32, 4, 10, 3, 
2018/7/8, 15, 11, 11, 3, 
2018/7/9, 33, 11, 12, 2, 
2018/7/10, 35, 13, 13, 5, 
2018/7/11, 39, 4, 11, 6, 
2018/7/12, 15, 13, 5, 8, 
2018/7/13, 39, 24, 4, 7, 
2018/7/14, 66, 25, 5, 14, 
2018/7/15, 66, 24, 10, 4, 
2018/7/16, 64, 16, 13, 3, 
2018/7/17, 48, 7, 12, 3, 
2018/7/18, 25, , , , 
2018/7/20, 28, 4, 10, 3, 
2018/7/21, 12, 10, 10, 3, 
2018/7/22, 30, 12, 3, 14, 
2018/7/23, 37, 20, 10, 3, 
2018/7/24, 54, 38, 11, 3, 
2018/7/25, 97, 11, 11, 3, 
2018/7/26, 35, 4, 13, 3, 
2018/7/27, 17, 6, 12, 3, 
2018/7/28, 19, 6, 8, 3, 
2018/7/29, 21, 3, 10, 3, 
2018/7/30, 13, 17, 5, 3, 
2018/7/31, 48, 17, 15, 3, 
2018/8/1, 49, 14, 15, 8, 
2018/8/2, 43, 26, 13, 4, 
2018/8/3, 63, 12, 11, 3, 
2018/8/4, 35, 17, 8, 3, 
2018/8/5, 48, 21, 9, 5, 
2018/8/6, 56, 13, 10, 9, 
2018/8/7, 41, 13, 8, 10, 
2018/8/8, 40, 8, 9, 5, 
2018/8/9, 24, 11, 12, 4, 
2018/8/10, 35, 9, 17, 3, 
2018/8/11, 30, 10, 15, 4, 
2018/8/12, 32, 4, 16, 6, 
2018/8/13, 14, 8, 7, 4, 
2018/8/14, 24, 12, 15, 4, 
2018/8/15, 38, 16, 19, 4, 
2018/8/16, 47, 11, 22, 5, 
2018/8/17, 36, 10, 18, 8, 
2018/8/18, 31, , , , 
2018/8/22, 58, 13, 15, 9, 
2018/8/23, 41, 10, 17, 8, 
2018/8/24, 32, 13, 29, 3, 
2018/8/25, 40, 12, 20, 4, 
2018/8/26, 37, 24, 27, 5, 
2018/8/27, 63, 20, 22, 16, 
2018/8/28, 55, 18, 21, 12, 
2018/8/29, 46, 22, 18, 5, 
2018/8/30, 60, 23, 14, 4, 
2018/8/31, 61, 13, 15, 4, 
2018/9/1, 42, 23, 21, 4, 
2018/9/2, 67, 9, 20, 4, 
2018/9/3, 32, 17, 17, 6, 
2018/9/4, 54, 11, 17, 10, 
2018/9/5, 36, 10, 15, 12, 
2018/9/6, 30, 13, 37, 17, 
2018/9/7, 36, 28, 26, 5, 
2018/9/8, 72, 14, 30, 5, 
2018/9/9, 43, 9, 28, 5, 
2018/9/10, 29, 7, 27, 4, 
2018/9/11, 25, 11, 23, 5, 
2018/9/12, 37, 13, 21, 5, 
2018/9/13, 40, 17, 25, 5, 
2018/9/14, 51, 14, 18, , 
2018/9/15, 47, 9, 22, , 
2018/9/16, 29, 4, 19, 1, 
2018/9/17, 12, 14, 18, , 
2018/9/18, 47, 10, 19, 4, 
2018/9/19, 33, 9, 22, , 
2018/9/20, 25, 27, 23, 11, 
2018/9/21, 70, 18, 25, 5, 
2018/9/22, 47, 19, 24, 7, 
2018/9/23, 56, 9, 22, , 
2018/9/24, 26, 23, 26, 1, 
2018/9/25, 61, 7, 27, , 
2018/9/26, 22, 20, 80, , 
2018/9/27, 55, 22, 24, , 
2018/9/28, 60, 9, 26, , 
2018/9/29, 23, 4, 31, 1, 
2018/9/30, 12, 6, 28, , 
2018/10/1, 19, 9, 18, , 
2018/4/2, 31, 14, 12, 1, 
2018/4/3, 44, 17, 11, 1, 
2018/4/4, 52, 13, 12, , 
2018/4/5, 42, 15, 11, 6, 
2018/4/6, 40, 14, 10, , 
2018/4/7, 40, 8, 3, , 
2018/4/8, 27, 8, 9, , 
2018/4/9, 26, 11, 14, , 
2018/4/10, 32, 19, 13, 3, 
2018/4/11, 39, 25, 8, 1, 
2018/4/12, 57, 13, 9, , 
2018/4/13, 35, 18, 14, , 
2018/4/14, 55, 9, 14, , 
2018/4/15, 27, 6, 13, 4, 
2018/4/16, 19, 9, 11, 1, 
2018/4/17, 25, 12, 11, 6, 
2018/4/18, 29, 17, 11, 5, 
2018/4/19, 42, 16, 16, 2, 
2018/4/20, 41, 7, 9, 1, 
2018/4/21, 20, 11, 11, 1, 
2018/4/22, 27, 16, 24, 1, 
2018/4/23, 44, 10, 7, , 
2018/4/24, 29, 14, 15, , 
2018/4/25, 40, 10, 13, 1, 
2018/4/26, 32, 11, 11, 4, 
2018/4/27, 19, 10, 18, 2, 
2018/4/28, 27, , , , 
2018/4/30, 30, 9, 9, , 
2018/5/1, 25, 9, 15, , 
2018/5/2, 26, 8, 12, 1, 
2018/5/3, 25, 8, 12, 2, 
2018/5/4, 26, 6, 12, , 
2018/5/5, 20, 19, 12, , 
2018/5/6, 52, 9, 13, , 
2018/5/7, 23, 9, 10, , 
2018/5/8, 25, 3, 9, 1, 
2018/5/9, 9, 18, 5, 3, 
2018/5/10, 45, 15, 11, , 
2018/5/11, 43, 11, 12, , 
2018/5/12, 30, 18, 8, 2, 
2018/5/13, 49, 34, 13, , 
2018/5/14, 87, 7, 7, 4, 
2018/5/15, 16, 19, 9, 7, 
2018/5/16, 50, 17, 13, 6, 
2018/5/17, 51, 14, 12, 7, 
2018/5/18, 41, 18, 7, 8, 
2018/5/19, 47, 9, 8, 6, 
2018/5/20, 26, 14, 12, 7, 
2018/5/21, 42, 17, 8, 7, 
2018/5/22, 49, 22, 9, 7, 
2018/5/23, 61, 32, 10, 7, 
2018/5/24, 74, 24, 8, 8, 
2018/5/25, 63, 14, 13, 14, 
2018/5/26, 39, 9, 12, 10, 
2018/5/27, 25, 13, 13, 10, 
2018/5/28, 39, 15, 7, 10, 
2018/5/29, 38, 17, 5, 17, 
2018/5/30, 42, 8, 6, 5, 
2018/5/31, 24, 6, 8, 2, 
2018/6/1, 17, 9, 9, 2, 
2018/6/2, 29, 9, 10, 2, 
2018/6/3, 31, 10, 14, 2, 
2018/6/4, 34, 14, 9, 2, 
2018/6/5, 44, 14, 5, 2, 
2018/6/6, 44, 23, 6, 3, 
2018/6/7, 60, 14, 10, 2, 
2018/6/8, 38, 23, 4, 12, 
2018/6/9, 63, 12, 9, 10, 
2018/6/10, 34, 13, 7, 3, 
2018/6/11, 36, 14, 5, 3, 
2018/6/12, 43, 9, 9, 3, 
2018/6/13, 27, 10, 9, 2, 
2018/6/14, 28, 11, 9, 2, 
2018/6/15, 35, 22, 8, 2, 
2018/6/16, 62, 13, 9, 8, 
2018/6/17, 37, 9, 8, 8, 
2018/6/18, 28, 13, 6, 10, 
2018/6/19, 38, 13, 2, 15, 
2018/6/20, 39, 18, 7, 7, 
2018/6/21, 54, 19, 9, 4, 
2018/6/22, 51, 30, 4, 13, 
2018/6/23, 74, 14, 1, 10, 
2018/6/24, 44, 13, 8, 6, 
2018/6/25, 41, 18, 10, 4, 
2018/6/26, 51, 35, 3, 5, 
2018/6/27, 87, 32, 6, 14, 
2018/6/28, 82, 25, 8, 5, 
2018/6/29, 69, 33, 5, 5, 
2018/6/30, 83, 19, 7, 3, 
2018/7/1, 47, 9, 7, 3, 
2018/1/2, 43, 16, 21, 1, 
2018/1/3, 41, 32, 10, 6, 
2018/1/4, 78, 44, 20, 13, 
2018/1/5, 103, 26, 6, 9, 
2018/1/6, 60, 14, 18, 1, 
2018/1/7, 41, 10, 18, 7, 
2018/1/8, 32, 17, 21, 3, 
2018/1/9, 49, 18, 15, 10, 
2018/1/10, 36, 19, 19, , 
2018/1/11, 44, 13, 19, 5, 
2018/1/12, 28, 12, 19, , 
2018/1/13, 30, 15, 21, 5, 
2018/1/14, 50, 9, 5, , 
2018/1/15, 37, 12, 13, 2, 
2018/1/16, 46, 9, 17, 8, 
2018/1/17, 34, 21, 17, , 
2018/1/18, 58, 21, 30, 5, 
2018/1/19, 55, 24, 24, 1, 
2018/1/20, 64, 7, 17, 1, 
2018/1/21, 22, 125, 22, 1, 
2018/1/22, 39, 87, 16, 1, 
2018/1/23, 78, 20, 18, 2, 
2018/1/24, 57, 22, 11, 1, 
2018/1/25, 57, 23, 10, 1, 
2018/1/26, 61, 21, 13, 3, 
2018/1/27, 57, 13, 14, 5, 
2018/1/28, 44, 14, 18, 1, 
2018/1/29, 49, 18, 19, 2, 
2018/1/30, 56, 20, 17, 10, 
2018/1/31, 66, 12, 16, 5, 
2018/2/1, 44, 19, 14, 2, 
2018/2/2, 62, 40, 15, 6, 
2018/2/3, 104, 13, 11, , 
2018/2/4, 42, 13, 15, , 
2018/2/5, 45, 14, 15, 7, 
2018/2/6, 52, 17, 32, 2, 
2018/2/7, 56, 16, 44, 2, 
2018/2/8, 49, 23, 31, 18, 
2018/2/9, 63, 19, 19, 1, 
2018/2/10, 59, 27, 9, , 
2018/2/11, 80, , , , 
2018/2/13, 40, 7, 17, 1, 
2018/2/14, 28, 14, 17, 7, 
2018/2/15, 46, 20, 14, 4, 
2018/2/16, 62, 30, 14, 3, 
2018/2/17, 80, 11, 15, 4, 
2018/2/18, 41, 12, 9, 7, 
2018/2/19, 45, 15, 19, 3, 
2018/2/20, 44, 20, 17, 1, 
2018/2/21, 59, 17, 9, , 
2018/2/22, 59, 22, 20, , 
2018/2/23, 73, 19, 21, 4, 
2018/2/24, 63, 17, 13, , 
2018/2/25, 58, 7, 13, , 
2018/2/26, 29, 9, 15, 1, 
2018/2/27, 33, 12, 15, , 
2018/2/28, 40, 13, 14, , 
2018/3/1, 46, 12, 13, 1, 
2018/3/2, 46, 20, 14, 1, 
2018/3/3, 65, 12, 20, 7, 
2018/3/4, 46, 7, 16, 5, 
2018/3/5, 29, 34, 11, 1, 
2018/3/6, 93, 24, 10, , 
2018/3/7, 71, 26, 25, 7, 
2018/3/8, 80, 15, 17, 7, 
2018/3/9, 39, 15, 19, 5, 
2018/3/10, 42, 23, 14, 6, 
2018/3/11, 53, 17, 11, , 
2018/3/12, 45, 18, 11, , 
2018/3/13, 51, 89, 16, 2, 
2018/3/14, 125, 24, 18, 8, 
2018/3/15, 61, 20, 8, , 
2018/3/16, 52, 16, 14, 8, 
2018/3/17, 43, 13, 10, 2, 
2018/3/18, 32, 6, 9, , 
2018/3/19, 17, 12, 11, , 
2018/3/20, 32, 28, 10, , 
2018/3/21, 68, 13, 13, , 
2018/3/22, 39, 15, 12, 7, 
2018/3/23, 40, 11, 16, 12, 
2018/3/24, 30, , , , 
2018/3/26, 28, 24, 17, 1, 
2018/3/27, 59, 9, 13, 1, 
2018/3/28, 30, 10, 8, 6, 
2018/3/29, 30, 11, 9, 4, 
2018/3/30, 35, 8, 15, , 
2018/3/31, 27, 13, 18, , 
2018/4/1, 37, 11, 14, , 
2017/10/2, 13, 6, 10, , 
2017/10/3, 15, 15, 10, , 
2017/10/4, 40, 20, 10, 7, 
2017/10/5, 45, 30, 13, 2, 
2017/10/6, 67, 26, 10, , 
2017/10/7, 66, 13, 16, , 
2017/10/8, 39, 10, 14, , 
2017/10/9, 31, 14, 12, 1, 
2017/10/10, 42, 18, 13, , 
2017/10/11, 50, 21, 13, , 
2017/10/12, 58, 6, 10, , 
2017/10/13, 19, 12, 13, , 
2017/10/14, 34, 25, 15, , 
2017/10/15, 65, 15, 23, 1, 
2017/10/16, 40, 5, 14, 4, 
2017/10/17, 16, 12, 5, 2, 
2017/10/18, 34, 10, 11, , 
2017/10/19, 34, 10, 16, 2, 
2017/10/20, 29, 19, 16, 4, 
2017/10/21, 49, 9, 12, , 
2017/10/22, 24, 7, 18, , 
2017/10/23, 21, 16, 21, 5, 
2017/10/24, 46, 15, 19, 5, 
2017/10/25, 41, 14, 20, 2, 
2017/10/26, 44, 37, 18, 1, 
2017/10/27, 93, 9, 11, , 
2017/10/28, 26, 20, 16, , 
2017/10/29, 58, 8, 14, 7, 
2017/10/30, 22, 12, 14, 2, 
2017/10/31, 34, 18, 20, 1, 
2017/11/1, 49, 18, 18, , 
2017/11/2, 54, 8, 17, 2, 
2017/11/3, 20, 12, 17, , 
2017/11/4, 33, 94, 500, 500, 142
2017/11/5, 112, 333, 500, 500, 500
2017/11/6, 502, 23, 26, 3, 
2017/11/7, 59, 13, 15, 4, 
2017/11/8, 39, 10, 15, 1, 
2017/11/9, 28, 14, 18, , 
2017/11/10, 35, 23, 19, , 
2017/11/11, 59, 19, 15, , 
2017/11/12, 51, 20, 37, 3, 
2017/11/13, 55, 22, 21, 9, 
2017/11/14, 54, 14, 21, 7, 
2017/11/15, 40, 39, 24, 3, 
2017/11/16, 81, 11, 27, 1, 
2017/11/17, 32, 22, 16, 6, 
2017/11/18, 53, 15, 15, , 
2017/11/19, 42, 29, 15, 11, 
2017/11/20, 70, 14, 12, , 
2017/11/21, 40, 12, 17, , 
2017/11/22, 36, 17, 17, 8, 
2017/11/23, 45, 53, 25, 1, 
2017/11/24, 107, 30, 19, 2, 
2017/11/25, 74, 19, 21, 6, 
2017/11/26, 32, 13, 15, 8, 
2017/11/27, 35, 42, 14, 2, 
2017/11/28, 99, 26, 18, , 
2017/11/29, 68, 20, 18, 1, 
2017/11/30, 56, 19, 16, , 
2017/12/1, 51, 18, 13, , 
2017/12/2, 51, 12, 15, , 
2017/12/3, 36, 14, 12, 1, 
2017/12/4, 36, 13, 12, , 
2017/12/5, 41, 13, 15, , 
2017/12/6, 41, 10, 14, 6, 
2017/12/7, 28, 17, 22, , 
2017/12/8, 44, 18, 24, 5, 
2017/12/9, 49, 25, 20, 1, 
2017/12/10, 58, 32, 16, 2, 
2017/12/11, 70, 22, 15, , 
2017/12/12, 60, 17, 17, 8, 
2017/12/13, 43, 23, 15, 6, 
2017/12/14, 62, 18, 21, , 
2017/12/15, 44, 27, 13, 12, 
2017/12/16, 62, 17, 14, 3, 
2017/12/17, 42, 16, 11, , 
2017/12/18, 36, 12, 11, 1, 
2017/12/19, 37, , , , 
2017/7/2, 54, 6, 10, 3, 
2017/7/3, 16, 13, 7, 2, 
2017/7/4, 36, 20, 8, 1, 
2017/7/5, 48, 11, 4, 1, 
2017/7/6, 29, 17, 1, , 
2017/7/7, 44, 4, 9, , 
2017/7/8, 10, 5, 10, , 
2017/7/9, 14, 7, 3, 1, 
2017/7/10, 23, 6, 3, , 
2017/7/11, 18, 10, 14, , 
2017/7/12, 33, 6, 10, 10, 
2017/7/13, 21, 19, 3, , 
2017/7/14, 43, 6, 13, , 
2017/7/15, 18, 9, 9, , 
2017/7/16, 24, 5, 12, , 
2017/7/17, 16, 10, 13, 4, 
2017/7/18, 30, 19, 12, , 
2017/7/19, 52, 25, 9, 1, 
2017/7/20, 63, 29, 9, 1, 
2017/7/21, 72, 30, 12, , 
2017/7/22, 77, 12, 11, 9, 
2017/7/23, 36, 20, 9, 5, 
2017/7/24, 57, 11, 12, , 
2017/7/25, 33, 8, 13, , 
2017/7/26, 24, 8, 12, , 
2017/7/27, 24, 21, 9, 4, 
2017/7/28, 52, 26, 13, 5, 
2017/7/29, 62, 36, 10, 3, 
2017/7/30, 83, 14, 12, , 
2017/7/31, 35, 6, 11, , 
2017/8/1, 19, 5, 10, , 
2017/8/2, 14, 8, 14, , 
2017/8/3, 26, 22, 11, 2, 
2017/8/4, 59, 24, 16, 5, 
2017/8/5, 63, 6, 11, 1, 
2017/8/6, 19, 7, 11, 1, 
2017/8/7, 19, 12, 11, , 
2017/8/8, 33, 10, 11, , 
2017/8/9, 26, 13, 15, , 
2017/8/10, 41, 6, 14, , 
2017/8/11, 17, 3, 12, , 
2017/8/12, 9, 6, 6, , 
2017/8/13, 17, 8, 13, , 
2017/8/14, 23, 15, 11, , 
2017/8/15, 42, 17, 7, 3, 
2017/8/16, 46, 25, 12, 1, 
2017/8/17, 69, 26, 11, 3, 
2017/8/18, 65, 18, 10, 7, 
2017/8/19, 50, 17, 11, 3, 
2017/8/20, 44, 14, 12, , 
2017/8/21, 39, 18, 8, 8, 
2017/8/22, 48, 20, 12, 3, 
2017/8/23, 50, 20, 11, 3, 
2017/8/24, 52, 11, 8, 3, 
2017/8/25, 30, 19, 9, , 
2017/8/26, 48, 7, 10, , 
2017/8/27, 22, 5, 16, , 
2017/8/28, 15, 6, 13, 1, 
2017/8/29, 16, 9, 14, , 
2017/8/30, 23, 20, 11, 1, 
2017/8/31, 49, 16, 12, 1, 
2017/9/1, 46, 22, 11, 3, 
2017/9/2, 58, 17, 7, , 
2017/9/3, 48, 13, 9, , 
2017/9/4, 35, 8, 11, 1, 
2017/9/5, 22, 14, 17, , 
2017/9/6, 42, , , , 
2017/9/11, 13, 8, 11, 1, 
2017/9/12, 22, 18, 17, 1, 
2017/9/13, 46, 6, 12, , 
2017/9/14, 21, 19, 13, , 
2017/9/15, 50, 22, 16, , 
2017/9/16, 64, 13, 18, , 
2017/9/17, 40, 7, 17, , 
2017/9/18, 23, 12, 14, 3, 
2017/9/19, 37, 20, 11, , 
2017/9/20, 55, 30, 12, , 
2017/9/21, 70, 9, 12, , 
2017/9/22, 22, 8, 17, 2, 
2017/9/23, 27, 30, 22, 2, 
2017/9/24, 76, 5, 13, , 
2017/9/25, 13, 15, 13, 1, 
2017/9/26, 54, 20, 11, , 
2017/9/27, 53, 13, 12, , 
2017/9/28, 38, 14, 16, , 
2017/9/29, 45, 9, 15, , 
2017/9/30, 31, 8, 9, , 
2017/10/1, 27, 5, 15, , 
2017/4/2, 39, 20, 10, 2, 
2017/4/3, 52, 13, 17, , 
2017/4/4, 34, 22, 14, , 
2017/4/5, 57, 40, 8, 1, 
2017/4/6, 81, 17, 13, 1, 
2017/4/7, 45, 20, 14, , 
2017/4/8, 48, 38, 10, , 
2017/4/9, 85, 31, 6, , 
2017/4/10, 76, 5, 6, , 
2017/4/11, 9, 13, 7, , 
2017/4/12, 30, 20, 14, , 
2017/4/13, 55, 17, 15, , 
2017/4/14, 48, 7, 15, 1, 
2017/4/15, 21, 7, 13, , 
2017/4/16, 22, 10, 13, , 
2017/4/17, 29, 14, 12, , 
2017/4/18, 43, 12, 14, , 
2017/4/19, 41, 62, 500, 500, 38
2017/4/20, 77, 680, 500, 333, 333
2017/4/21, 694, 23, 11, , 
2017/4/22, 55, 23, 8, 2, 
2017/4/23, 60, 19, 3, 6, 
2017/4/24, 47, 8, 13, , 
2017/4/25, 22, 27, 6, , 
2017/4/26, 61, 7, 9, , 
2017/4/27, 18, 17, 8, 1, 
2017/4/28, 42, 20, 12, 1, 
2017/4/29, 44, 24, 9, 6, 
2017/4/30, 57, 55, 500, 29, 166
2017/5/1, 78, 523, 500, 250, 333
2017/5/2, 549, 12, 7, 6, 
2017/5/3, 26, 30, 16, , 
2017/5/4, 77, 16, 14, 2, 
2017/5/5, 49, 13, 15, 1, 
2017/5/6, 38, 9, 10, 2, 
2017/5/7, 18, 6, 8, 1, 
2017/5/8, 11, 8, 8, , 
2017/5/9, 15, 13, 10, 7, 
2017/5/10, 35, 14, 16, 3, 
2017/5/11, 41, 12, 15, , 
2017/5/12, 35, 6, 12, 1, 
2017/5/13, 13, 9, 11, , 
2017/5/14, 20, 7, 10, 2, 
2017/5/15, 19, 18, 9, , 
2017/5/16, 43, 30, 16, 2, 
2017/5/17, 72, 11, 15, , 
2017/5/18, 34, 7, 13, , 
2017/5/19, 17, 6, 10, 5, 
2017/5/20, 14, 6, 5, 11, 
2017/5/21, 14, 7, 8, , 
2017/5/22, 15, 14, 11, 4, 
2017/5/23, 38, 11, 11, , 
2017/5/24, 27, 11, 7, 1, 
2017/5/25, 32, 7, 6, , 
2017/5/26, 18, 13, 8, , 
2017/5/27, 32, 15, 15, , 
2017/5/28, 43, 8, 17, , 
2017/5/29, 24, 15, 9, , 
2017/5/30, 40, 26, 11, , 
2017/5/31, 69, 25, 15, , 
2017/6/1, 70, 35, 4, 1, 
2017/6/2, 92, 37, 10, 1, 
2017/6/3, 92, 8, 8, 2, 
2017/6/4, 26, 21, 6, , 
2017/6/5, 58, 27, 6, , 
2017/6/6, 70, 49, 5, 2, 
2017/6/7, 116, 15, 8, 5, 
2017/6/8, 42, 18, 4, , 
2017/6/9, 50, 18, 6, , 
2017/6/10, 46, , , , 
2017/6/12, 59, 30, 8, 4, 
2017/6/13, 75, 23, 7, 3, 
2017/6/14, 61, 12, 8, , 
2017/6/15, 36, 9, 6, 2, 
2017/6/16, 24, 12, 4, 7, 
2017/6/17, 26, 18, 9, , 
2017/6/18, 38, 239, 43, 4, 
2017/6/19, 160, 12, 7, , 
2017/6/20, 30, , , , 
2017/6/22, 21, 10, 3, 1, 
2017/6/23, 31, 15, 5, 1, 
2017/6/24, 38, 14, 5, , 
2017/6/25, 38, 14, 4, 4, 
2017/6/26, 34, 13, 5, 1, 
2017/6/27, 34, 12, 6, , 
2017/6/28, 33, 11, 5, , 
2017/6/29, 34, 19, 3, , 
2017/6/30, 54, 22, 4, 1, 
2017/7/1, 58, 19, 9, 2, 
2017/1/3, 116, 19, 8, 4, 
2017/1/4, 49, 28, 24, 1, 
2017/1/5, 72, 48, 14, 1, 
2017/1/6, 105, 27, 15, 4, 
2017/1/7, 71, 29, 10, 6, 
2017/1/8, 72, 30, 14, 1, 
2017/1/9, 74, 52, 12, 1, 
2017/1/10, 115, 10, 18, , 
2017/1/11, 28, 12, 11, 9, 
2017/1/12, 35, 19, 12, 7, 
2017/1/13, 52, 30, 13, 3, 
2017/1/14, 71, 16, 17, 1, 
2017/1/15, 50, 28, 12, 1, 
2017/1/16, 74, 25, 11, , 
2017/1/17, 70, 25, 20, 4, 
2017/1/18, 67, 26, 16, 1, 
2017/1/19, 70, 20, 9, 10, 
2017/1/20, 54, 26, 18, 4, 
2017/1/21, 68, 21, 12, 11, 
2017/1/22, 57, 20, 18, 3, 
2017/1/23, 57, 18, 16, , 
2017/1/24, 51, 26, 17, 5, 
2017/1/25, 62, 16, 13, , 
2017/1/26, 48, 20, 11, 1, 
2017/1/27, 60, 21, 27, 1, 
2017/1/28, 60, 15, 12, 12, 
2017/1/29, 43, 17, 14, 5, 
2017/1/30, 45, 17, 16, 6, 
2017/1/31, 46, 15, 16, 3, 
2017/2/1, 42, 9, 20, 2, 
2017/2/2, 25, 13, 18, , 
2017/2/3, 44, 19, 23, 1, 
2017/2/4, 52, 12, 18, 1, 
2017/2/5, 35, 6, 12, , 
2017/2/6, 14, 11, 12, , 
2017/2/7, 37, 35, 23, 1, 
2017/2/8, 86, 16, 22, , 
2017/2/9, 49, 22, 18, , 
2017/2/10, 65, 63, 14, 1, 
2017/2/11, 140, 11, 12, , 
2017/2/12, 35, 17, 10, , 
2017/2/13, 50, 21, 11, , 
2017/2/14, 54, 7, 10, , 
2017/2/15, 20, 17, 14, , 
2017/2/16, 45, 26, 11, 4, 
2017/2/17, 57, 20, 13, 5, 
2017/2/18, 46, 14, 16, 8, 
2017/2/19, 31, 18, 16, 9, 
2017/2/20, 46, 14, 30, 4, 
2017/2/21, 38, 20, 12, , 
2017/2/22, 45, 19, 9, 9, 
2017/2/23, 48, 51, 17, 1, 
2017/2/24, 92, 30, 21, , 
2017/2/25, 77, 29, 30, , 
2017/2/26, 72, 19, 12, 1, 
2017/2/27, 43, 13, 7, 6, 
2017/2/28, 28, 23, 22, 3, 
2017/3/1, 51, 28, 17, , 
2017/3/2, 59, 38, 11, 3, 
2017/3/3, 87, 20, 8, 3, 
2017/3/4, 47, 16, 10, , 
2017/3/5, 48, 14, 15, , 
2017/3/6, 39, 14, 11, 4, 
2017/3/7, 39, 39, 13, , 
2017/3/8, 99, 28, 10, 1, 
2017/3/9, 77, 11, 8, , 
2017/3/10, 27, 18, 10, , 
2017/3/11, 47, 28, 11, 4, 
2017/3/12, 69, 14, 12, 2, 
2017/3/13, 36, , , , 
2017/3/15, 62, 22, 12, 1, 
2017/3/16, 52, 12, 8, , 
2017/3/17, 32, 34, 13, , 
2017/3/18, 88, 16, 14, , 
2017/3/19, 51, 11, 14, 3, 
2017/3/20, 34, 26, 14, , 
2017/3/21, 74, 22, 12, , 
2017/3/22, 64, 23, 11, , 
2017/3/23, 65, 14, 15, , 
2017/3/24, 38, 36, 23, 1, 
2017/3/25, 94, 19, 14, , 
2017/3/26, 52, 11, 9, , 
2017/3/27, 32, 19, 11, , 
2017/3/28, 56, 18, 13, , 
2017/3/29, 52, 27, 10, , 
2017/3/30, 72, 24, 10, , 
2017/3/31, 63, 21, 11, , 
2017/4/1, 57, 14, 11, , 
2016/10/2, 37, 10, 13, , 
2016/10/3, 28, 17, 15, , 
2016/10/4, 54, 15, 16, , 
2016/10/5, 44, 14, 14, , 
2016/10/6, 46, 20, 19, , 
2016/10/7, 59, 14, 11, , 
2016/10/8, 35, 6, 15, 1, 
2016/10/9, 18, 12, 12, 9, 
2016/10/10, 31, 19, 13, 6, 
2016/10/11, 51, 21, 27, 3, 
2016/10/12, 57, 25, 17, 2, 
2016/10/13, 67, 14, 19, , 
2016/10/14, 35, 27, 20, 1, 
2016/10/15, 72, 13, 12, 1, 
2016/10/16, 34, 15, 17, 3, 
2016/10/17, 42, 16, 18, , 
2016/10/18, 45, 26, 48, , 
2016/10/19, 68, 4, 31, , 
2016/10/20, 10, 7, 26, , 
2016/10/21, 23, 9, 57, , 
2016/10/22, 28, 6, 29, 5, 
2016/10/23, 17, 6, 25, , 
2016/10/24, 18, 24, 29, , 
2016/10/25, 70, 21, 27, , 
2016/10/26, 59, 7, 22, , 
2016/10/27, 16, 16, 28, , 
2016/10/28, 40, 23, 34, , 
2016/10/29, 69, 25, 33, 7, 
2016/10/30, 67, 20, , 6, 
2016/10/31, 59, 26, 53, 4, 
2016/11/1, 66, 20, 31, , 
2016/11/2, 36, 8, 7, , 
2016/11/3, 20, 32, 18, 1, 
2016/11/4, 75, 40, 38, 11, 
2016/11/5, 87, , , , 
2016/11/7, 43, 50, 12, , 
2016/11/8, 121, 33, 13, , 
2016/11/9, 91, 29, 17, 1, 
2016/11/10, 74, 41, 20, 1, 
2016/11/11, 86, 26, 16, 1, 
2016/11/12, 64, 19, 13, 10, 
2016/11/13, 50, 15, 13, 5, 
2016/11/14, 33, 15, 17, 10, 
2016/11/15, 36, 23, 26, 5, 
2016/11/16, 58, 36, 13, , 
2016/11/17, 91, 37, 11, , 
2016/11/18, 90, 16, 18, 2, 
2016/11/19, 48, 11, 14, 16, 
2016/11/20, 35, 19, 15, 7, 
2016/11/21, 48, 34, 10, , 
2016/11/22, 87, 29, 33, 4, 
2016/11/23, 74, 32, 36, 6, 
2016/11/24, 79, 23, 23, 8, 
2016/11/25, 62, 27, 20, 3, 
2016/11/26, 68, 27, 12, , 
2016/11/27, 68, 16, 24, 7, 
2016/11/28, 40, 14, 20, 1, 
2016/11/29, 39, 31, 26, 1, 
2016/11/30, 70, 9, 15, 8, 
2016/12/1, 27, 16, 17, 9, 
2016/12/2, 44, 20, 17, 9, 
2016/12/3, 54, 33, 26, 1, 
2016/12/4, 80, 20, 18, 1, 
2016/12/5, 53, 21, 8, 12, 
2016/12/6, 48, 24, 15, , 
2016/12/7, 51, 45, 24, 3, 
2016/12/8, 102, 33, 13, 1, 
2016/12/9, 81, 12, 9, 17, 
2016/12/10, 36, 39, 18, 3, 
2016/12/11, 89, 32, 17, , 
2016/12/12, 74, 37, 18, 4, 
2016/12/13, 80, 45, 9, , 
2016/12/14, 97, 26, 15, 1, 
2016/12/15, 66, 25, 13, 9, 
2016/12/16, 63, 21, 15, 14, 
2016/12/17, 51, 18, 18, 13, 
2016/12/18, 45, 19, 9, 2, 
2016/12/19, 48, 14, 26, , 
2016/12/20, 36, 19, 22, 14, 
2016/12/21, 51, 10, 21, 8, 
2016/12/22, 29, 24, 10, , 
2016/12/23, 61, 20, 29, 3, 
2016/12/24, 47, 25, 30, 8, 
2016/12/25, 57, 17, 19, 1, 
2016/12/26, 38, 12, 19, 2, 
2016/12/27, 33, 13, 16, 2, 
2016/12/28, 40, 10, 17, 8, 
2016/12/29, 31, 15, 20, 1, 
2016/12/30, 39, 16, 15, 2, 
2016/12/31, 43, 14, 12, , 
2017/1/1, 36, 14, 21, , 
2017/1/2, 36, 48, 16, , 
2016/7/2, 61, 6, 5, , 
2016/7/3, 22, 6, 3, , 
2016/7/4, 21, 3, 7, , 
2016/7/5, 12, 9, 10, 2, 
2016/7/6, 31, 12, 6, 1, 
2016/7/7, 39, 24, 9, 2, 
2016/7/8, 65, 18, 5, 9, 
2016/7/9, 55, 7, 8, 8, 
2016/7/10, 26, 5, 10, 1, 
2016/7/11, 20, 8, 12, , 
2016/7/12, 27, 13, 8, , 
2016/7/13, 39, 26, 12, , 
2016/7/14, 70, 19, 13, , 
2016/7/15, 59, 12, 7, , 
2016/7/16, 40, 8, 12, , 
2016/7/17, 26, 13, 14, , 
2016/7/18, 42, 28, 17, , 
2016/7/19, 78, 28, 18, , 
2016/7/20, 79, 29, 18, , 
2016/7/21, 82, 25, 13, 6, 
2016/7/22, 71, 25, 13, 6, 
2016/7/23, 70, 19, 12, 17, 
2016/7/24, 54, 18, 26, , 
2016/7/25, 48, 15, 38, , 
2016/7/26, 49, 5, 48, , 
2016/7/27, 18, 11, 36, , 
2016/7/28, 36, 28, 28, , 
2016/7/29, 80, 11, 30, , 
2016/7/30, 42, 8, 27, , 
2016/7/31, 28, 14, 31, , 
2016/8/1, 44, 12, 30, , 
2016/8/2, 41, 24, 17, , 
2016/8/3, 66, 12, 11, 3, 
2016/8/4, 38, 14, 12, 3, 
2016/8/5, 44, 38, 2, , 
2016/8/6, 97, 28, 10, , 
2016/8/7, 72, 26, 14, 1, 
2016/8/8, 63, 20, 5, 8, 
2016/8/9, 55, 25, 10, 1, 
2016/8/10, 66, 21, 15, 9, 
2016/8/11, 62, 9, 13, 8, 
2016/8/12, 30, , 15, 14, 
2016/8/20, 118, 33, 15, , 
2016/8/21, 83, 20, 12, 10, 
2016/8/22, 57, 31, 14, 1, 
2016/8/23, 77, 26, 14, 11, 
2016/8/24, 68, 22, 18, 7, 
2016/8/25, 60, 17, 22, 7, 
2016/8/26, 49, 25, 19, 9, 
2016/8/27, 63, 17, 13, 1, 
2016/8/28, 42, 8, 15, , 
2016/8/29, 24, 13, 14, 6, 
2016/8/30, 44, 10, 15, 1, 
2016/8/31, 33, 19, 15, 2, 
2016/9/1, 50, 22, 11, 1, 
2016/9/2, 63, 28, 16, , 
2016/9/3, 77, 19, 15, , 
2016/9/4, 56, 12, 12, , 
2016/9/5, 37, 3, 12, , 
2016/9/6, 9, 4, 13, , 
2016/9/7, 31, 6, 10, 2, 
2016/9/8, 21, 17, 7, 11, 
2016/9/9, 50, 27, 13, 24, 
2016/9/10, 67, 19, 21, 10, 
2016/9/11, 52, 15, 17, , 
2016/9/12, 42, 11, 18, , 
2016/9/13, 32, 11, 13, 1, 
2016/9/14, 29, 12, 14, , 
2016/9/15, 32, 30, 18, 4, 
2016/9/16, 79, 17, 13, 15, 
2016/9/17, 48, 17, 11, 11, 
2016/9/18, 47, 11, 15, , 
2016/9/19, 29, 15, 14, , 
2016/9/20, 44, 11, 18, , 
2016/9/21, 35, 12, 14, 15, 
2016/9/22, 34, 51, 15, 24, 
2016/9/23, 79, 33, 15, 1, 
2016/9/24, 84, 31, 13, , 
2016/9/25, 83, 39, 17, 1, 
2016/9/26, 90, 16, 22, 5, 
2016/9/27, 46, 24, 16, 8, 
2016/9/28, 61, 61, 16, 4, 
2016/9/29, 123, 32, 17, , 
2016/9/30, 90, 17, 16, , 
2016/10/1, 53, 11, 17, , 
2016/4/2, 34, 8, 10, 1, 
2016/4/3, 21, 8, 15, , 
2016/4/4, 22, 7, 15, 1, 
2016/4/5, 19, 8, 7, 1, 
2016/4/6, 22, 9, 12, , 
2016/4/7, 22, 14, 16, 1, 
2016/4/8, 41, 9, 16, , 
2016/4/9, 27, 8, 11, , 
2016/4/10, 21, 11, 14, , 
2016/4/11, 30, 14, 14, , 
2016/4/12, 36, 16, 19, , 
2016/4/13, 49, 8, 18, 4, 
2016/4/14, 20, 14, 17, 3, 
2016/4/15, 39, 6, 31, 3, 
2016/4/16, 16, 14, 45, 1, 
2016/4/17, 29, 12, 32, , 
2016/4/18, 32, 24, 27, 1, 
2016/4/19, 51, 4, 13, 1, 
2016/4/20, 12, 15, 10, 4, 
2016/4/21, 37, 33, 12, 2, 
2016/4/22, 75, 19, 15, 1, 
2016/4/23, 50, 10, 12, 1, 
2016/4/24, 31, 15, 14, , 
2016/4/25, 39, 9, 16, , 
2016/4/26, 23, 12, 15, , 
2016/4/27, 35, 11, 13, , 
2016/4/28, 34, 16, 10, 1, 
2016/4/29, 47, 23, 13, , 
2016/4/30, 62, 16, 17, , 
2016/5/1, 48, 11, 12, 8, 
2016/5/2, 29, 40, 7, 4, 
2016/5/3, 92, 25, 13, 2, 
2016/5/4, 68, 31, 13, 10, 
2016/5/5, 82, 49, 15, 2, 
2016/5/6, 118, 11, 111, 1, 
2016/5/7, 35, 12, 186, 1, 
2016/5/8, 41, 12, 33, , 
2016/5/9, 40, 14, 58, , 
2016/5/10, 43, 17, 194, 1, 
2016/5/11, 52, 16, 17, 1, 
2016/5/12, 47, 27, 14, , 
2016/5/13, 74, 23, 17, 1, 
2016/5/14, 67, 6, 14, , 
2016/5/15, 20, 8, 12, , 
2016/5/16, 21, 10, 13, , 
2016/5/17, 31, 17, 18, , 
2016/5/18, 50, 20, 32, 2, 
2016/5/19, 59, 29, 48, 2, 
2016/5/20, 80, 18, 13, 3, 
2016/5/21, 54, 37, 9, 4, 
2016/5/22, 96, 35, 10, 2, 
2016/5/23, 86, 32, 14, 3, 
2016/5/24, 77, 12, 12, 9, 
2016/5/25, 36, 8, 10, 13, 
2016/5/26, 24, 23, 12, 3, 
2016/5/27, 67, 12, 13, 2, 
2016/5/28, 39, 8, 18, 1, 
2016/5/29, 26, 2, 22, , 
2016/5/30, 10, 3, 22, 1, 
2016/5/31, 11, 6, 26, , 
2016/6/1, 17, 8, 10, 2, 
2016/6/2, 25, 11, 6, 8, 
2016/6/3, 31, 19, 13, 7, 
2016/6/4, 55, 15, 4, 4, 
2016/6/5, 45, 7, 17, 1, 
2016/6/6, 23, 20, 7, 2, 
2016/6/7, 58, 12, 9, , 
2016/6/8, 33, 16, 10, , 
2016/6/9, 44, 43, 15, 5, 
2016/6/10, 104, 11, 11, 2, 
2016/6/11, 34, 15, 10, 1, 
2016/6/12, 43, 16, 14, 3, 
2016/6/13, 44, 14, 10, 14, 
2016/6/14, 43, 11, 14, 5, 
2016/6/15, 37, 37, 8, 1, 
2016/6/16, 96, 51, 13, 2, 
2016/6/17, 117, 40, , , 
2016/6/18, 101, 36, 8, , 
2016/6/19, 89, 27, 15, , 
2016/6/20, 71, 13, 17, , 
2016/6/21, 41, 12, 16, , 
2016/6/22, 41, 15, 21, , 
2016/6/23, 44, 22, 28, , 
2016/6/24, 63, 16, 25, , 
2016/6/25, 47, 21, , , 
2016/6/26, 63, 18, 2, , 
2016/6/27, 53, 11, 1, , 
2016/6/28, 33, 4, , 8, 
2016/6/29, 13, 10, 6, 15, 
2016/6/30, 32, 17, 6, , 
2016/7/1, 54, 21, 5, , 
2016/1/18, 56, 28, 13, , 
2016/1/19, 72, 17, 17, , 
2016/1/20, 48, 37, 18, 2, 
2016/1/21, 79, 20, 15, , 
2016/1/22, 51, 20, 11, 15, 
2016/1/23, 52, 33, 22, 1, 
2016/1/24, 66, 17, 18, 21, 
2016/1/25, 40, 19, 17, , 
2016/1/26, 47, 31, 14, 1, 
2016/1/27, 75, 21, 11, 2, 
2016/1/28, 60, 24, 17, 14, 
2016/1/29, 62, 17, 12, 2, 
2016/1/30, 49, 21, 12, 1, 
2016/1/31, 53, 15, 17, 1, 
2016/2/1, 41, 17, 19, 1, 
2016/2/2, 49, 16, 15, 1, 
2016/2/3, 41, 13, 17, 9, 
2016/2/4, 38, 14, 18, 14, 
2016/2/5, 34, 13, 19, 14, 
2016/2/6, 38, 12, 20, 14, 
2016/2/7, 32, 13, 14, 17, 
2016/2/8, 34, 10, 16, 11, 
2016/2/9, 28, 13, 23, 3, 
2016/2/10, 31, 20, 16, 1, 
2016/2/11, 52, 11, 21, 1, 
2016/2/12, 29, 19, 10, 20, 
2016/2/13, 49, 12, 25, 3, 
2016/2/14, 32, 40, 13, 14, 
2016/2/15, 87, 44, 30, 1, 
2016/2/16, 98, 13, 20, 7, 
2016/2/17, 31, 18, 22, 2, 
2016/2/18, 40, 28, 34, 1, 
2016/2/19, 68, 14, 14, 2, 
2016/2/20, 38, 11, , 1, 
2016/2/21, 38, 11, 16, 11, 
2016/2/22, 27, 13, 14, 7, 
2016/2/23, 35, 17, 14, 1, 
2016/2/24, 48, 30, 31, 5, 
2016/2/25, 64, 23, 16, , 
2016/2/26, 55, 17, 13, 6, 
2016/2/27, 42, 19, 12, , 
2016/2/28, 49, 21, 18, , 
2016/2/29, 51, 37, 26, 1, 
2016/3/1, 90, 10, 7, , 
2016/3/2, 29, 13, 11, , 
2016/3/3, 39, 12, 17, 1, 
2016/3/4, 36, 18, 10, 18, 
2016/3/5, 51, 15, 14, , 
2016/3/6, 43, 17, 17, , 
2016/3/7, 49, 29, 21, 1, 
2016/3/8, 74, 16, 11, 14, 
2016/3/9, 46, 33, 11, 1, 
2016/3/10, 79, 21, 11, , 
2016/3/11, 57, 22, 12, , 
2016/3/12, 61, 28, 15, 1, 
2016/3/13, 75, 16, 16, 1, 
2016/3/14, 46, 22, 15, 12, 
2016/3/15, 61, 25, 17, 7, 
2016/3/16, 55, 23, 19, 5, 
2016/3/17, 56, 17, 18, 14, 
2016/3/18, 45, 15, 16, 6, 
2016/3/19, 42, 22, 14, 1, 
2016/3/20, 59, 12, 16, , 
2016/3/21, 40, 10, 15, , 
2016/3/22, 34, 27, 15, 1, 
2016/3/23, 72, 12, 12, 9, 
2016/3/24, 35, 30, 22, , 
2016/3/25, 67, 18, 16, , 
2016/3/26, 50, 14, 21, , 
2016/3/27, 40, 17, 25, , 
2016/3/28, 41, 14, 27, 2, 
2016/3/29, 36, 45, 32, 4, 
2016/3/30, 105, 20, 19, 5, 
2016/3/31, 53, 16, 19, 6, 
2016/4/1, 42, 13, 14, 5, 
2021/4/15, , 26, 19, , 
2021/4/16, , 48, 24, , 
2021/3/30, , 12, 13, , 
2021/2/17, , 6, 5, , 
2020/10/5, , 4, 12, , 
2020/10/13, , 7, 10, , 
2020/10/26, , 2, , , 
2020/8/3, , 17, 8, 3, 
2020/8/9, , 16, 4, , 
2020/8/24, , 11, 7, 4, 
2020/8/30, , 8, 5, , 
2020/9/7, , 11, 12, , 
2020/9/28, , 9, 10, , 
2020/5/3, , 154, 6, 1, 
2020/5/11, , 22, 10, 1, 
2020/1/1, , 7, 6, , 
2020/1/27, , 29, 9, , 
2020/2/17, , 8, 15, 13, 
2020/2/24, , 12, 6, 21, 
2019/11/8, , 26, 11, 10, 
2019/8/26, , 23, 18, 7, 
2019/1/2, , 13, 19, 1, 
2019/1/6, , 7, 31, , 
2019/2/6, , 33, 7, , 
2019/2/28, , 15, 10, , 
2018/12/4, , 19, 21, , 
2018/12/22, , 11, 56, 1, 
2018/7/19, , 8, 2, 3, 
2018/8/21, , 21, 20, 5, 
2018/4/29, , 9, 5, , 
2018/1/1, , 15, 13, , 
2018/2/12, , 10, 17, 2, 
2018/3/25, , 11, 10, , 
2017/9/10, , 4, 21, , 
2017/6/11, , 23, 8, , 
2017/6/21, , 8, 7, 3, 
2017/3/14, , 27, 20, , 
2016/11/6, , 17, 21, 9, 
2016/8/19, , 50, 11, 2, 
2016/1/17, , 22, 16, , 
2015/10/2, , 10, 12, 8, 
2015/10/3, , 9, 14, 11, 
2015/10/4, , 8, 18, 8, 
2015/10/5, , 7, 18, 9, 
2015/10/6, , 4, 13, 7, 
2015/10/7, , 4, 21, 6, 
2015/10/8, , 7, 17, 11, 
2015/10/9, , 9, 37, 6, 
2015/10/10, , 24, 28, 4, 
2015/10/11, , 10, 22, 3, 
2015/10/12, , 8, 22, 22, 
2015/10/13, , 13, 32, 18, 
2015/10/14, , 10, 15, 3, 
2015/10/15, , 12, 10, 4, 
2015/10/16, , 9, 13, 4, 
2015/10/17, , 22, 15, , 
2015/10/18, , 21, 16, , 
2015/10/19, , 9, 11, 16, 
2015/10/20, , 19, 14, 8, 
2015/10/21, , 11, 22, 26, 
2015/10/22, , 23, 20, 46, 
2015/10/23, , 21, 12, 9, 
2015/10/24, , 29, 14, 12, 
2015/10/25, , 17, 13, 2, 
2015/10/26, , 14, 12, 11, 
2015/10/27, , 20, 16, 19, 
2015/10/28, , 18, 16, 11, 
2015/10/29, , 21, 20, 28, 
2015/10/30, , 9, 14, 21, 
2015/10/31, , 14, 16, 18, 
2015/11/1, , 15, 18, 29, 
2015/11/2, , 8, 16, 12, 
2015/11/3, , 9, 16, 22, 
2015/11/4, , 18, 14, 12, 
2015/11/5, , 24, 20, 43, 
2015/11/6, , 43, 14, 108, 
2015/11/7, , 25, 24, 48, 
2015/11/8, , 16, 19, 11, 
2015/11/9, , 12, 22, 21, 
2015/11/10, , 22, 15, , 
2015/11/11, , 22, 17, 17, 
2015/11/12, , 14, 17, 2, 
2015/11/13, , 10, 10, 13, 
2015/11/14, , 12, 24, 80, 
2015/11/15, , 27, 19, 127, 
2015/11/16, , 13, 17, 25, 
2015/11/17, , 13, 20, 37, 
2015/11/18, , 8, 23, 26, 
2015/11/19, , 13, 10, 22, 
2015/11/20, , 11, 21, 21, 
2015/11/21, , 13, 11, , 
2015/11/22, , 12, 28, 5, 
2015/11/23, , 22, 19, 4, 
2015/11/24, , 14, 16, 6, 
2015/11/25, , 17, 15, 14, 
2015/11/26, , 21, 14, 11, 
2015/11/27, , 18, 11, 11, 
2015/11/28, , 7, 15, 25, 
2015/11/29, , 12, 25, 22, 
2015/11/30, , 13, 27, 29, 
2015/12/1, , 15, 20, 66, 
2015/12/2, , 18, 23, 17, 
2015/12/3, , 27, 16, 22, 
2015/12/4, , 19, 17, 86, 
2015/12/5, , 13, 14, 55, 
2015/12/6, , 19, 17, 10, 
2015/12/7, , 16, 21, 200, 
2015/12/8, , 12, 16, 277, 
2015/12/9, , 13, 39, 147, 
2015/12/10, , 18, 25, 105, 
2015/12/11, , 30, 24, 105, 
2015/12/12, , 50, , , 
2015/8/8, , 20, 14, 7, 
2015/8/9, , 43, 10, 13, 
2015/8/12, , 10, 13, 5, 
2015/8/14, , 8, 10, 4, 
2015/8/15, , 7, 15, 10, 
2015/8/16, , 16, 22, 30, 
2015/8/17, , 23, 22, 33, 
2015/8/18, , 22, 32, 21, 
2015/8/19, , 27, 22, 5, 
2015/8/20, , 30, 18, 7, 
2015/8/21, , 29, 15, 50, 
2015/8/22, , 22, 12, 52, 
2015/8/24, , 21, 22, 13, 
2015/8/25, , 24, 14, 58, 
2015/8/26, , 20, 16, 49, 
2015/8/27, , 21, 13, 20, 
2015/8/28, , 30, 14, 63, 
2015/8/29, , 26, 32, 62, 
2015/8/30, , 31, 22, 31, 
2015/8/31, , 30, 16, 12, 
2015/9/1, , 45, 18, 13, 
2015/9/2, , 42, 18, 9, 
2015/9/3, , 34, 24, 12, 
2015/9/4, , 36, 16, 71, 
2015/9/5, , 41, 26, 57, 
2015/9/7, , 29, 14, 23, 
2015/9/8, , 22, 16, 18, 
2015/9/9, , 29, 11, 24, 
2015/9/10, , 30, 14, 10, 
2015/9/11, , 24, 15, 6, 
2015/9/12, , 23, 18, 36, 
2015/9/13, , 24, 19, 95, 
2015/9/14, , 28, 16, 102, 
2015/9/15, , 30, 23, 44, 
2015/9/16, , 41, 19, 7, 
2015/9/17, , 38, 20, 8, 
2015/9/18, , 28, 19, 18, 
2015/9/19, , 44, 26, 14, 
2015/9/20, , 31, 25, 12, 
2015/9/21, , 27, 32, 5, 
2015/9/22, , 23, 39, 8, 
2015/9/23, , 14, 55, 19, 
2015/9/24, , 10, 37, 11, 
2015/9/26, , 14, 17, 16, 
2015/9/27, , 15, 23, , 
2015/9/28, , 21, 12, 7, 
2015/9/29, , 23, 13, 9, 
2015/10/1, , 21, 16, 13, 
2021/3/28, , , 24, , 
2021/3/29, , , 9, , 
2019/2/27, , , 11, , 
2018/12/3, , , 18, , 
2018/12/19, , , 72, , 
2018/12/20, , , 71, , 
2018/12/21, , , 43, , 
2017/12/31, , , 8, 1, 
2016/8/13, , , 16, 7, 
2016/8/14, , , 15, 1, 
2016/8/15, , , 14, 1, 
2016/8/16, , , 10, 2, 
2016/8/17, , , 14, , 
2016/8/18, , , 15, 1, 
2015/8/7, , , 5, 4, 
2015/8/10, , , 11, 11, 
2015/8/11, , , 17, 10, 
2015/8/13, , , 16, 3, 
2015/8/23, , , 15, 10, 
2015/9/6, , , 20, 60, 
2015/9/25, , , 17, 12, 
2015/9/30, , , 20, 20, 
2015/12/13, , , , , 