date, pm25, pm10
2021/5/4, 16, 9
2021/5/5, 23, 7
2021/5/6, 18, 9
2021/5/7, 26, 11
2021/5/8, 33, 11
2021/5/9, 31, 12
2021/5/10, 38, 7
2021/5/11, 19, 11
2021/5/12, 32, 14
2021/5/13, 30, 12
2021/5/14, 26, 7
2021/5/15, 14, 7
2021/5/16, 18, 10
2021/5/17, 34, 14
2021/5/18, 37, 12
2021/5/19, 30, 13
2021/5/20, 40, 16
2021/5/21, 50, 16
2021/5/22, 53, 
2021/4/5, 20, 9
2021/4/6, 22, 7
2021/4/7, 13, 12
2021/4/8, 27, 11
2021/4/9, 26, 9
2021/4/10, 17, 8
2021/4/11, 15, 8
2021/4/12, 11, 5
2021/4/13, 9, 8
2021/4/14, 13, 9
2021/4/15, 22, 7
2021/4/16, 18, 6
2021/4/17, 13, 9
2021/4/18, 28, 10
2021/4/19, 33, 10
2021/4/20, 30, 5
2021/4/21, 10, 7
2021/4/22, 15, 13
2021/4/23, 33, 24
2021/4/24, 67, 22
2021/4/25, 62, 30
2021/4/26, 81, 43
2021/4/27, 110, 87
2021/4/28, 189, 20
2021/4/29, 59, 17
2021/4/30, 53, 8
2021/5/1, 11, 
2021/3/2, 10, 6
2021/3/3, 13, 9
2021/3/4, 19, 6
2021/3/5, 16, 6
2021/3/6, 14, 6
2021/3/7, 18, 4
2021/3/8, 10, 4
2021/3/9, 10, 5
2021/3/10, 10, 16
2021/3/11, 24, 20
2021/3/12, 27, 7
2021/3/13, 12, 10
2021/3/14, 15, 6
2021/3/15, 9, 7
2021/3/16, 12, 10
2021/3/17, 17, 13
2021/3/18, 24, 10
2021/3/19, 18, 11
2021/3/20, 25, 14
2021/3/21, 29, 11
2021/3/22, 25, 9
2021/3/23, 16, 11
2021/3/24, 14, 6
2021/3/25, 7, 5
2021/3/26, 8, 6
2021/3/27, 10, 7
2021/3/28, 13, 7
2021/3/29, 17, 14
2021/3/30, 33, 12
2021/3/31, 25, 9
2021/4/1, 17, 
2021/2/2, 18, 12
2021/2/3, 21, 15
2021/2/4, 25, 14
2021/2/5, 18, 11
2021/2/6, 17, 8
2021/2/7, 13, 5
2021/2/8, 8, 3
2021/2/9, 7, 9
2021/2/10, 15, 10
2021/2/11, 16, 9
2021/2/12, 16, 9
2021/2/13, 17, 6
2021/2/14, 13, 9
2021/2/15, 19, 11
2021/2/16, 25, 13
2021/2/17, 25, 6
2021/2/18, 13, 10
2021/2/19, 17, 14
2021/2/20, 21, 10
2021/2/21, 16, 7
2021/2/22, 14, 14
2021/2/23, 29, 16
2021/2/24, 32, 15
2021/2/25, 30, 13
2021/2/26, 24, 10
2021/2/27, 20, 7
2021/2/28, 14, 7
2021/3/1, 13, 6
2021/1/5, 10, 9
2021/1/6, 12, 12
2021/1/7, 19, 14
2021/1/8, 24, 19
2021/1/9, 26, 20
2021/1/10, 29, 16
2021/1/11, 31, 12
2021/1/12, 20, 15
2021/1/13, 27, 13
2021/1/14, 22, 15
2021/1/15, 21, 10
2021/1/16, 12, 13
2021/1/17, 19, 13
2021/1/18, 19, 14
2021/1/19, 18, 15
2021/1/20, 22, 21
2021/1/21, 46, 29
2021/1/22, 74, 18
2021/1/23, 37, 16
2021/1/24, 31, 9
2021/1/25, 15, 9
2021/1/26, 14, 9
2021/1/27, 16, 9
2021/1/28, 14, 11
2021/1/29, 17, 9
2021/1/30, 16, 9
2021/1/31, 19, 12
2021/2/1, 22, 11
2020/10/2, 26, 10
2020/10/3, 20, 7
2020/10/4, 16, 8
2020/10/5, 17, 11
2020/10/6, 26, 13
2020/10/7, 26, 12
2020/10/8, 19, 13
2020/10/9, 23, 12
2020/10/10, 35, 8
2020/10/11, 28, 9
2020/10/12, 32, 7
2020/10/13, 20, 8
2020/10/14, 17, 11
2020/10/15, 21, 7
2020/10/16, 15, 12
2020/10/17, 40, 12
2020/10/18, 41, 8
2020/10/19, 22, 31
2020/10/20, 84, 37
2020/10/21, 100, 27
2020/10/22, 79, 8
2020/10/23, 18, 7
2020/10/24, 14, 12
2020/10/25, 41, 25
2020/10/26, 72, 11
2020/10/27, 40, 12
2020/10/28, 34, 13
2020/10/29, 30, 15
2020/10/30, 32, 20
2020/10/31, 48, 31
2020/11/1, 75, 9
2020/11/2, 17, 7
2020/11/3, 17, 6
2020/11/4, 11, 9
2020/11/5, 20, 11
2020/11/6, 29, 22
2020/11/7, 60, 11
2020/11/8, 25, 13
2020/11/9, 36, 6
2020/11/10, 9, 10
2020/11/11, 17, 8
2020/11/12, 13, 7
2020/11/13, 12, 11
2020/11/14, 18, 9
2020/11/15, 24, 10
2020/11/16, 18, 6
2020/11/17, 15, 10
2020/11/18, 23, 13
2020/11/19, 32, 10
2020/11/20, 18, 7
2020/11/21, 16, 8
2020/11/22, 24, 9
2020/11/23, 19, 19
2020/11/24, 53, 17
2020/11/25, 50, 15
2020/11/26, 36, 19
2020/11/27, 44, 10
2020/11/28, 18, 8
2020/11/29, 15, 8
2020/11/30, 14, 10
2020/12/1, 17, 10
2020/12/2, 19, 8
2020/12/3, 15, 7
2020/12/4, 12, 6
2020/12/5, 10, 11
2020/12/6, 16, 10
2020/12/7, 15, 7
2020/12/8, 15, 12
2020/12/9, 21, 16
2020/12/10, 34, 17
2020/12/11, 32, 19
2020/12/12, 29, 13
2020/12/13, 22, 7
2020/12/14, 12, 10
2020/12/15, 13, 12
2020/12/16, 21, 12
2020/12/17, 21, 11
2020/12/18, 17, 8
2020/12/19, 13, 14
2020/12/20, 40, 9
2020/12/21, 16, 16
2020/12/22, 38, 14
2020/12/23, 26, 13
2020/12/24, 24, 15
2020/12/25, 26, 16
2020/12/26, 33, 11
2020/12/27, 21, 12
2020/12/28, 17, 13
2020/12/29, 19, 14
2020/12/30, 24, 18
2020/12/31, 39, 15
2021/1/1, 25, 11
2021/1/2, 22, 10
2021/1/3, 16, 11
2021/1/4, 16, 9
2020/7/2, 33, 18
2020/7/3, 58, 14
2020/7/4, 53, 13
2020/7/5, 45, 16
2020/7/6, 29, 14
2020/7/7, 15, 9
2020/7/8, 11, 10
2020/7/9, 27, 13
2020/7/10, 48, 17
2020/7/11, 58, 11
2020/7/12, 37, 22
2020/7/13, 65, 15
2020/7/14, 18, 11
2020/7/15, 17, 15
2020/7/16, 42, 11
2020/7/17, 11, 8
2020/7/18, 21, 15
2020/7/19, 53, 16
2020/7/20, 44, 14
2020/7/21, 44, 11
2020/7/22, 32, 16
2020/7/23, 25, 16
2020/7/24, 25, 19
2020/7/25, 58, 16
2020/7/26, 46, 16
2020/7/27, 43, 14
2020/7/28, 27, 13
2020/7/29, 32, 19
2020/7/30, 58, 18
2020/7/31, 53, 16
2020/8/1, 54, 19
2020/8/2, 62, 16
2020/8/3, 57, 9
2020/8/4, 33, 5
2020/8/5, 18, 6
2020/8/6, 15, 8
2020/8/7, 23, 9
2020/8/8, 33, 6
2020/8/9, 18, 10
2020/8/10, 6, 16
2020/8/11, 16, 7
2020/8/12, 11, 11
2020/8/13, 29, 12
2020/8/14, 36, 15
2020/8/15, 51, 9
2020/8/16, 13, 14
2020/8/17, 17, 9
2020/8/18, 19, 17
2020/8/19, 34, 21
2020/8/20, 60, 13
2020/8/21, 48, 13
2020/8/22, 50, 12
2020/8/23, 42, 11
2020/8/24, 30, 14
2020/8/25, 52, 10
2020/8/26, 37, 20
2020/8/27, 67, 12
2020/8/28, 47, 10
2020/8/29, 32, 10
2020/8/30, 19, 18
2020/8/31, 55, 20
2020/9/1, 61, 11
2020/9/2, 19, 14
2020/9/3, 25, 15
2020/9/4, 26, 15
2020/9/5, 26, 
2020/9/8, 27, 14
2020/9/9, 26, 10
2020/9/10, 24, 11
2020/9/11, 15, 15
2020/9/12, 45, 
2020/9/15, 28, 13
2020/9/16, 41, 7
2020/9/17, 11, 7
2020/9/18, 17, 11
2020/9/19, 29, 9
2020/9/20, 11, 11
2020/9/21, 22, 12
2020/9/22, 24, 10
2020/9/23, 28, 9
2020/9/24, 22, 10
2020/9/25, 23, 8
2020/9/26, 14, 14
2020/9/27, 33, 10
2020/9/28, 35, 7
2020/9/29, 13, 13
2020/9/30, 29, 8
2020/10/1, 14, 14
2020/5/21, 63, 
2020/5/23, 86, 
2020/5/24, 77, 
2020/5/25, 53, 
2020/5/26, 58, 
2020/5/27, 37, 
2020/5/28, 40, 
2020/5/29, 22, 
2020/5/30, 20, 
2020/6/3, 61, 
2020/6/4, 67, 
2020/6/5, 106, 
2020/6/6, 55, 
2020/6/7, 39, 
2020/6/8, 36, 
2020/6/9, 57, 
2020/6/10, 58, 
2020/6/11, 65, 
2020/6/12, 43, 
2020/6/13, 18, 
2020/6/14, 49, 
2020/6/15, 37, 
2020/6/16, 18, 
2020/6/17, 36, 
2020/6/18, 22, 
2020/6/19, 27, 
2020/6/20, 55, 
2020/6/21, 49, 
2020/6/22, 58, 
2020/6/23, 68, 21
2020/6/24, 32, 18
2020/6/25, 25, 18
2020/6/26, 43, 13
2020/6/27, 24, 16
2020/6/28, 32, 20
2020/6/29, 24, 19
2020/6/30, 26, 13
2020/7/1, 19, 15
2020/1/2, 35, 
2020/1/8, 15, 
2020/1/9, 6, 
2020/1/10, 18, 
2020/1/11, 28, 
2020/1/12, 31, 
2020/1/13, 41, 
2020/1/14, 32, 
2020/1/15, 38, 
2020/1/16, 34, 
2020/1/17, 31, 
2020/1/18, 34, 
2020/1/19, 24, 
2020/1/20, 19, 
2020/1/21, 22, 
2020/1/22, 25, 
2020/1/23, 39, 
2020/1/24, 23, 
2020/1/25, 18, 
2020/1/31, 16, 
2020/2/1, 21, 
2020/2/2, 19, 
2020/2/3, 20, 
2020/2/4, 24, 
2020/2/5, 29, 
2020/2/6, 28, 
2020/2/7, 36, 
2020/2/8, 32, 
2020/2/9, 19, 
2020/2/10, 18, 
2020/2/11, 24, 
2020/2/12, 33, 
2020/2/13, 37, 
2020/2/14, 21, 
2020/2/15, 23, 
2020/2/16, 31, 
2020/2/17, 26, 
2020/2/18, 31, 
2020/2/19, 28, 
2020/2/20, 35, 
2020/2/21, 38, 
2020/2/22, 31, 
2020/2/23, 31, 
2020/2/24, 27, 
2020/2/25, 20, 
2020/2/26, 14, 
2020/2/27, 18, 
2020/2/28, 20, 
2020/2/29, 23, 
2020/3/1, 31, 
2020/3/2, 21, 
2020/3/3, 25, 
2020/3/4, 25, 
2020/3/5, 29, 
2020/3/6, 27, 
2020/3/7, 40, 
2020/3/8, 46, 
2020/3/9, 42, 
2020/3/10, 35, 
2020/3/11, 34, 
2020/3/12, 28, 
2020/3/13, 29, 
2020/3/14, 21, 
2020/3/15, 25, 
2020/3/16, 22, 
2020/3/17, 20, 
2020/3/18, 18, 
2020/3/19, 21, 
2020/3/20, 25, 
2020/3/21, 19, 
2020/3/22, 18, 
2020/3/23, 17, 
2020/3/24, 18, 
2020/3/25, 23, 
2020/3/27, 22, 
2020/3/28, 27, 
2020/3/29, 26, 
2020/3/30, 20, 
2019/10/2, 19, 12
2019/10/3, 24, 12
2019/10/4, 22, 10
2019/10/5, 25, 7
2019/10/6, 25, 10
2019/10/7, 26, 6
2019/10/8, 18, 7
2019/10/9, 19, 12
2019/10/10, 12, 15
2019/10/11, 19, 10
2019/10/12, 16, 6
2019/10/13, 14, 10
2019/10/14, 19, 8
2019/10/15, 24, 7
2019/10/16, 17, 13
2019/10/17, 29, 23
2019/10/18, 44, 13
2019/10/19, 32, 13
2019/10/20, 32, 17
2019/10/21, 52, 17
2019/10/22, 35, 12
2019/10/23, 24, 10
2019/10/24, 28, 15
2019/10/25, 32, 13
2019/10/26, 27, 11
2019/10/27, 22, 15
2019/10/28, 44, 17
2019/10/29, 31, 8
2019/10/30, 19, 14
2019/10/31, 29, 12
2019/11/1, 24, 12
2019/11/2, 29, 13
2019/11/3, 33, 11
2019/11/4, 26, 8
2019/11/5, 25, 9
2019/11/6, 24, 11
2019/11/7, 28, 17
2019/11/8, 32, 16
2019/11/9, 51, 11
2019/11/10, 25, 24
2019/11/11, 49, 14
2019/11/12, 33, 12
2019/11/13, 31, 15
2019/11/14, 46, 17
2019/11/15, 40, 17
2019/11/16, 35, 16
2019/11/17, 36, 19
2019/11/18, 39, 32
2019/11/19, 43, 28
2019/11/20, 86, 16
2019/11/21, 31, 13
2019/11/22, 26, 12
2019/11/23, 28, 11
2019/11/24, 32, 12
2019/11/25, 29, 7
2019/11/26, 25, 14
2019/11/27, 36, 19
2019/11/28, 29, 13
2019/11/29, 43, 14
2019/11/30, 29, 9
2019/12/1, 28, 8
2019/12/2, 25, 8
2019/12/3, 39, 11
2019/12/4, 39, 14
2019/12/5, 39, 13
2019/12/6, 30, 17
2019/12/7, 28, 
2019/12/11, 29, 
2019/12/14, 34, 
2019/12/15, 47, 
2019/12/16, 97, 
2019/12/17, 60, 
2019/12/18, 30, 
2019/12/19, 33, 
2019/12/20, 31, 
2019/12/21, 26, 
2019/12/22, 24, 
2019/12/23, 34, 
2019/12/24, 26, 
2019/12/25, 24, 
2019/12/26, 39, 
2019/12/27, 52, 
2019/12/28, 24, 
2019/12/29, 24, 
2019/12/30, 28, 
2019/7/2, 32, 14
2019/7/3, 45, 14
2019/7/4, 44, 12
2019/7/5, 25, 9
2019/7/6, 29, 14
2019/7/7, 42, 12
2019/7/8, 36, 10
2019/7/9, 23, 12
2019/7/10, 36, 15
2019/7/11, 32, 16
2019/7/12, 31, 16
2019/7/13, 42, 12
2019/7/14, 32, 6
2019/7/15, 39, 12
2019/7/16, 35, 22
2019/7/17, 41, 17
2019/7/18, 40, 11
2019/7/19, 26, 14
2019/7/20, 37, 13
2019/7/21, 29, 20
2019/7/22, 37, 23
2019/7/23, 42, 23
2019/7/24, 44, 19
2019/7/25, 27, 10
2019/7/26, 26, 11
2019/7/27, 31, 10
2019/7/28, 34, 6
2019/7/29, 31, 8
2019/7/30, 31, 13
2019/7/31, 35, 14
2019/8/1, 51, 16
2019/8/2, 46, 11
2019/8/3, 31, 22
2019/8/4, 46, 12
2019/8/5, 31, 14
2019/8/6, 26, 6
2019/8/7, 24, 14
2019/8/8, 35, 17
2019/8/9, 37, 3
2019/8/10, 35, 5
2019/8/11, 31, 1
2019/8/12, 27, 5
2019/8/13, 29, 15
2019/8/14, 41, 9
2019/8/15, 23, 7
2019/8/16, 30, 11
2019/8/17, 17, 16
2019/8/18, 34, 22
2019/8/19, 49, 13
2019/8/20, 37, 15
2019/8/21, 46, 17
2019/8/22, 43, 19
2019/8/23, 36, 11
2019/8/24, 24, 11
2019/8/25, 34, 10
2019/8/26, 31, 9
2019/8/27, 35, 12
2019/8/28, 31, 18
2019/8/29, 39, 21
2019/8/30, 44, 20
2019/8/31, 26, 22
2019/9/1, 32, 26
2019/9/2, 39, 28
2019/9/3, 42, 19
2019/9/4, 31, 15
2019/9/5, 26, 
2019/9/6, 31, 15
2019/9/7, 28, 17
2019/9/8, 42, 14
2019/9/9, 40, 20
2019/9/10, 31, 16
2019/9/11, 30, 14
2019/9/12, 30, 14
2019/9/13, 25, 13
2019/9/14, 25, 9
2019/9/15, 23, 16
2019/9/16, 35, 8
2019/9/17, 20, 11
2019/9/18, 24, 10
2019/9/19, 22, 12
2019/9/20, 28, 15
2019/9/21, 33, 6
2019/9/22, 22, 6
2019/9/23, 24, 7
2019/9/24, 23, 16
2019/9/25, 33, 11
2019/9/26, 20, 7
2019/9/27, 22, 6
2019/9/28, 20, 11
2019/9/29, 20, 10
2019/9/30, 27, 14
2019/10/1, 32, 10
2019/4/2, 46, 12
2019/4/3, 29, 10
2019/4/4, 21, 11
2019/4/5, 24, 16
2019/4/6, 31, 16
2019/4/7, 24, 11
2019/4/8, 23, 11
2019/4/9, 22, 14
2019/4/10, 27, 19
2019/4/11, 40, 12
2019/4/12, 33, 10
2019/4/13, 26, 19
2019/4/14, 42, 13
2019/4/15, 27, 19
2019/4/16, 35, 19
2019/4/17, 37, 14
2019/4/18, 32, 16
2019/4/19, 32, 7
2019/4/20, 18, 7
2019/4/21, 25, 12
2019/4/22, 39, 13
2019/4/23, 36, 11
2019/4/24, 29, 10
2019/4/25, 28, 15
2019/4/26, 73, 14
2019/4/27, 66, 15
2019/4/28, 75, 16
2019/4/29, 59, 20
2019/4/30, 27, 15
2019/5/1, 46, 7
2019/5/2, 28, 15
2019/5/3, 35, 11
2019/5/4, 54, 18
2019/5/5, 55, 13
2019/5/6, 33, 11
2019/5/7, 31, 13
2019/5/8, 43, 5
2019/5/9, 24, 12
2019/5/10, 40, 29
2019/5/11, 74, 35
2019/5/12, 71, 34
2019/5/13, 95, 18
2019/5/14, 45, 19
2019/5/15, 43, 56
2019/5/16, 132, 50
2019/5/17, 102, 7
2019/5/18, 24, 11
2019/5/19, 31, 14
2019/5/20, 29, 15
2019/5/21, 23, 14
2019/5/22, 32, 12
2019/5/23, 25, 18
2019/5/24, 35, 13
2019/5/25, 33, 12
2019/5/26, 33, 9
2019/5/27, 31, 11
2019/5/28, 26, 12
2019/5/29, 37, 11
2019/5/30, 36, 15
2019/5/31, 36, 21
2019/6/1, 36, 21
2019/6/2, 34, 27
2019/6/3, 52, 26
2019/6/4, 55, 18
2019/6/5, 49, 23
2019/6/6, 36, 47
2019/6/7, 39, 40
2019/6/8, 32, 12
2019/6/9, 9, 14
2019/6/10, 13, 20
2019/6/11, 21, 18
2019/6/12, 22, 16
2019/6/13, 33, 14
2019/6/14, 22, 15
2019/6/15, 42, 19
2019/6/16, 38, 17
2019/6/17, 28, 10
2019/6/18, 30, 18
2019/6/19, 41, 21
2019/6/20, 46, 16
2019/6/21, 38, 13
2019/6/22, 30, 21
2019/6/23, 44, 11
2019/6/24, 24, 19
2019/6/25, 31, 16
2019/6/26, 21, 16
2019/6/27, 24, 18
2019/6/28, 29, 12
2019/6/29, 35, 
2019/7/1, 24, 15
2019/1/2, 45, 13
2019/1/3, 25, 14
2019/1/4, 23, 15
2019/1/5, 24, 10
2019/1/6, 19, 11
2019/1/7, 21, 14
2019/1/8, 34, 12
2019/1/9, 27, 15
2019/1/10, 30, 17
2019/1/11, 33, 14
2019/1/12, 28, 22
2019/1/13, 49, 24
2019/1/14, 46, 9
2019/1/15, 24, 19
2019/1/16, 33, 14
2019/1/17, 22, 11
2019/1/18, 21, 12
2019/1/19, 23, 16
2019/1/20, 28, 21
2019/1/21, 43, 22
2019/1/22, 34, 8
2019/1/23, 16, 13
2019/1/24, 17, 11
2019/1/25, 18, 10
2019/1/27, 2, 13
2019/1/28, 8, 15
2019/1/29, 11, 15
2019/1/30, 15, 15
2019/1/31, 19, 19
2019/2/1, 21, 21
2019/2/2, 28, 17
2019/2/3, 24, 14
2019/2/4, 19, 12
2019/2/5, 15, 12
2019/2/6, 17, 15
2019/2/7, 22, 21
2019/2/8, 24, 18
2019/2/9, 21, 14
2019/2/10, 21, 14
2019/2/11, 21, 11
2019/2/12, 19, 13
2019/2/13, 22, 20
2019/2/14, 32, 23
2019/2/15, 37, 24
2019/2/16, 40, 16
2019/2/17, 29, 14
2019/2/18, 27, 17
2019/2/19, 23, 16
2019/2/20, 23, 19
2019/2/21, 55, 28
2019/2/22, 37, 14
2019/2/23, 23, 9
2019/2/24, 19, 7
2019/2/25, 16, 15
2019/2/26, 24, 25
2019/2/27, 42, 26
2019/2/28, 53, 23
2019/3/1, 37, 16
2019/3/2, 25, 15
2019/3/3, 24, 10
2019/3/4, 20, 17
2019/3/5, 28, 15
2019/3/6, 25, 21
2019/3/7, 36, 19
2019/3/8, 40, 8
2019/3/9, 18, 11
2019/3/10, 24, 5
2019/3/11, 17, 6
2019/3/12, 19, 13
2019/3/13, 32, 13
2019/3/14, 27, 6
2019/3/15, 16, 13
2019/3/16, 27, 14
2019/3/17, 28, 11
2019/3/18, 24, 14
2019/3/19, 28, 15
2019/3/20, 34, 16
2019/3/21, 37, 15
2019/3/22, 25, 9
2019/3/23, 16, 6
2019/3/24, 15, 12
2019/3/25, 24, 18
2019/3/26, 33, 17
2019/3/27, 31, 19
2019/3/28, 34, 15
2019/3/29, 24, 13
2019/3/30, 24, 18
2019/3/31, 43, 17
2019/4/1, 35, 24
2018/10/2, 29, 7
2018/10/3, 19, 8
2018/10/4, 18, 7
2018/10/5, 20, 12
2018/10/6, 26, 3
2018/10/7, 14, 4
2018/10/8, 14, 7
2018/10/9, 17, 10
2018/10/10, 16, 10
2018/10/12, 11, 15
2018/10/13, 12, 10
2018/10/14, 3, 12
2018/10/15, 8, 12
2018/10/16, 18, 12
2018/10/17, 14, 15
2018/10/18, 26, 13
2018/10/19, 22, 13
2018/10/20, 18, 12
2018/10/21, 14, 15
2018/10/22, 22, 18
2018/10/23, 30, 13
2018/10/24, 22, 7
2018/10/25, 18, 1
2018/10/26, 30, 5
2018/10/27, 64, 10
2018/10/28, 153, 15
2018/10/31, 39, 14
2018/11/1, 38, 18
2018/11/2, 27, 13
2018/11/3, 25, 11
2018/11/4, 33, 11
2018/11/5, 25, 13
2018/11/6, 25, 12
2018/11/7, 25, 17
2018/11/8, 22, 15
2018/11/9, 20, 14
2018/11/10, 33, 16
2018/11/11, 75, 24
2018/11/12, 66, 7
2018/11/13, 15, 5
2018/11/14, 14, 17
2018/11/15, 35, 39
2018/11/16, 65, 25
2018/11/17, 53, 22
2018/11/18, 90, 13
2018/11/19, 33, 11
2018/11/20, 22, 11
2018/11/21, 24, 6
2018/11/22, 18, 10
2018/11/23, 16, 12
2018/11/24, 30, 9
2018/11/25, 23, 6
2018/11/26, 18, 8
2018/11/27, 20, 11
2018/11/28, 21, 11
2018/11/29, 22, 8
2018/11/30, 24, 14
2018/12/1, 27, 14
2018/12/2, 28, 9
2018/12/3, 19, 15
2018/12/4, 32, 17
2018/12/5, 33, 10
2018/12/6, 19, 6
2018/12/7, 18, 9
2018/12/8, 21, 8
2018/12/9, 19, 9
2018/12/10, 21, 19
2018/12/11, 64, 11
2018/12/12, 26, 10
2018/12/13, 23, 17
2018/12/14, 32, 20
2018/12/15, 39, 24
2018/12/16, 47, 16
2018/12/17, 39, 5
2018/12/18, 17, 6
2018/12/19, 16, 9
2018/12/20, 19, 9
2018/12/21, 18, 12
2018/12/22, 25, 15
2018/12/23, 32, 17
2018/12/24, 37, 12
2018/12/25, 26, 16
2018/12/26, 39, 38
2018/12/27, 58, 9
2018/12/28, 19, 10
2018/12/29, 19, 18
2018/12/30, 32, 20
2018/12/31, 37, 
2018/7/11, 52, 13
2018/7/12, 45, 18
2018/7/13, 52, 20
2018/7/14, 32, 15
2018/7/15, 36, 13
2018/7/16, 27, 14
2018/7/17, 25, 26
2018/7/18, 40, 18
2018/7/19, 29, 12
2018/7/20, 33, 16
2018/7/21, 28, 17
2018/7/22, 18, 19
2018/7/23, 28, 28
2018/7/24, 50, 18
2018/7/25, 42, 16
2018/7/27, 26, 6
2018/7/28, 19, 11
2018/7/29, 32, 
2018/8/1, 40, 17
2018/8/2, 31, 15
2018/8/3, 34, 20
2018/8/4, 31, 20
2018/8/5, 34, 13
2018/8/6, 32, 16
2018/8/7, 40, 13
2018/8/8, 19, 14
2018/8/9, 19, 18
2018/8/10, 23, 12
2018/8/11, 30, 13
2018/8/12, 33, 22
2018/8/13, 28, 29
2018/8/14, 31, 24
2018/8/15, 36, 22
2018/8/16, 44, 11
2018/8/17, 26, 10
2018/8/18, 20, 13
2018/8/19, 32, 13
2018/8/20, 43, 13
2018/8/21, 36, 16
2018/8/22, 29, 13
2018/8/23, 34, 12
2018/8/24, 38, 11
2018/8/25, 27, 11
2018/8/26, 34, 9
2018/8/27, 31, 14
2018/8/28, 43, 11
2018/8/29, 13, 9
2018/8/30, 20, 9
2018/8/31, 29, 12
2018/9/1, 32, 9
2018/9/2, 25, 11
2018/9/3, 26, 11
2018/9/4, 33, 14
2018/9/5, 22, 15
2018/9/6, 27, 13
2018/9/7, 33, 12
2018/9/8, 19, 14
2018/9/9, 26, 13
2018/9/10, 24, 16
2018/9/11, 24, 22
2018/9/12, 40, 14
2018/9/13, 22, 10
2018/9/14, 19, 16
2018/9/15, 33, 14
2018/9/16, 36, 13
2018/9/17, 35, 13
2018/9/18, 29, 14
2018/9/19, 36, 9
2018/9/20, 20, 11
2018/9/21, 27, 16
2018/9/22, 42, 13
2018/9/23, 30, 15
2018/9/24, 46, 18
2018/9/25, 35, 13
2018/9/26, 31, 10
2018/9/27, 23, 8
2018/9/28, 20, 11
2018/9/29, 23, 12
2018/9/30, 25, 9
2018/10/1, 26, 10
2018/4/2, 40, 
2018/4/3, 31, 
2018/4/4, 34, 
2018/4/5, 34, 
2018/4/6, 29, 
2018/4/7, 37, 
2018/4/8, 42, 
2018/4/9, 19, 
2018/4/10, 22, 
2018/4/11, 27, 
2018/4/12, 20, 
2018/4/13, 19, 
2018/4/14, 27, 
2018/4/17, 31, 
2018/4/18, 44, 
2018/4/19, 24, 
2018/4/20, 25, 
2018/4/21, 22, 
2018/4/22, 21, 
2018/4/23, 28, 
2018/4/24, 29, 
2018/4/25, 25, 
2018/4/26, 21, 
2018/4/27, 27, 
2018/4/28, 37, 
2018/4/29, 34, 
2018/4/30, 44, 
2018/5/1, 55, 
2018/5/2, 32, 
2018/5/3, 25, 
2018/5/4, 36, 
2018/5/5, 45, 
2018/5/6, 51, 
2018/5/7, 38, 
2018/5/8, 50, 
2018/5/9, 26, 
2018/5/10, 37, 
2018/5/11, 34, 
2018/5/12, 34, 41
2018/5/13, 62, 25
2018/5/14, 38, 19
2018/5/15, 51, 23
2018/5/16, 56, 32
2018/5/17, 111, 36
2018/5/18, 76, 29
2018/5/19, 90, 
2018/5/22, 51, 43
2018/5/23, 61, 44
2018/5/24, 80, 39
2018/5/25, 52, 25
2018/5/26, 18, 23
2018/5/27, 33, 19
2018/5/28, 29, 19
2018/5/29, 34, 17
2018/5/30, 42, 21
2018/5/31, 20, 21
2018/6/1, 28, 18
2018/6/2, 35, 16
2018/6/3, 41, 21
2018/6/4, 59, 26
2018/6/5, 66, 16
2018/6/6, 35, 16
2018/6/7, 18, 12
2018/6/8, 3, 11
2018/6/9, 18, 14
2018/6/10, 7, 21
2018/6/11, 13, 17
2018/6/12, 35, 14
2018/6/13, 29, 23
2018/6/14, 42, 24
2018/6/15, 43, 17
2018/6/16, 27, 13
2018/6/17, 26, 16
2018/6/18, 27, 18
2018/6/19, 20, 15
2018/6/20, 30, 15
2018/6/21, 36, 17
2018/6/22, 33, 12
2018/6/23, 33, 17
2018/6/24, 46, 12
2018/6/25, 49, 16
2018/6/26, 38, 11
2018/6/27, 20, 
2018/1/2, 24, 
2018/1/3, 36, 
2018/1/4, 32, 
2018/1/5, 23, 
2018/1/6, 23, 
2018/1/7, 29, 
2018/1/8, 29, 
2018/1/10, 28, 
2018/1/11, 34, 
2018/1/12, 24, 
2018/1/13, 37, 
2018/1/14, 29, 
2018/1/15, 33, 
2018/1/16, 41, 
2018/1/17, 26, 
2018/1/18, 26, 
2018/1/19, 21, 
2018/1/20, 23, 
2018/1/21, 27, 
2018/1/22, 34, 
2018/1/23, 24, 
2018/1/24, 26, 
2018/1/25, 26, 
2018/1/26, 20, 
2018/1/27, 21, 
2018/1/28, 21, 
2018/1/29, 28, 
2018/1/30, 23, 
2018/1/31, 22, 
2018/2/1, 22, 
2018/2/2, 30, 
2018/2/3, 35, 
2018/2/4, 30, 
2018/2/5, 28, 
2018/2/6, 23, 
2018/2/7, 21, 
2018/2/8, 26, 
2018/2/9, 23, 
2018/2/10, 25, 
2018/2/11, 26, 
2018/2/12, 27, 
2018/2/13, 27, 
2018/2/14, 28, 
2018/2/15, 23, 
2018/2/16, 30, 
2018/2/17, 38, 
2018/2/18, 37, 
2018/2/19, 19, 
2018/2/20, 21, 
2018/2/21, 28, 
2018/2/22, 20, 
2018/2/23, 23, 
2018/2/24, 22, 
2018/2/25, 19, 
2018/2/26, 29, 
2018/2/27, 26, 
2018/2/28, 29, 
2018/3/1, 27, 
2018/3/2, 26, 
2018/3/3, 22, 
2018/3/4, 21, 
2018/3/5, 18, 
2018/3/6, 22, 
2018/3/7, 30, 
2018/3/8, 34, 
2018/3/9, 28, 
2018/3/10, 20, 
2018/3/11, 20, 
2018/3/12, 27, 
2018/3/13, 33, 
2018/3/14, 34, 
2018/3/15, 43, 
2018/3/16, 23, 
2018/3/17, 17, 
2018/3/18, 21, 
2018/3/19, 31, 
2018/3/20, 30, 
2018/3/21, 31, 
2018/3/22, 36, 
2018/3/23, 38, 
2018/3/24, 27, 
2018/3/25, 28, 
2018/3/26, 22, 
2018/3/27, 27, 
2018/3/28, 18, 
2018/3/29, 21, 
2018/3/30, 24, 
2018/3/31, 22, 
2018/4/1, 24, 
2017/10/2, 26, 
2017/10/3, 30, 
2017/10/4, 20, 
2017/10/5, 15, 
2017/10/6, 27, 
2017/10/7, 94, 
2017/10/8, 17, 
2017/10/9, 26, 
2017/10/10, 28, 
2017/10/11, 21, 
2017/10/12, 33, 
2017/10/13, 35, 
2017/10/14, 36, 
2017/10/15, 49, 
2017/10/16, 41, 
2017/10/17, 23, 
2017/10/18, 32, 
2017/10/19, 30, 
2017/10/20, 31, 
2017/10/21, 38, 
2017/10/22, 52, 
2017/10/23, 53, 
2017/10/24, 30, 
2017/10/25, 19, 
2017/10/26, 24, 
2017/10/27, 26, 
2017/10/28, 34, 
2017/10/29, 50, 
2017/10/30, 50, 
2017/10/31, 51, 
2017/11/1, 29, 
2017/11/2, 33, 
2017/11/3, 25, 
2017/11/4, 28, 
2017/11/5, 45, 
2017/11/6, 58, 
2017/11/7, 56, 
2017/11/8, 38, 
2017/11/9, 36, 
2017/11/10, 40, 
2017/11/11, 46, 
2017/11/14, 21, 
2017/11/15, 24, 
2017/11/16, 24, 
2017/11/17, 29, 
2017/11/18, 39, 
2017/11/21, 21, 
2017/11/22, 20, 
2017/11/23, 22, 
2017/11/24, 34, 
2017/11/25, 52, 
2017/11/26, 29, 
2017/11/27, 29, 
2017/11/28, 34, 
2017/11/29, 22, 
2017/11/30, 18, 
2017/12/1, 20, 
2017/12/2, 18, 
2017/12/3, 32, 
2017/12/4, 34, 
2017/12/5, 37, 
2017/12/6, 22, 
2017/12/7, 17, 
2017/12/8, 22, 
2017/12/9, 25, 
2017/12/10, 32, 
2017/12/11, 39, 
2017/12/12, 50, 
2017/12/13, 34, 
2017/12/14, 26, 
2017/12/15, 19, 
2017/12/16, 19, 
2017/12/17, 35, 
2017/12/18, 27, 
2017/12/19, 31, 
2017/12/20, 33, 
2017/12/21, 31, 
2017/12/22, 35, 
2017/12/23, 37, 
2017/12/24, 27, 
2017/12/25, 21, 
2017/12/26, 26, 
2017/12/27, 26, 
2017/12/28, 23, 
2017/12/29, 32, 
2017/12/30, 28, 
2017/12/31, 26, 
2017/7/2, 31, 
2017/7/3, 34, 
2017/7/4, 46, 
2017/7/5, 49, 
2017/7/6, 37, 
2017/7/7, 28, 
2017/7/8, 21, 
2017/7/9, 36, 
2017/7/10, 44, 
2017/7/11, 26, 
2017/7/12, 26, 
2017/7/13, 37, 
2017/7/14, 35, 
2017/7/15, 41, 
2017/7/16, 22, 
2017/7/17, 46, 
2017/7/18, 57, 
2017/7/19, 35, 
2017/7/20, 25, 
2017/7/21, 30, 
2017/7/22, 33, 
2017/7/23, 35, 
2017/7/24, 24, 
2017/7/25, 42, 
2017/7/26, 45, 
2017/7/27, 31, 
2017/7/28, 43, 
2017/7/29, 34, 
2017/7/30, 29, 
2017/7/31, 35, 
2017/8/1, 27, 
2017/8/2, 32, 
2017/8/3, 25, 
2017/8/4, 17, 
2017/8/5, 39, 
2017/8/6, 27, 
2017/8/7, 45, 
2017/8/8, 23, 
2017/8/9, 17, 
2017/8/10, 20, 
2017/8/11, 29, 
2017/8/12, 18, 
2017/8/13, 34, 
2017/8/14, 43, 
2017/8/15, 41, 
2017/8/16, 32, 
2017/8/17, 34, 
2017/8/18, 43, 
2017/8/19, 26, 
2017/8/22, 13, 
2017/8/23, 25, 
2017/8/24, 24, 
2017/8/25, 20, 
2017/8/26, 36, 
2017/8/27, 19, 
2017/8/28, 23, 
2017/8/29, 24, 
2017/8/30, 24, 
2017/8/31, 25, 
2017/9/1, 19, 
2017/9/2, 34, 
2017/9/3, 27, 
2017/9/4, 29, 
2017/9/5, 29, 
2017/9/6, 30, 
2017/9/7, 30, 
2017/9/12, 16, 
2017/9/13, 29, 
2017/9/14, 36, 
2017/9/15, 36, 
2017/9/16, 37, 
2017/9/17, 48, 
2017/9/18, 31, 
2017/9/19, 42, 
2017/9/20, 32, 
2017/9/21, 27, 
2017/9/22, 29, 
2017/9/23, 36, 
2017/9/24, 29, 
2017/10/1, 25, 
2017/4/2, 45, 
2017/4/3, 56, 
2017/4/4, 42, 
2017/4/5, 23, 
2017/4/6, 46, 
2017/4/7, 51, 
2017/4/8, 22, 
2017/4/9, 24, 
2017/4/10, 23, 
2017/4/11, 28, 
2017/4/12, 45, 
2017/4/13, 37, 
2017/4/14, 23, 
2017/4/15, 31, 
2017/4/16, 28, 
2017/4/17, 25, 
2017/4/18, 20, 
2017/4/19, 22, 
2017/4/20, 27, 
2017/4/21, 21, 
2017/4/22, 30, 
2017/4/23, 27, 
2017/4/24, 26, 
2017/4/25, 23, 
2017/4/26, 23, 
2017/4/27, 22, 
2017/4/28, 31, 
2017/4/29, 38, 
2017/4/30, 52, 
2017/5/1, 55, 
2017/5/2, 36, 
2017/5/3, 56, 
2017/5/4, 57, 
2017/5/5, 30, 
2017/5/6, 36, 
2017/5/7, 37, 
2017/5/8, 54, 
2017/5/9, 62, 
2017/5/10, 24, 
2017/5/11, 25, 
2017/5/12, 31, 
2017/5/13, 54, 
2017/5/14, 67, 
2017/5/15, 96, 
2017/5/16, 23, 
2017/5/17, 25, 
2017/5/18, 42, 
2017/5/19, 38, 
2017/5/20, 24, 
2017/5/21, 26, 
2017/5/22, 21, 
2017/5/23, 40, 
2017/5/24, 39, 
2017/5/25, 24, 
2017/5/26, 36, 
2017/5/27, 20, 
2017/5/28, 29, 
2017/5/29, 47, 
2017/5/30, 29, 
2017/5/31, 50, 
2017/6/1, 52, 
2017/6/2, 57, 
2017/6/3, 55, 
2017/6/4, 33, 
2017/6/5, 32, 
2017/6/6, 40, 
2017/6/7, 52, 
2017/6/8, 32, 
2017/6/9, 43, 
2017/6/10, 47, 
2017/6/11, 62, 
2017/6/12, 68, 
2017/6/13, 62, 
2017/6/14, 62, 
2017/6/15, 30, 
2017/6/16, 25, 
2017/6/17, 47, 
2017/6/18, 38, 
2017/6/19, 41, 
2017/6/20, 35, 
2017/6/21, 38, 
2017/6/22, 17, 
2017/6/23, 15, 
2017/6/24, 20, 
2017/6/25, 25, 
2017/6/26, 26, 
2017/6/27, 29, 
2017/6/28, 50, 
2017/6/29, 38, 
2017/6/30, 41, 
2017/7/1, 20, 
2017/1/3, 29, 
2017/1/5, 38, 
2017/1/6, 40, 
2017/1/7, 30, 
2017/1/8, 33, 
2017/1/9, 34, 
2017/1/10, 28, 
2017/1/11, 34, 
2017/1/12, 35, 
2017/1/13, 32, 
2017/1/14, 37, 
2017/1/15, 40, 
2017/1/16, 42, 
2017/1/17, 27, 
2017/1/18, 26, 
2017/1/19, 33, 
2017/1/20, 26, 
2017/1/21, 35, 
2017/1/22, 31, 
2017/1/23, 30, 
2017/1/24, 26, 
2017/1/25, 33, 
2017/1/26, 37, 
2017/1/27, 35, 
2017/1/28, 31, 
2017/1/29, 21, 
2017/1/30, 35, 
2017/1/31, 23, 
2017/2/1, 34, 
2017/2/2, 69, 
2017/2/3, 63, 
2017/2/4, 49, 
2017/2/5, 16, 
2017/2/7, 29, 
2017/2/8, 31, 
2017/2/9, 23, 
2017/2/10, 26, 
2017/2/11, 25, 
2017/2/12, 17, 
2017/2/13, 17, 
2017/2/15, 24, 
2017/2/16, 11, 
2017/2/17, 27, 
2017/2/18, 27, 
2017/2/19, 31, 
2017/2/20, 38, 
2017/2/21, 37, 
2017/2/22, 23, 
2017/2/23, 30, 
2017/2/24, 17, 
2017/2/25, 25, 
2017/2/26, 29, 
2017/2/27, 28, 
2017/2/28, 18, 
2017/3/1, 22, 
2017/3/2, 38, 
2017/3/3, 57, 
2017/3/4, 42, 
2017/3/5, 28, 
2017/3/8, 27, 
2017/3/9, 29, 
2017/3/10, 21, 
2017/3/11, 16, 
2017/3/12, 18, 
2017/3/13, 22, 
2017/3/14, 39, 
2017/3/15, 29, 
2017/3/16, 47, 
2017/3/17, 37, 
2017/3/18, 32, 
2017/3/19, 24, 
2017/3/20, 23, 
2017/3/21, 24, 
2017/3/22, 45, 
2017/3/23, 27, 
2017/3/24, 22, 
2017/3/25, 18, 
2017/3/28, 32, 
2017/3/29, 26, 
2017/3/30, 30, 
2017/3/31, 50, 
2017/4/1, 53, 
2016/10/2, 47, 
2016/10/3, 42, 
2016/10/4, 40, 
2016/10/5, 23, 
2016/10/6, 25, 
2016/10/7, 34, 
2016/10/8, 29, 
2016/10/9, 29, 
2016/10/10, 39, 
2016/10/11, 33, 
2016/10/12, 26, 
2016/10/13, 32, 
2016/10/14, 38, 
2016/10/15, 27, 
2016/10/16, 31, 
2016/10/17, 39, 
2016/10/18, 27, 
2016/10/19, 35, 
2016/10/20, 28, 
2016/10/21, 20, 
2016/10/22, 23, 
2016/10/23, 32, 
2016/10/24, 61, 
2016/10/25, 37, 
2016/10/26, 25, 
2016/10/27, 28, 
2016/10/28, 55, 
2016/10/29, 43, 
2016/10/30, 21, 
2016/10/31, 29, 
2016/11/1, 21, 
2016/11/2, 17, 
2016/11/3, 38, 
2016/11/4, 50, 
2016/11/5, 21, 
2016/11/6, 36, 
2016/11/7, 26, 
2016/11/8, 27, 
2016/11/9, 27, 
2016/11/10, 20, 
2016/11/11, 28, 
2016/11/12, 25, 
2016/11/13, 34, 
2016/11/14, 39, 
2016/11/15, 41, 
2016/11/16, 50, 
2016/11/17, 39, 
2016/11/18, 23, 
2016/11/19, 25, 
2016/11/20, 25, 
2016/11/21, 27, 
2016/11/22, 27, 
2016/11/23, 28, 
2016/11/24, 34, 
2016/11/25, 59, 
2016/11/26, 43, 
2016/11/27, 37, 
2016/11/28, 53, 
2016/11/29, 60, 
2016/11/30, 32, 
2016/12/1, 44, 
2016/12/2, 26, 
2016/12/3, 39, 
2016/12/4, 36, 
2016/12/5, 27, 
2016/12/6, 30, 
2016/12/7, 23, 
2016/12/8, 28, 
2016/12/9, 57, 
2016/12/10, 108, 
2016/12/11, 71, 
2016/12/12, 52, 
2016/12/13, 27, 
2016/12/14, 23, 
2016/12/15, 19, 
2016/12/16, 26, 
2016/12/17, 26, 
2016/12/18, 32, 
2016/12/19, 29, 
2016/12/20, 31, 
2016/12/21, 26, 
2016/12/22, 38, 
2016/12/23, 33, 
2016/12/24, 32, 
2016/12/25, 46, 
2016/12/26, 40, 
2016/12/29, 35, 
2016/12/30, 28, 
2016/12/31, 23, 
2017/1/1, 21, 
2017/1/2, 24, 
2016/7/2, 38, 
2016/7/3, 38, 
2016/7/4, 45, 
2016/7/5, 29, 
2016/7/6, 27, 
2016/7/7, 62, 
2016/7/8, 39, 
2016/7/9, 25, 
2016/7/10, 21, 
2016/7/11, 27, 
2016/7/12, 30, 
2016/7/13, 34, 
2016/7/14, 25, 
2016/7/15, 29, 
2016/7/16, 35, 
2016/7/17, 28, 
2016/7/18, 28, 
2016/7/19, 33, 
2016/7/20, 44, 
2016/7/21, 14, 
2016/7/22, 19, 
2016/7/23, 34, 
2016/7/24, 41, 
2016/7/25, 42, 
2016/7/26, 47, 
2016/7/27, 45, 
2016/7/28, 35, 
2016/7/29, 42, 
2016/7/30, 36, 
2016/7/31, 43, 
2016/8/1, 41, 
2016/8/2, 50, 
2016/8/3, 37, 
2016/8/4, 28, 
2016/8/5, 27, 
2016/8/6, 26, 
2016/8/7, 34, 
2016/8/8, 24, 
2016/8/9, 27, 
2016/8/10, 28, 
2016/8/11, 42, 
2016/8/12, 19, 
2016/8/13, 47, 
2016/8/14, 44, 
2016/8/15, 32, 
2016/8/16, 24, 
2016/8/17, 47, 
2016/8/18, 24, 
2016/8/19, 37, 
2016/8/20, 36, 
2016/8/21, 27, 
2016/8/22, 41, 
2016/8/23, 27, 
2016/8/24, 31, 
2016/8/25, 42, 
2016/8/26, 31, 
2016/8/27, 25, 
2016/8/28, 23, 
2016/8/29, 27, 
2016/8/30, 23, 
2016/8/31, 25, 
2016/9/1, 22, 
2016/9/2, 29, 
2016/9/3, 36, 
2016/9/4, 40, 
2016/9/5, 36, 
2016/9/6, 25, 
2016/9/7, 31, 
2016/9/8, 29, 
2016/9/9, 37, 
2016/9/10, 27, 
2016/9/11, 21, 
2016/9/12, 22, 
2016/9/13, 18, 
2016/9/14, 19, 
2016/9/15, 24, 
2016/9/16, 35, 
2016/9/17, 27, 
2016/9/18, 33, 
2016/9/19, 26, 
2016/9/20, 29, 
2016/9/21, 46, 
2016/9/22, 28, 
2016/9/23, 20, 
2016/9/24, 27, 
2016/9/25, 29, 
2016/9/26, 25, 
2016/9/27, 34, 
2016/9/28, 24, 
2016/9/29, 30, 
2016/9/30, 32, 
2016/10/1, 24, 
2016/4/3, 40, 
2016/4/4, 63, 
2016/4/5, 67, 
2016/4/6, 26, 
2016/4/7, 35, 
2016/4/8, 35, 
2016/4/9, 41, 
2016/4/10, 59, 
2016/4/11, 55, 
2016/4/12, 33, 
2016/4/13, 24, 
2016/4/14, 19, 
2016/4/15, 17, 
2016/4/16, 22, 
2016/4/17, 21, 
2016/4/18, 31, 
2016/4/19, 17, 
2016/4/20, 18, 
2016/4/21, 23, 
2016/4/22, 23, 
2016/4/23, 39, 
2016/4/24, 44, 
2016/4/25, 29, 
2016/4/26, 25, 
2016/4/27, 18, 
2016/4/28, 22, 
2016/4/29, 24, 
2016/4/30, 41, 
2016/5/1, 29, 
2016/5/2, 29, 
2016/5/3, 39, 
2016/5/4, 29, 
2016/5/5, 34, 
2016/5/6, 27, 
2016/5/7, 37, 
2016/5/8, 25, 
2016/5/9, 31, 
2016/5/10, 39, 
2016/5/11, 40, 
2016/5/12, 50, 
2016/5/13, 35, 
2016/5/14, 33, 
2016/5/15, 30, 
2016/5/16, 41, 
2016/5/17, 46, 
2016/5/18, 32, 
2016/5/19, 40, 
2016/5/20, 48, 
2016/5/21, 56, 
2016/5/22, 28, 
2016/5/23, 34, 
2016/5/24, 35, 
2016/5/25, 36, 
2016/5/26, 31, 
2016/5/27, 30, 
2016/5/28, 48, 
2016/5/29, 30, 
2016/5/30, 40, 
2016/5/31, 32, 
2016/6/1, 55, 
2016/6/2, 61, 
2016/6/3, 40, 
2016/6/4, 35, 
2016/6/5, 22, 
2016/6/6, 38, 
2016/6/7, 31, 
2016/6/8, 21, 
2016/6/9, 33, 
2016/6/10, 36, 
2016/6/11, 18, 
2016/6/12, 34, 
2016/6/13, 26, 
2016/6/14, 25, 
2016/6/15, 26, 
2016/6/16, 21, 
2016/6/17, 20, 
2016/6/18, 27, 
2016/6/19, 29, 
2016/6/20, 26, 
2016/6/21, 27, 
2016/6/22, 28, 
2016/6/23, 37, 
2016/6/24, 31, 
2016/6/25, 27, 
2016/6/26, 21, 
2016/6/27, 47, 
2016/6/28, 20, 
2016/6/29, 25, 
2016/6/30, 44, 
2016/7/1, 47, 
2016/1/5, 48, 
2016/1/6, 57, 
2016/1/7, 52, 
2016/1/8, 41, 
2016/1/9, 76, 
2016/1/10, 158, 
2016/1/11, 84, 
2016/1/12, 51, 
2016/1/13, 19, 
2016/1/14, 28, 
2016/1/15, 25, 
2016/1/16, 39, 
2016/1/17, 41, 
2016/1/18, 46, 
2016/1/19, 22, 
2015/10/2, 27, 
2015/10/3, 33, 
2015/10/4, 29, 
2015/10/5, 27, 
2015/10/6, 29, 
2015/10/7, 29, 
2015/10/8, 24, 
2015/10/9, 33, 
2015/10/10, 39, 
2015/10/11, 51, 
2015/10/12, 59, 
2015/10/13, 57, 
2015/10/14, 51, 
2015/10/15, 34, 
2015/10/16, 25, 
2015/10/17, 28, 
2015/10/18, 36, 
2015/10/19, 34, 
2015/10/20, 24, 
2015/10/21, 27, 
2015/10/22, 31, 
2015/10/23, 45, 
2015/10/24, 35, 
2015/10/25, 24, 
2015/10/26, 17, 
2015/10/27, 18, 
2015/10/28, 24, 
2015/10/29, 28, 
2015/10/30, 47, 
2015/10/31, 45, 
2015/11/1, 27, 
2015/11/2, 30, 
2015/11/3, 36, 
2015/11/4, 29, 
2015/11/5, 26, 
2015/11/6, 37, 
2015/11/7, 31, 
2015/11/8, 28, 
2015/11/9, 25, 
2015/11/10, 58, 
2015/11/11, 31, 
2015/11/12, 27, 
2015/11/13, 58, 
2015/11/14, 71, 
2015/11/17, 24, 
2015/11/18, 36, 
2015/11/19, 30, 
2015/11/20, 26, 
2015/11/21, 21, 
2015/11/22, 49, 
2015/11/23, 69, 
2015/11/24, 73, 
2015/11/25, 41, 
2015/11/26, 18, 
2015/11/27, 27, 
2015/11/28, 44, 
2015/11/29, 98, 
2015/11/30, 88, 
2015/12/1, 14, 
2015/12/2, 31, 
2015/12/3, 60, 
2015/12/4, 74, 
2015/12/5, 28, 
2015/12/6, 18, 
2015/12/7, 21, 
2015/12/8, 20, 
2015/12/9, 19, 
2015/12/11, 19, 
2015/12/12, 20, 
2015/12/13, 24, 
2015/12/14, 23, 
2015/12/15, 28, 
2015/12/16, 23, 
2015/12/17, 25, 
2015/12/18, 32, 
2015/12/19, 38, 
2015/12/20, 32, 
2015/12/21, 27, 
2015/12/22, 32, 
2015/12/23, 36, 
2015/12/24, 51, 
2015/12/25, 38, 
2015/12/26, 36, 
2015/12/27, 35, 
2015/12/28, 49, 
2015/12/29, 42, 
2015/12/30, 48, 
2015/12/31, 25, 
2015/7/2, 49, 
2015/7/3, 33, 
2015/7/4, 32, 
2015/7/5, 28, 
2015/7/6, 18, 
2015/7/7, 33, 
2015/7/8, 18, 
2015/7/9, 22, 
2015/7/10, 29, 
2015/7/11, 30, 
2015/7/12, 35, 
2015/7/13, 44, 
2015/7/14, 37, 
2015/7/15, 33, 
2015/7/16, 33, 
2015/7/17, 25, 
2015/7/18, 28, 
2015/7/19, 35, 
2015/7/20, 29, 
2015/7/21, 18, 
2015/7/22, 30, 
2015/7/23, 21, 
2015/7/24, 21, 
2015/7/25, 48, 
2015/7/26, 35, 
2015/7/27, 33, 
2015/7/28, 30, 
2015/7/29, 32, 
2015/7/30, 33, 
2015/7/31, 35, 
2015/8/1, 19, 
2015/8/2, 32, 
2015/8/3, 36, 
2015/8/4, 22, 
2015/8/5, 22, 
2015/8/6, 23, 
2015/8/7, 20, 
2015/8/8, 28, 
2015/8/9, 22, 
2015/8/10, 28, 
2015/8/11, 25, 
2015/8/12, 46, 
2015/8/13, 48, 
2015/8/14, 29, 
2015/8/15, 28, 
2015/8/16, 30, 
2015/8/17, 38, 
2015/8/18, 22, 
2015/8/19, 19, 
2015/8/20, 19, 
2015/8/21, 25, 
2015/8/22, 30, 
2015/8/23, 37, 
2015/8/24, 24, 
2015/8/25, 26, 
2015/8/26, 20, 
2015/8/27, 35, 
2015/8/28, 34, 
2015/8/29, 27, 
2015/8/30, 24, 
2015/8/31, 27, 
2015/9/1, 26, 
2015/9/2, 27, 
2015/9/3, 33, 
2015/9/4, 21, 
2015/9/5, 32, 
2015/9/6, 32, 
2015/9/7, 35, 
2015/9/8, 41, 
2015/9/9, 42, 
2015/9/10, 39, 
2015/9/11, 38, 
2015/9/12, 35, 
2015/9/13, 29, 
2015/9/14, 28, 
2015/9/15, 27, 
2015/9/16, 31, 
2015/9/17, 24, 
2015/9/18, 22, 
2015/9/19, 35, 
2015/9/20, 24, 
2015/9/21, 34, 
2015/9/22, 26, 
2015/9/23, 24, 
2015/9/24, 56, 
2015/9/25, 46, 
2015/9/26, 30, 
2015/9/27, 30, 
2015/9/28, 18, 
2015/9/29, 33, 
2015/9/30, 40, 
2015/10/1, 24, 
2015/4/2, 17, 
2015/4/3, 32, 
2015/4/4, 40, 
2015/4/5, 34, 
2015/4/6, 21, 
2015/4/7, 15, 
2015/4/8, 31, 
2015/4/9, 26, 
2015/4/10, 23, 
2015/4/11, 18, 
2015/4/12, 20, 
2015/4/13, 20, 
2015/4/14, 16, 
2015/4/15, 26, 
2015/4/16, 15, 
2015/4/17, 16, 
2015/4/18, 20, 
2015/4/19, 22, 
2015/4/20, 27, 
2015/4/21, 38, 
2015/4/22, 41, 
2015/4/23, 69, 
2015/4/24, 66, 
2015/4/25, 47, 
2015/4/26, 40, 
2015/4/27, 35, 
2015/4/28, 59, 
2015/4/29, 70, 
2015/4/30, 66, 
2015/5/1, 43, 
2015/5/2, 16, 
2015/5/3, 31, 
2015/5/4, 36, 
2015/5/5, 23, 
2015/5/6, 36, 
2015/5/7, 39, 
2015/5/8, 28, 
2015/5/9, 41, 
2015/5/10, 34, 
2015/5/11, 35, 
2015/5/12, 19, 
2015/5/13, 25, 
2015/5/14, 31, 
2015/5/15, 60, 
2015/5/16, 76, 
2015/5/17, 41, 
2015/5/18, 23, 
2015/5/19, 26, 
2015/5/20, 28, 
2015/5/21, 25, 
2015/5/22, 30, 
2015/5/23, 34, 
2015/5/24, 52, 
2015/5/25, 52, 
2015/5/26, 48, 
2015/5/27, 45, 
2015/5/28, 31, 
2015/5/29, 30, 
2015/5/30, 28, 
2015/5/31, 43, 
2015/6/1, 58, 
2015/6/2, 60, 
2015/6/3, 34, 
2015/6/4, 47, 
2015/6/5, 44, 
2015/6/6, 26, 
2015/6/7, 20, 
2015/6/8, 33, 
2015/6/9, 44, 
2015/6/10, 30, 
2015/6/11, 52, 
2015/6/12, 41, 
2015/6/13, 27, 
2015/6/14, 20, 
2015/6/15, 23, 
2015/6/16, 29, 
2015/6/17, 31, 
2015/6/18, 26, 
2015/6/19, 25, 
2015/6/20, 38, 
2015/6/21, 17, 
2015/6/22, 15, 
2015/6/23, 31, 
2015/6/24, 43, 
2015/6/25, 43, 
2015/6/26, 27, 
2015/6/27, 41, 
2015/6/28, 31, 
2015/6/29, 35, 
2015/6/30, 41, 
2015/7/1, 54, 
2015/1/2, 18, 
2015/1/3, 24, 
2015/1/4, 31, 
2015/1/5, 34, 
2015/1/6, 60, 
2015/1/7, 52, 
2015/1/8, 27, 
2015/1/9, 22, 
2015/1/10, 17, 
2015/1/11, 15, 
2015/1/12, 18, 
2015/1/13, 25, 
2015/1/14, 30, 
2015/1/15, 32, 
2015/1/16, 23, 
2015/1/17, 22, 
2015/1/18, 31, 
2015/1/19, 34, 
2015/1/20, 27, 
2015/1/21, 20, 
2015/1/22, 25, 
2015/1/23, 34, 
2015/1/24, 31, 
2015/1/25, 24, 
2015/1/26, 24, 
2015/1/27, 32, 
2015/1/28, 41, 
2015/1/29, 36, 
2015/1/30, 50, 
2015/1/31, 46, 
2015/2/1, 41, 
2015/2/2, 34, 
2015/2/3, 41, 
2015/2/4, 47, 
2015/2/5, 89, 
2015/2/6, 33, 
2015/2/7, 45, 
2015/2/8, 85, 
2015/2/9, 96, 
2015/2/10, 78, 
2015/2/11, 90, 
2015/2/12, 69, 
2015/2/13, 61, 
2015/2/14, 51, 
2015/2/15, 24, 
2015/2/16, 28, 
2015/2/17, 32, 
2015/2/18, 41, 
2015/2/19, 52, 
2015/2/20, 36, 
2015/2/21, 20, 
2015/2/22, 19, 
2015/2/23, 22, 
2015/2/24, 29, 
2015/2/25, 39, 
2015/2/26, 48, 
2015/2/27, 46, 
2015/2/28, 27, 
2015/3/1, 22, 
2015/3/2, 31, 
2015/3/3, 26, 
2015/3/4, 24, 
2015/3/5, 25, 
2015/3/6, 28, 
2015/3/7, 31, 
2015/3/8, 31, 
2015/3/9, 17, 
2015/3/10, 16, 
2015/3/11, 17, 
2015/3/12, 18, 
2015/3/13, 32, 
2015/3/14, 57, 
2015/3/15, 52, 
2015/3/16, 24, 
2015/3/17, 23, 
2015/3/18, 24, 
2015/3/19, 23, 
2015/3/20, 26, 
2015/3/21, 31, 
2015/3/22, 38, 
2015/3/23, 23, 
2015/3/24, 24, 
2015/3/25, 22, 
2015/3/26, 24, 
2015/3/27, 36, 
2015/3/28, 46, 
2015/3/29, 28, 
2015/3/30, 29, 
2015/3/31, 36, 
2015/4/1, 21, 
2014/10/2, 25, 
2014/10/4, 19, 
2014/10/5, 21, 
2014/10/6, 19, 
2014/10/7, 34, 
2014/10/8, 30, 
2014/10/9, 29, 
2014/10/10, 18, 
2014/10/11, 4, 
2014/10/12, 2, 
2014/10/13, 8, 
2014/10/14, 12, 
2014/10/15, 20, 
2014/10/16, 25, 
2014/10/17, 33, 
2014/10/18, 34, 
2014/10/19, 12, 
2014/10/20, 13, 
2014/10/21, 16, 
2014/10/22, 18, 
2014/10/23, 20, 
2014/10/24, 29, 
2014/10/25, 18, 
2014/10/26, 23, 
2014/10/27, 26, 
2014/10/28, 32, 
2014/10/29, 25, 
2014/10/30, 25, 
2014/10/31, 21, 
2014/11/1, 21, 
2014/11/2, 26, 
2014/11/3, 33, 
2014/11/4, 30, 
2014/11/5, 31, 
2014/11/6, 23, 
2014/11/7, 21, 
2014/11/8, 38, 
2014/11/9, 27, 
2014/11/10, 25, 
2014/11/11, 42, 
2014/11/12, 24, 
2014/11/13, 26, 
2014/11/14, 20, 
2014/11/15, 22, 
2014/11/16, 18, 
2014/11/17, 21, 
2014/11/18, 29, 
2014/11/19, 31, 
2014/11/20, 24, 
2014/11/21, 20, 
2014/11/22, 34, 
2014/11/23, 24, 
2014/11/24, 30, 
2014/11/25, 31, 
2014/11/26, 49, 
2014/11/27, 39, 
2014/11/28, 39, 
2014/11/29, 30, 
2014/11/30, 15, 
2014/12/1, 14, 
2014/12/2, 18, 
2014/12/3, 23, 
2014/12/4, 30, 
2014/12/5, 24, 
2014/12/6, 42, 
2014/12/7, 37, 
2014/12/8, 39, 
2014/12/9, 23, 
2014/12/10, 20, 
2014/12/11, 31, 
2014/12/12, 53, 
2014/12/13, 27, 
2014/12/14, 24, 
2014/12/15, 22, 
2014/12/16, 21, 
2014/12/17, 30, 
2014/12/18, 23, 
2014/12/19, 32, 
2014/12/20, 34, 
2014/12/21, 42, 
2014/12/22, 22, 
2014/12/23, 25, 
2014/12/24, 25, 
2014/12/25, 25, 
2014/12/26, 22, 
2014/12/27, 34, 
2014/12/28, 35, 
2014/12/29, 21, 
2014/9/7, 35, 
2014/9/8, 30, 
2014/9/9, 30, 
2014/9/10, 56, 
2014/9/11, 39, 
2014/9/12, 28, 
2014/9/13, 25, 
2014/9/14, 27, 
2014/9/15, 35, 
2014/9/16, 31, 
2014/9/17, 27, 
2014/9/18, 32, 
2014/9/19, 32, 
2014/9/20, 32, 
2014/9/21, 38, 
2014/9/22, 38, 
2014/9/23, 24, 
2014/9/24, 32, 
2014/9/25, 30, 
2014/9/26, 19, 
2014/9/27, 19, 
2014/9/28, 28, 
2014/9/29, 31, 
2014/9/30, 21, 
2014/10/1, 26, 
2021/5/3, , 6
2021/4/4, , 9
2020/9/7, , 18
2020/9/14, , 9
2019/12/10, , 13
2019/6/30, , 15
2019/1/1, , 13
2019/1/26, , 10
2018/10/11, , 12
2018/10/29, , 15
2018/10/30, , 15
2018/7/10, , 12
2018/7/26, , 14
2018/7/30, , 16
2018/7/31, , 18
2018/5/21, , 28