date, pm25
2021/5/2, 127
2021/5/3, 88
2021/5/4, 91
2021/5/5, 96
2021/5/6, 81
2021/5/7, 70
2021/5/8, 56
2021/5/9, 49
2021/5/10, 49
2021/5/11, 62
2021/5/12, 83
2021/5/13, 74
2021/5/14, 79
2021/5/15, 83
2021/5/16, 42
2021/5/17, 56
2021/5/18, 56
2021/5/19, 61
2021/5/20, 53
2021/5/21, 25
2021/4/2, 159
2021/4/3, 170
2021/4/4, 170
2021/4/5, 159
2021/4/6, 153
2021/4/7, 147
2021/4/8, 140
2021/4/9, 151
2021/4/10, 149
2021/4/11, 118
2021/4/12, 80
2021/4/13, 109
2021/4/14, 95
2021/4/15, 83
2021/4/16, 97
2021/4/17, 115
2021/4/18, 119
2021/4/19, 135
2021/4/20, 143
2021/4/21, 134
2021/4/22, 128
2021/4/23, 112
2021/4/24, 100
2021/4/25, 120
2021/4/26, 143
2021/4/27, 106
2021/4/28, 110
2021/4/29, 112
2021/4/30, 140
2021/5/1, 113
2021/3/2, 155
2021/3/3, 152
2021/3/4, 153
2021/3/5, 156
2021/3/6, 152
2021/3/7, 147
2021/3/8, 156
2021/3/9, 148
2021/3/10, 128
2021/3/11, 115
2021/3/12, 98
2021/3/13, 84
2021/3/14, 85
2021/3/15, 122
2021/3/16, 141
2021/3/17, 155
2021/3/18, 153
2021/3/19, 154
2021/3/20, 125
2021/3/21, 140
2021/3/22, 143
2021/3/23, 171
2021/3/24, 155
2021/3/25, 164
2021/3/26, 163
2021/3/27, 173
2021/3/28, 171
2021/3/29, 159
2021/3/30, 162
2021/3/31, 163
2021/4/1, 152
2021/2/9, 160
2021/2/10, 167
2021/2/11, 172
2021/2/12, 154
2021/2/13, 138
2021/2/14, 140
2021/2/15, 139
2021/2/16, 138
2021/2/17, 149
2021/2/18, 148
2021/2/19, 147
2021/2/20, 154
2021/2/21, 154
2021/2/22, 112
2021/2/23, 148
2021/2/24, 163
2021/2/25, 157
2021/2/26, 158
2021/2/27, 164
2021/2/28, 174
2021/3/1, 170
2021/1/5, 157
2021/1/6, 134
2021/1/7, 137
2021/1/8, 139
2021/1/9, 135
2021/1/10, 106
2021/1/11, 131
2021/1/12, 168
2021/1/13, 182
2021/1/14, 167
2021/1/15, 158
2021/1/16, 168
2021/1/17, 161
2021/1/18, 151
2021/1/19, 138
2021/1/20, 147
2021/1/21, 141
2021/1/22, 154
2021/1/23, 156
2021/1/24, 160
2021/1/25, 154
2021/1/26, 151
2021/1/27, 145
2021/1/28, 154
2021/1/29, 159
2021/1/30, 158
2021/1/31, 157
2021/2/1, 171
2020/10/2, 107
2020/10/3, 100
2020/10/4, 111
2020/10/5, 110
2020/10/6, 111
2020/10/7, 133
2020/10/8, 153
2020/10/9, 146
2020/10/10, 117
2020/10/11, 94
2020/10/12, 71
2020/10/13, 74
2020/10/14, 62
2020/10/15, 35
2020/10/16, 62
2020/10/17, 79
2020/10/18, 83
2020/10/19, 88
2020/10/20, 117
2020/10/21, 117
2020/10/22, 134
2020/10/23, 169
2020/10/24, 160
2020/10/25, 161
2020/10/26, 152
2020/10/27, 142
2020/10/28, 152
2020/10/29, 148
2020/10/30, 160
2020/10/31, 163
2020/11/1, 164
2020/11/2, 160
2020/11/3, 167
2020/11/4, 166
2020/11/5, 161
2020/11/6, 144
2020/11/7, 154
2020/11/8, 163
2020/11/9, 147
2020/11/10, 165
2020/11/11, 165
2020/11/12, 144
2020/11/13, 81
2020/11/14, 84
2020/11/15, 138
2020/11/16, 122
2020/11/17, 114
2020/11/18, 119
2020/11/19, 96
2020/11/20, 71
2020/11/21, 73
2020/11/22, 100
2020/11/23, 136
2020/11/24, 143
2020/11/25, 142
2020/11/26, 120
2020/11/27, 94
2020/11/28, 115
2020/11/29, 105
2020/11/30, 104
2020/12/1, 136
2020/12/2, 157
2020/12/3, 155
2020/12/4, 154
2020/12/5, 144
2020/12/6, 141
2020/12/7, 143
2020/12/8, 135
2020/12/9, 131
2020/12/10, 144
2020/12/11, 145
2020/12/12, 129
2020/12/13, 155
2020/12/14, 160
2020/12/15, 148
2020/12/16, 149
2020/12/17, 162
2020/12/18, 152
2020/12/19, 168
2020/12/20, 167
2020/12/21, 150
2020/12/22, 135
2020/12/23, 145
2020/12/24, 167
2020/12/25, 166
2020/12/26, 184
2020/12/27, 197
2020/12/28, 198
2020/12/29, 186
2020/12/30, 181
2020/12/31, 179
2021/1/1, 179
2021/1/2, 184
2021/1/3, 179
2021/1/4, 182
2020/7/2, 32
2020/7/3, 30
2020/7/4, 27
2020/7/5, 30
2020/7/7, 44
2020/7/8, 28
2020/7/9, 23
2020/7/10, 21
2020/7/11, 28
2020/7/12, 27
2020/7/13, 29
2020/7/14, 66
2020/7/15, 42
2020/7/16, 29
2020/7/17, 27
2020/7/18, 35
2020/7/19, 46
2020/7/20, 50
2020/7/21, 39
2020/7/22, 40
2020/7/23, 57
2020/7/24, 49
2020/7/25, 56
2020/7/26, 63
2020/7/27, 42
2020/7/28, 32
2020/7/29, 51
2020/7/30, 57
2020/7/31, 65
2020/8/1, 65
2020/8/2, 77
2020/8/3, 47
2020/8/4, 24
2020/8/5, 26
2020/8/6, 15
2020/8/7, 38
2020/8/8, 37
2020/8/9, 40
2020/8/10, 51
2020/8/11, 52
2020/8/12, 31
2020/8/13, 42
2020/8/14, 39
2020/8/15, 45
2020/8/16, 37
2020/8/17, 23
2020/8/18, 35
2020/8/19, 41
2020/8/20, 41
2020/8/21, 36
2020/8/22, 28
2020/8/23, 26
2020/8/25, 52
2020/8/26, 53
2020/8/27, 64
2020/8/28, 61
2020/8/29, 42
2020/9/3, 73
2020/9/4, 69
2020/9/5, 51
2020/9/9, 32
2020/9/10, 65
2020/9/11, 68
2020/9/12, 72
2020/9/13, 32
2020/9/14, 32
2020/9/15, 52
2020/9/16, 41
2020/9/17, 50
2020/9/18, 53
2020/9/19, 66
2020/9/20, 96
2020/9/21, 74
2020/9/22, 31
2020/9/23, 32
2020/9/24, 32
2020/9/25, 37
2020/9/26, 49
2020/9/27, 32
2020/9/28, 49
2020/9/29, 85
2020/9/30, 104
2020/10/1, 97
2020/4/2, 130
2020/4/3, 134
2020/4/4, 115
2020/4/5, 112
2020/4/6, 102
2020/4/7, 94
2020/4/8, 84
2020/4/9, 70
2020/4/10, 88
2020/4/11, 73
2020/4/12, 80
2020/4/13, 120
2020/4/14, 103
2020/4/15, 107
2020/4/16, 101
2020/4/17, 117
2020/4/18, 109
2020/4/19, 100
2020/4/20, 81
2020/4/21, 76
2020/4/22, 72
2020/4/23, 73
2020/4/24, 76
2020/4/25, 81
2020/4/26, 89
2020/4/27, 80
2020/4/28, 68
2020/4/29, 68
2020/4/30, 61
2020/5/1, 74
2020/5/2, 79
2020/5/3, 87
2020/5/4, 96
2020/5/5, 94
2020/5/6, 96
2020/5/7, 83
2020/5/8, 77
2020/5/9, 82
2020/5/10, 79
2020/5/11, 81
2020/5/12, 87
2020/5/13, 86
2020/5/14, 71
2020/5/15, 71
2020/5/16, 64
2020/5/17, 70
2020/5/27, 97
2020/5/28, 92
2020/5/29, 82
2020/5/30, 71
2020/5/31, 64
2020/6/1, 78
2020/6/2, 71
2020/6/3, 40
2020/6/4, 25
2020/6/5, 36
2020/6/6, 62
2020/6/7, 65
2020/6/8, 58
2020/6/9, 60
2020/6/10, 56
2020/6/11, 54
2020/6/12, 50
2020/6/13, 48
2020/6/14, 25
2020/6/15, 24
2020/6/16, 35
2020/6/17, 23
2020/6/18, 25
2020/6/19, 38
2020/6/20, 53
2020/6/21, 59
2020/6/22, 59
2020/6/23, 62
2020/6/24, 60
2020/6/25, 60
2020/6/26, 62
2020/6/27, 68
2020/6/28, 65
2020/6/29, 38
2020/6/30, 55
2020/7/1, 44
2020/1/2, 115
2020/1/3, 84
2020/1/4, 101
2020/1/5, 142
2020/1/6, 152
2020/1/7, 141
2020/1/8, 138
2020/1/9, 107
2020/1/10, 119
2020/1/11, 158
2020/1/12, 163
2020/1/13, 154
2020/1/14, 167
2020/1/15, 169
2020/1/16, 129
2020/1/17, 107
2020/1/18, 86
2020/1/19, 90
2020/1/20, 94
2020/1/21, 112
2020/1/22, 101
2020/1/23, 105
2020/1/24, 135
2020/1/25, 139
2020/1/26, 154
2020/1/27, 156
2020/1/28, 140
2020/1/29, 142
2020/1/30, 141
2020/1/31, 151
2020/2/1, 143
2020/2/2, 110
2020/2/3, 98
2020/2/4, 93
2020/2/5, 81
2020/2/6, 86
2020/2/7, 102
2020/2/8, 91
2020/2/9, 111
2020/2/10, 99
2020/2/11, 107
2020/2/12, 117
2020/2/13, 138
2020/2/14, 145
2020/2/15, 171
2020/2/16, 170
2020/2/17, 156
2020/2/18, 143
2020/2/19, 105
2020/2/20, 139
2020/2/21, 130
2020/2/22, 101
2020/2/23, 89
2020/2/24, 86
2020/2/25, 99
2020/2/26, 120
2020/2/27, 139
2020/2/28, 114
2020/2/29, 123
2020/3/1, 113
2020/3/2, 114
2020/3/3, 138
2020/3/4, 144
2020/3/5, 120
2020/3/6, 148
2020/3/7, 95
2020/3/8, 107
2020/3/9, 87
2020/3/10, 84
2020/3/11, 72
2020/3/12, 82
2020/3/13, 82
2020/3/14, 79
2020/3/15, 97
2020/3/16, 81
2020/3/17, 80
2020/3/18, 70
2020/3/19, 85
2020/3/20, 115
2020/3/21, 89
2020/3/22, 101
2020/3/23, 98
2020/3/24, 107
2020/3/25, 79
2020/3/26, 82
2020/3/27, 84
2020/3/28, 100
2020/3/29, 101
2020/3/30, 105
2019/10/2, 107
2019/10/3, 80
2019/10/4, 97
2019/10/5, 103
2019/10/6, 111
2019/10/7, 105
2019/10/8, 139
2019/10/9, 131
2019/10/11, 99
2019/10/12, 95
2019/10/13, 98
2019/10/14, 85
2019/10/15, 107
2019/10/16, 119
2019/10/17, 133
2019/10/18, 107
2019/10/19, 61
2019/10/20, 50
2019/10/21, 73
2019/10/22, 45
2019/10/23, 83
2019/10/24, 101
2019/10/25, 66
2019/10/26, 62
2019/10/27, 52
2019/10/28, 123
2019/10/29, 134
2019/10/30, 91
2019/10/31, 88
2019/11/1, 49
2019/11/2, 53
2019/11/3, 64
2019/11/4, 81
2019/11/5, 160
2019/11/6, 170
2019/11/7, 174
2019/11/8, 157
2019/11/9, 159
2019/11/10, 166
2019/11/11, 148
2019/11/12, 135
2019/11/13, 129
2019/11/14, 146
2019/11/22, 165
2019/11/23, 164
2019/11/24, 163
2019/11/25, 165
2019/11/26, 171
2019/11/27, 167
2019/11/28, 156
2019/11/29, 158
2019/11/30, 145
2019/12/1, 144
2019/12/2, 145
2019/12/3, 116
2019/12/4, 114
2019/12/5, 165
2019/12/6, 168
2019/12/7, 172
2019/12/8, 171
2019/12/9, 147
2019/12/10, 131
2019/12/11, 132
2019/12/12, 143
2019/12/13, 134
2019/12/14, 91
2019/12/15, 105
2019/12/16, 108
2019/12/17, 125
2019/12/18, 151
2019/12/19, 161
2019/12/20, 168
2019/12/21, 168
2019/12/22, 171
2019/12/23, 164
2019/12/24, 159
2019/12/25, 148
2019/12/26, 160
2019/12/27, 145
2019/12/28, 137
2019/12/29, 160
2019/12/30, 163
2019/7/2, 51
2019/7/3, 34
2019/7/4, 51
2019/7/5, 48
2019/7/6, 54
2019/7/7, 46
2019/7/8, 42
2019/7/9, 46
2019/7/10, 40
2019/7/11, 52
2019/7/12, 46
2019/7/13, 52
2019/7/14, 44
2019/7/15, 54
2019/7/16, 59
2019/7/17, 72
2019/7/18, 73
2019/7/19, 86
2019/7/20, 102
2019/7/21, 80
2019/7/22, 73
2019/7/23, 60
2019/7/24, 51
2019/7/25, 54
2019/7/26, 56
2019/7/27, 52
2019/7/28, 60
2019/7/29, 59
2019/7/30, 45
2019/7/31, 31
2019/8/1, 43
2019/8/2, 49
2019/8/3, 23
2019/8/4, 30
2019/8/5, 18
2019/8/6, 28
2019/8/7, 26
2019/8/8, 32
2019/8/9, 47
2019/8/10, 37
2019/8/11, 44
2019/8/12, 59
2019/8/13, 65
2019/8/14, 87
2019/8/15, 67
2019/8/16, 66
2019/8/17, 65
2019/8/18, 66
2019/8/19, 72
2019/8/20, 74
2019/8/21, 89
2019/8/22, 76
2019/8/23, 60
2019/8/24, 89
2019/8/25, 56
2019/8/26, 50
2019/8/27, 65
2019/8/28, 66
2019/8/29, 66
2019/8/30, 63
2019/8/31, 55
2019/9/1, 46
2019/9/2, 38
2019/9/3, 49
2019/9/4, 33
2019/9/5, 35
2019/9/6, 36
2019/9/7, 41
2019/9/8, 43
2019/9/9, 38
2019/9/10, 56
2019/9/11, 56
2019/9/12, 63
2019/9/13, 67
2019/9/14, 59
2019/9/15, 63
2019/9/16, 69
2019/9/17, 84
2019/9/18, 87
2019/9/19, 52
2019/9/20, 77
2019/9/21, 67
2019/9/25, 85
2019/9/26, 85
2019/9/27, 45
2019/9/28, 59
2019/9/29, 74
2019/9/30, 91
2019/10/1, 107
2019/4/2, 100
2019/4/3, 120
2019/4/4, 116
2019/4/5, 102
2019/4/6, 85
2019/4/7, 116
2019/4/8, 96
2019/4/9, 92
2019/4/10, 108
2019/4/11, 114
2019/4/12, 85
2019/4/13, 92
2019/4/14, 89
2019/4/15, 108
2019/4/16, 101
2019/4/17, 104
2019/4/18, 93
2019/4/19, 122
2019/4/20, 90
2019/4/21, 77
2019/4/22, 87
2019/4/23, 84
2019/4/24, 113
2019/4/25, 96
2019/4/26, 108
2019/4/27, 128
2019/4/28, 136
2019/4/29, 133
2019/4/30, 134
2019/5/1, 132
2019/5/2, 119
2019/5/3, 113
2019/5/4, 120
2019/5/5, 105
2019/5/6, 114
2019/5/7, 119
2019/5/8, 141
2019/5/9, 123
2019/5/10, 122
2019/5/11, 128
2019/5/12, 136
2019/5/13, 115
2019/5/14, 123
2019/5/15, 109
2019/5/16, 122
2019/5/17, 114
2019/5/18, 131
2019/5/19, 122
2019/5/20, 144
2019/5/21, 139
2019/5/22, 131
2019/5/23, 118
2019/5/24, 142
2019/5/25, 107
2019/5/26, 121
2019/5/27, 127
2019/5/28, 126
2019/5/29, 121
2019/5/30, 132
2019/5/31, 121
2019/6/1, 122
2019/6/2, 113
2019/6/3, 135
2019/6/4, 87
2019/6/5, 90
2019/6/6, 119
2019/6/7, 106
2019/6/8, 87
2019/6/9, 116
2019/6/10, 111
2019/6/11, 82
2019/6/12, 53
2019/6/13, 37
2019/6/14, 54
2019/6/15, 55
2019/6/16, 72
2019/6/17, 68
2019/6/18, 79
2019/6/19, 73
2019/6/20, 67
2019/6/21, 61
2019/6/22, 79
2019/6/23, 71
2019/6/24, 86
2019/6/25, 81
2019/6/26, 68
2019/6/27, 58
2019/6/28, 33
2019/6/29, 36
2019/6/30, 36
2019/7/1, 39
2019/1/2, 171
2019/1/3, 169
2019/1/4, 180
2019/1/5, 175
2019/1/6, 176
2019/1/7, 182
2019/1/8, 181
2019/1/9, 184
2019/1/10, 185
2019/1/11, 174
2019/1/12, 173
2019/1/13, 176
2019/1/14, 164
2019/1/15, 172
2019/1/16, 177
2019/1/17, 176
2019/1/18, 185
2019/1/19, 180
2019/1/20, 175
2019/1/21, 166
2019/1/22, 158
2019/1/23, 148
2019/1/24, 153
2019/1/25, 156
2019/1/26, 104
2019/1/29, 153
2019/1/30, 142
2019/1/31, 136
2019/2/1, 157
2019/2/2, 155
2019/2/3, 152
2019/2/4, 149
2019/2/5, 156
2019/2/6, 151
2019/2/7, 159
2019/2/8, 151
2019/2/9, 145
2019/2/10, 138
2019/2/11, 136
2019/2/12, 146
2019/2/13, 153
2019/2/14, 121
2019/2/15, 146
2019/2/16, 108
2019/2/17, 120
2019/2/18, 103
2019/2/19, 141
2019/2/20, 135
2019/2/21, 86
2019/2/22, 98
2019/2/23, 114
2019/2/27, 113
2019/2/28, 118
2019/3/1, 113
2019/3/2, 118
2019/3/3, 72
2019/3/4, 76
2019/3/5, 93
2019/3/6, 123
2019/3/7, 135
2019/3/8, 149
2019/3/9, 142
2019/3/10, 112
2019/3/11, 98
2019/3/12, 75
2019/3/13, 87
2019/3/14, 93
2019/3/15, 99
2019/3/16, 109
2019/3/17, 107
2019/3/18, 106
2019/3/19, 99
2019/3/20, 85
2019/3/21, 107
2019/3/22, 106
2019/3/23, 96
2019/3/24, 100
2019/3/25, 121
2019/3/26, 108
2019/3/27, 117
2019/3/28, 115
2019/3/29, 142
2019/3/30, 149
2019/3/31, 142
2019/4/1, 124
2018/10/2, 152
2018/10/3, 111
2018/10/4, 109
2018/10/5, 109
2018/10/6, 115
2018/10/7, 145
2018/10/8, 159
2018/10/9, 151
2018/10/10, 146
2018/10/11, 151
2018/10/12, 148
2018/10/13, 138
2018/10/14, 149
2018/10/15, 138
2018/10/16, 148
2018/10/17, 145
2018/10/18, 139
2018/10/19, 132
2018/10/20, 131
2018/10/21, 150
2018/10/22, 152
2018/10/23, 163
2018/10/24, 161
2018/10/25, 163
2018/10/26, 151
2018/10/27, 139
2018/10/28, 142
2018/10/29, 134
2018/10/30, 136
2018/10/31, 141
2018/11/1, 141
2018/11/2, 121
2018/11/3, 99
2018/11/4, 86
2018/11/5, 81
2018/11/6, 97
2018/11/7, 119
2018/11/8, 148
2018/11/9, 168
2018/11/10, 156
2018/11/11, 154
2018/11/12, 141
2018/11/13, 145
2018/11/14, 157
2018/11/15, 163
2018/11/16, 141
2018/11/17, 123
2018/11/18, 79
2018/11/19, 75
2018/11/20, 79
2018/11/21, 130
2018/11/22, 147
2018/11/23, 153
2018/11/24, 162
2018/11/25, 173
2018/11/26, 157
2018/11/27, 150
2018/11/28, 164
2018/11/29, 170
2018/11/30, 167
2018/12/1, 157
2018/12/2, 164
2018/12/3, 165
2018/12/4, 166
2018/12/5, 170
2018/12/6, 160
2018/12/7, 156
2018/12/8, 160
2018/12/9, 168
2018/12/10, 172
2018/12/11, 172
2018/12/12, 175
2018/12/13, 172
2018/12/14, 164
2018/12/15, 165
2018/12/16, 170
2018/12/17, 172
2018/12/18, 147
2018/12/19, 70
2018/12/20, 95
2018/12/21, 113
2018/12/22, 151
2018/12/23, 171
2018/12/24, 172
2018/12/25, 185
2018/12/26, 172
2018/12/27, 171
2018/12/28, 164
2018/12/29, 159
2018/12/30, 163
2018/12/31, 162
2018/7/2, 79
2018/7/3, 80
2018/7/4, 84
2018/7/5, 80
2018/7/6, 73
2018/7/7, 85
2018/7/8, 99
2018/7/9, 87
2018/7/10, 79
2018/7/11, 87
2018/7/12, 86
2018/7/13, 63
2018/7/14, 65
2018/7/15, 89
2018/7/16, 82
2018/7/17, 64
2018/7/18, 68
2018/7/19, 72
2018/7/20, 76
2018/7/21, 67
2018/7/22, 81
2018/7/23, 86
2018/7/24, 82
2018/7/25, 77
2018/7/26, 80
2018/7/27, 74
2018/7/28, 71
2018/7/29, 70
2018/7/30, 71
2018/8/1, 80
2018/8/2, 80
2018/8/3, 66
2018/8/4, 85
2018/8/5, 80
2018/8/6, 61
2018/8/7, 65
2018/8/8, 59
2018/8/9, 67
2018/8/10, 48
2018/8/11, 47
2018/8/12, 49
2018/8/13, 36
2018/8/14, 26
2018/8/21, 43
2018/8/22, 45
2018/8/23, 38
2018/8/24, 42
2018/8/25, 50
2018/8/26, 57
2018/8/27, 44
2018/8/28, 64
2018/8/29, 77
2018/8/30, 79
2018/8/31, 85
2018/9/1, 91
2018/9/8, 5
2018/9/16, 97
2018/9/18, 70
2018/9/19, 78
2018/9/22, 116
2018/9/23, 86
2018/9/24, 99
2018/9/25, 76
2018/9/26, 138
2018/9/27, 156
2018/9/28, 92
2018/9/29, 108
2018/9/30, 145
2018/10/1, 159
2018/4/2, 147
2018/4/3, 130
2018/4/4, 153
2018/4/5, 153
2018/4/6, 142
2018/4/7, 155
2018/4/8, 119
2018/4/9, 120
2018/4/10, 142
2018/4/11, 128
2018/4/12, 110
2018/4/13, 116
2018/4/14, 99
2018/4/15, 94
2018/4/16, 101
2018/4/17, 126
2018/4/18, 122
2018/4/19, 126
2018/4/20, 139
2018/4/21, 141
2018/4/22, 138
2018/4/23, 144
2018/4/24, 131
2018/4/25, 126
2018/4/26, 139
2018/4/27, 134
2018/4/28, 142
2018/4/29, 129
2018/4/30, 135
2018/5/1, 139
2018/5/4, 90
2018/5/5, 102
2018/5/6, 119
2018/5/7, 127
2018/5/8, 127
2018/5/9, 141
2018/5/10, 144
2018/5/11, 114
2018/5/12, 118
2018/5/13, 114
2018/5/14, 111
2018/5/15, 114
2018/5/16, 95
2018/5/17, 140
2018/5/18, 146
2018/5/19, 138
2018/5/20, 152
2018/5/21, 139
2018/5/22, 150
2018/5/23, 143
2018/5/24, 149
2018/5/25, 130
2018/5/26, 131
2018/5/27, 90
2018/5/28, 99
2018/5/29, 113
2018/5/30, 125
2018/5/31, 119
2018/6/1, 111
2018/6/2, 129
2018/6/3, 127
2018/6/4, 130
2018/6/5, 116
2018/6/6, 119
2018/6/7, 121
2018/6/8, 95
2018/6/9, 88
2018/6/10, 87
2018/6/11, 83
2018/6/12, 96
2018/6/13, 137
2018/6/29, 79
2018/6/30, 93
2018/7/1, 88
2018/1/2, 144
2018/1/3, 162
2018/1/4, 167
2018/1/5, 175
2018/1/6, 175
2018/1/7, 175
2018/1/8, 171
2018/1/9, 169
2018/1/10, 175
2018/1/11, 174
2018/1/12, 171
2018/1/13, 177
2018/1/14, 172
2018/1/15, 175
2018/1/16, 168
2018/1/17, 168
2018/1/18, 159
2018/1/19, 167
2018/1/20, 146
2018/1/21, 159
2018/1/22, 170
2018/1/23, 170
2018/1/24, 162
2018/1/25, 170
2018/1/26, 184
2018/1/27, 166
2018/1/28, 169
2018/1/29, 169
2018/1/30, 169
2018/1/31, 153
2018/2/1, 152
2018/2/2, 174
2018/2/3, 162
2018/2/4, 142
2018/2/5, 135
2018/2/6, 147
2018/2/7, 147
2018/2/8, 158
2018/2/9, 162
2018/2/10, 155
2018/2/11, 148
2018/2/12, 148
2018/2/13, 156
2018/2/14, 148
2018/2/15, 154
2018/2/16, 153
2018/2/17, 142
2018/2/18, 144
2018/2/19, 161
2018/2/20, 153
2018/2/21, 152
2018/2/22, 160
2018/2/23, 162
2018/2/24, 156
2018/2/25, 138
2018/2/26, 128
2018/2/27, 162
2018/2/28, 167
2018/3/1, 187
2018/3/2, 174
2018/3/3, 169
2018/3/4, 159
2018/3/5, 168
2018/3/6, 157
2018/3/7, 153
2018/3/8, 156
2018/3/9, 158
2018/3/10, 155
2018/3/11, 163
2018/3/12, 159
2018/3/13, 131
2018/3/14, 136
2018/3/15, 150
2018/3/16, 156
2018/3/17, 157
2018/3/18, 154
2018/3/19, 138
2018/3/20, 143
2018/3/21, 162
2018/3/22, 157
2018/3/23, 155
2018/3/24, 159
2018/3/25, 160
2018/3/26, 169
2018/3/27, 160
2018/3/28, 162
2018/3/29, 147
2018/3/30, 164
2018/3/31, 155
2018/4/1, 155
2017/10/2, 158
2017/10/3, 129
2017/10/4, 99
2017/10/5, 162
2017/10/6, 178
2017/10/7, 106
2017/10/8, 94
2017/10/9, 109
2017/10/10, 109
2017/10/11, 82
2017/10/12, 102
2017/10/13, 113
2017/10/14, 95
2017/10/15, 109
2017/10/16, 123
2017/10/17, 145
2017/10/18, 173
2017/10/19, 168
2017/10/20, 214
2017/10/21, 287
2017/10/22, 161
2017/10/23, 158
2017/10/24, 151
2017/10/25, 163
2017/10/26, 159
2017/10/27, 148
2017/10/28, 144
2017/10/29, 157
2017/10/30, 153
2017/10/31, 152
2017/12/21, 165
2017/12/22, 179
2017/12/23, 199
2017/12/24, 190
2017/12/25, 193
2017/12/26, 193
2017/12/27, 182
2017/12/28, 150
2017/12/29, 156
2017/12/30, 175
2017/12/31, 168
2018/1/1, 174
2017/7/2, 84
2017/7/3, 89
2017/7/4, 82
2017/7/5, 77
2017/7/6, 80
2017/7/7, 91
2017/7/8, 103
2017/7/9, 97
2017/7/10, 96
2017/7/11, 87
2017/7/12, 94
2017/7/13, 81
2017/7/14, 82
2017/7/15, 85
2017/7/16, 85
2017/7/18, 77
2017/7/19, 71
2017/7/20, 53
2017/7/21, 52
2017/7/22, 71
2017/7/23, 75
2017/7/24, 78
2017/7/25, 75
2017/7/26, 79
2017/7/27, 94
2017/7/28, 79
2017/7/29, 76
2017/7/30, 84
2017/7/31, 90
2017/8/1, 91
2017/8/2, 80
2017/8/3, 89
2017/8/4, 70
2017/8/5, 77
2017/8/6, 91
2017/8/7, 109
2017/8/8, 124
2017/8/9, 107
2017/8/10, 107
2017/8/11, 89
2017/8/12, 96
2017/8/13, 95
2017/8/14, 110
2017/8/15, 92
2017/8/16, 94
2017/8/17, 97
2017/8/18, 105
2017/8/19, 117
2017/8/20, 97
2017/8/21, 58
2017/8/22, 75
2017/8/23, 92
2017/8/24, 96
2017/8/25, 108
2017/8/26, 96
2017/8/27, 81
2017/8/28, 77
2017/8/29, 56
2017/8/30, 56
2017/8/31, 85
2017/9/1, 94
2017/9/2, 102
2017/9/3, 115
2017/9/4, 84
2017/9/5, 92
2017/9/6, 94
2017/9/7, 122
2017/9/12, 63
2017/9/13, 51
2017/9/14, 78
2017/9/15, 87
2017/9/16, 84
2017/9/17, 76
2017/9/18, 93
2017/9/19, 58
2017/9/20, 58
2017/9/21, 68
2017/9/22, 75
2017/9/23, 97
2017/9/24, 115
2017/9/25, 130
2017/9/26, 140
2017/9/27, 144
2017/9/28, 160
2017/9/29, 154
2017/9/30, 136
2017/10/1, 140
2017/4/2, 144
2017/4/3, 154
2017/4/4, 156
2017/4/5, 138
2017/4/6, 151
2017/4/7, 153
2017/4/8, 158
2017/4/9, 166
2017/4/10, 162
2017/4/11, 164
2017/4/12, 158
2017/4/13, 167
2017/4/14, 171
2017/4/15, 163
2017/4/16, 156
2017/4/17, 163
2017/4/18, 172
2017/4/19, 172
2017/4/20, 158
2017/4/21, 146
2017/4/22, 159
2017/4/23, 150
2017/4/24, 159
2017/4/25, 140
2017/4/26, 146
2017/4/27, 149
2017/4/28, 146
2017/4/29, 121
2017/4/30, 111
2017/5/3, 144
2017/5/4, 133
2017/5/5, 142
2017/5/6, 151
2017/5/7, 148
2017/5/8, 128
2017/5/9, 130
2017/5/10, 124
2017/5/11, 119
2017/5/12, 121
2017/5/13, 116
2017/5/14, 127
2017/5/15, 128
2017/5/16, 120
2017/5/17, 130
2017/5/18, 133
2017/5/19, 142
2017/5/20, 154
2017/5/21, 122
2017/5/22, 129
2017/5/23, 119
2017/5/24, 138
2017/5/25, 139
2017/5/26, 128
2017/5/27, 140
2017/5/28, 118
2017/5/29, 112
2017/5/30, 101
2017/5/31, 88
2017/6/1, 82
2017/6/2, 73
2017/6/3, 87
2017/6/4, 78
2017/6/5, 87
2017/6/6, 101
2017/6/7, 99
2017/6/8, 86
2017/6/9, 81
2017/6/10, 91
2017/6/11, 71
2017/6/12, 71
2017/6/13, 58
2017/6/14, 70
2017/6/15, 110
2017/6/16, 94
2017/6/17, 75
2017/6/18, 82
2017/6/19, 92
2017/6/20, 89
2017/6/21, 67
2017/6/22, 74
2017/6/23, 79
2017/6/24, 87
2017/6/25, 90
2017/6/26, 94
2017/6/27, 90
2017/6/28, 87
2017/6/29, 81
2017/6/30, 80
2017/7/1, 90
2017/1/3, 162
2017/1/4, 176
2017/1/5, 171
2017/1/6, 164
2017/1/7, 172
2017/1/8, 169
2017/1/9, 162
2017/1/10, 153
2017/1/11, 165
2017/1/12, 163
2017/1/13, 167
2017/1/14, 172
2017/1/15, 166
2017/1/16, 172
2017/1/17, 162
2017/1/18, 164
2017/1/19, 155
2017/1/20, 167
2017/1/21, 169
2017/1/22, 159
2017/1/23, 162
2017/1/24, 176
2017/1/25, 170
2017/1/26, 168
2017/1/27, 163
2017/1/28, 161
2017/1/29, 169
2017/1/30, 158
2017/1/31, 147
2017/2/1, 165
2017/2/2, 151
2017/2/3, 155
2017/2/4, 161
2017/2/5, 159
2017/2/6, 158
2017/2/7, 163
2017/2/8, 176
2017/2/9, 172
2017/2/10, 167
2017/2/11, 165
2017/2/12, 151
2017/2/13, 137
2017/2/14, 132
2017/2/15, 165
2017/2/17, 160
2017/2/18, 161
2017/2/19, 164
2017/2/20, 175
2017/2/21, 194
2017/2/22, 154
2017/2/23, 154
2017/2/24, 155
2017/2/25, 145
2017/2/26, 158
2017/2/27, 136
2017/2/28, 192
2017/3/1, 133
2017/3/2, 167
2017/3/3, 160
2017/3/4, 135
2017/3/5, 122
2017/3/6, 104
2017/3/7, 119
2017/3/8, 123
2017/3/9, 140
2017/3/10, 142
2017/3/11, 123
2017/3/12, 122
2017/3/13, 149
2017/3/14, 150
2017/3/15, 122
2017/3/16, 91
2017/3/17, 120
2017/3/18, 152
2017/3/19, 170
2017/3/20, 175
2017/3/21, 155
2017/3/22, 148
2017/3/23, 156
2017/3/24, 164
2017/3/25, 151
2017/3/26, 163
2017/3/27, 163
2017/3/28, 157
2017/3/29, 151
2017/3/30, 149
2017/3/31, 148
2017/4/1, 139
2016/10/2, 92
2016/10/3, 90
2016/10/4, 102
2016/10/5, 89
2016/10/6, 77
2016/10/7, 83
2016/10/8, 96
2016/10/9, 92
2016/10/10, 110
2016/10/11, 130
2016/10/12, 151
2016/10/13, 144
2016/10/14, 144
2016/10/15, 136
2016/10/16, 145
2016/10/17, 159
2016/10/18, 152
2016/10/19, 160
2016/10/20, 172
2016/10/21, 176
2016/10/22, 205
2016/10/23, 186
2016/10/24, 168
2016/10/25, 171
2016/10/26, 172
2016/10/27, 166
2016/10/28, 154
2016/10/29, 161
2016/10/30, 171
2016/10/31, 197
2016/11/1, 166
2016/11/2, 159
2016/11/3, 164
2016/11/4, 161
2016/11/5, 147
2016/11/6, 172
2016/11/7, 176
2016/11/8, 160
2016/11/9, 165
2016/11/10, 168
2016/11/11, 175
2016/11/12, 176
2016/11/13, 181
2016/11/14, 181
2016/11/15, 178
2016/11/16, 169
2016/11/17, 183
2016/11/18, 180
2016/11/19, 172
2016/11/20, 175
2016/11/21, 171
2016/11/22, 159
2016/11/23, 170
2016/11/24, 164
2016/11/25, 163
2016/11/26, 158
2016/11/27, 167
2016/11/28, 175
2016/11/29, 179
2016/11/30, 168
2016/12/1, 169
2016/12/2, 184
2016/12/3, 162
2016/12/4, 143
2016/12/5, 146
2016/12/6, 157
2016/12/7, 171
2016/12/8, 167
2016/12/9, 187
2016/12/10, 203
2016/12/11, 171
2016/12/12, 173
2016/12/13, 148
2016/12/14, 132
2016/12/15, 141
2016/12/16, 161
2016/12/17, 168
2016/12/18, 159
2016/12/19, 152
2016/12/20, 148
2016/12/21, 176
2016/12/22, 186
2016/12/23, 212
2016/12/24, 190
2016/12/25, 187
2016/12/26, 174
2016/12/27, 195
2016/12/28, 153
2016/12/29, 169
2016/12/30, 192
2016/12/31, 214
2017/1/1, 194
2017/1/2, 176
2016/7/2, 92
2016/7/3, 73
2016/7/4, 82
2016/7/5, 77
2016/7/6, 71
2016/7/7, 82
2016/7/8, 94
2016/7/9, 90
2016/7/10, 86
2016/7/11, 72
2016/7/12, 67
2016/7/13, 66
2016/7/14, 67
2016/7/15, 87
2016/7/16, 97
2016/7/17, 102
2016/7/18, 111
2016/7/19, 84
2016/7/20, 84
2016/7/21, 74
2016/7/22, 63
2016/7/23, 71
2016/7/24, 74
2016/7/25, 72
2016/7/26, 74
2016/7/27, 74
2016/7/28, 66
2016/7/29, 93
2016/7/30, 70
2016/7/31, 62
2016/8/1, 44
2016/8/2, 47
2016/8/3, 51
2016/8/4, 39
2016/8/5, 60
2016/8/6, 54
2016/8/7, 59
2016/8/8, 64
2016/8/9, 72
2016/8/10, 79
2016/8/11, 74
2016/8/12, 76
2016/8/13, 72
2016/8/14, 75
2016/8/15, 75
2016/8/17, 95
2016/8/18, 86
2016/8/19, 77
2016/8/20, 79
2016/8/21, 99
2016/8/22, 89
2016/8/23, 84
2016/8/24, 67
2016/8/25, 66
2016/8/26, 102
2016/8/27, 129
2016/8/28, 90
2016/8/29, 69
2016/8/30, 79
2016/8/31, 109
2016/9/1, 82
2016/9/2, 75
2016/9/3, 68
2016/9/4, 66
2016/9/5, 88
2016/9/6, 102
2016/9/7, 104
2016/9/8, 110
2016/9/9, 107
2016/9/10, 103
2016/9/11, 136
2016/9/12, 127
2016/9/13, 116
2016/9/14, 111
2016/9/15, 114
2016/9/16, 95
2016/9/17, 91
2016/9/18, 72
2016/9/19, 64
2016/9/20, 61
2016/9/21, 68
2016/9/22, 82
2016/9/23, 89
2016/9/24, 70
2016/9/25, 73
2016/9/26, 99
2016/9/27, 105
2016/9/28, 117
2016/9/29, 126
2016/9/30, 147
2016/10/1, 129
2016/4/2, 160
2016/4/3, 146
2016/4/4, 153
2016/4/5, 153
2016/4/6, 148
2016/4/7, 141
2016/4/8, 111
2016/4/9, 94
2016/4/10, 94
2016/4/11, 97
2016/4/12, 129
2016/4/13, 133
2016/4/14, 142
2016/4/15, 157
2016/4/16, 145
2016/4/17, 144
2016/4/18, 140
2016/4/19, 130
2016/4/20, 95
2016/4/21, 107
2016/4/22, 107
2016/4/23, 111
2016/4/24, 101
2016/4/25, 111
2016/4/26, 116
2016/4/27, 133
2016/4/28, 117
2016/4/29, 101
2016/4/30, 106
2016/5/1, 102
2016/5/2, 130
2016/5/3, 120
2016/5/4, 125
2016/5/5, 105
2016/5/6, 97
2016/5/7, 108
2016/5/8, 139
2016/5/9, 107
2016/5/10, 122
2016/5/11, 107
2016/5/12, 161
2016/5/13, 144
2016/5/14, 129
2016/5/15, 132
2016/5/16, 97
2016/5/17, 90
2016/5/18, 76
2016/5/19, 88
2016/5/20, 107
2016/5/21, 103
2016/5/22, 99
2016/5/23, 108
2016/5/24, 96
2016/5/25, 100
2016/5/26, 99
2016/5/27, 87
2016/5/28, 97
2016/5/29, 99
2016/5/30, 95
2016/5/31, 106
2016/6/1, 113
2016/6/2, 123
2016/6/3, 127
2016/6/4, 123
2016/6/5, 104
2016/6/6, 122
2016/6/7, 125
2016/6/8, 114
2016/6/9, 122
2016/6/10, 101
2016/6/11, 104
2016/6/12, 114
2016/6/13, 91
2016/6/14, 95
2016/6/15, 83
2016/6/16, 88
2016/6/17, 101
2016/6/18, 140
2016/6/19, 130
2016/6/20, 112
2016/6/21, 96
2016/6/22, 113
2016/6/23, 84
2016/6/24, 79
2016/6/25, 64
2016/6/26, 70
2016/6/27, 76
2016/6/28, 73
2016/6/29, 91
2016/6/30, 74
2016/7/1, 69
2016/1/5, 155
2016/1/6, 163
2016/1/7, 165
2016/1/8, 148
2016/1/9, 152
2016/1/10, 148
2016/1/11, 149
2016/1/12, 154
2016/1/13, 158
2016/1/14, 166
2016/1/15, 149
2016/1/16, 150
2016/1/20, 142
2016/1/21, 168
2016/1/22, 146
2016/1/23, 133
2016/1/24, 153
2016/1/25, 164
2016/1/26, 161
2016/1/27, 151
2016/1/28, 161
2016/1/29, 165
2016/1/30, 162
2016/1/31, 161
2016/2/1, 169
2016/2/2, 163
2016/2/3, 151
2016/2/4, 161
2016/2/5, 173
2016/2/6, 155
2016/2/7, 149
2016/2/8, 150
2016/2/9, 157
2016/2/10, 160
2016/2/11, 155
2016/2/12, 159
2016/2/13, 154
2016/2/14, 151
2016/2/15, 140
2016/2/16, 105
2016/2/17, 116
2016/2/18, 132
2016/2/19, 121
2016/2/20, 117
2016/2/21, 148
2016/2/22, 159
2016/2/23, 158
2016/2/24, 154
2016/2/25, 141
2016/2/26, 143
2016/2/27, 129
2016/2/28, 92
2016/2/29, 108
2016/3/1, 104
2016/3/2, 106
2016/3/3, 137
2016/3/4, 133
2016/3/5, 151
2016/3/6, 154
2016/3/7, 124
2016/3/8, 115
2016/3/9, 112
2016/3/10, 134
2016/3/11, 142
2016/3/12, 147
2016/3/13, 149
2016/3/14, 140
2016/3/15, 148
2016/3/16, 124
2016/3/17, 134
2016/3/18, 141
2016/3/19, 148
2016/3/22, 145
2016/3/23, 156
2016/3/24, 169
2016/3/25, 161
2016/3/26, 167
2016/3/27, 152
2016/3/28, 163
2016/3/29, 159
2016/3/30, 155
2016/3/31, 159
2016/4/1, 145
2015/10/2, 138
2015/10/3, 91
2015/10/4, 123
2015/10/5, 121
2015/10/6, 153
2015/10/7, 146
2015/10/8, 165
2015/10/9, 176
2015/10/10, 164
2015/10/11, 148
2015/10/12, 133
2015/10/13, 169
2015/10/14, 203
2015/10/15, 160
2015/10/16, 171
2015/10/17, 166
2015/10/20, 135
2015/10/21, 152
2015/10/22, 166
2015/10/26, 155
2015/10/27, 151
2015/10/28, 153
2015/10/29, 130
2015/10/30, 87
2015/10/31, 120
2015/11/1, 143
2015/11/3, 126
2015/11/4, 129
2015/11/5, 124
2015/11/6, 122
2015/11/7, 144
2015/11/8, 139
2015/11/9, 146
2015/11/10, 141
2015/11/11, 159
2015/11/12, 193
2015/11/13, 210
2015/11/15, 152
2015/11/16, 162
2015/11/17, 165
2015/11/18, 121
2015/11/19, 119
2015/11/20, 113
2015/11/21, 119
2015/11/22, 136
2015/11/24, 143
2015/11/25, 137
2015/11/26, 170
2015/11/27, 255
2015/11/28, 159
2015/11/29, 161
2015/11/30, 161
2015/12/1, 146
2015/12/2, 137
2015/12/3, 107
2015/12/4, 148
2015/12/5, 162
2015/12/6, 157
2015/12/7, 159
2015/12/8, 158
2015/12/9, 160
2015/12/10, 158
2015/12/11, 152
2015/12/12, 116
2015/12/13, 152
2015/12/14, 131
2015/12/15, 120
2015/12/16, 106
2015/12/17, 110
2015/12/18, 99
2015/12/19, 128
2015/12/20, 136
2015/12/21, 112
2015/12/22, 117
2015/12/23, 139
2015/12/24, 140
2015/12/25, 161
2015/12/26, 169
2015/12/27, 170
2015/12/28, 172
2015/12/29, 164
2015/12/30, 156
2015/12/31, 162
2016/1/4, 146
2015/7/2, 96
2015/7/3, 106
2015/7/4, 129
2015/7/5, 127
2015/7/6, 120
2015/7/7, 110
2015/7/8, 120
2015/7/9, 95
2015/7/10, 100
2015/7/11, 97
2015/7/12, 94
2015/7/14, 127
2015/7/15, 137
2015/7/18, 85
2015/7/19, 88
2015/7/20, 86
2015/7/21, 87
2015/7/22, 90
2015/7/23, 81
2015/7/24, 89
2015/7/25, 84
2015/7/28, 84
2015/7/29, 80
2015/7/30, 84
2015/7/31, 81
2015/8/1, 79
2015/8/2, 83
2015/8/3, 96
2015/8/4, 97
2015/8/5, 97
2015/8/6, 88
2015/8/7, 99
2015/8/8, 104
2015/8/9, 88
2015/8/10, 91
2015/8/11, 82
2015/8/12, 79
2015/8/13, 69
2015/8/14, 105
2015/8/15, 86
2015/8/16, 81
2015/8/17, 90
2015/8/18, 111
2015/8/19, 104
2015/8/20, 124
2015/8/21, 101
2015/8/22, 97
2015/8/23, 101
2015/8/25, 95
2015/8/26, 101
2015/8/27, 99
2015/8/28, 108
2015/8/29, 102
2015/8/30, 93
2015/8/31, 86
2015/9/1, 79
2015/9/2, 100
2015/9/3, 114
2015/9/4, 122
2015/9/5, 111
2015/9/6, 108
2015/9/7, 109
2015/9/8, 88
2015/9/9, 83
2015/9/10, 128
2015/9/11, 120
2015/9/12, 139
2015/9/13, 125
2015/9/14, 108
2015/9/15, 114
2015/9/16, 116
2015/9/17, 113
2015/9/18, 109
2015/9/19, 103
2015/9/20, 96
2015/9/22, 85
2015/9/23, 90
2015/9/24, 127
2015/9/25, 115
2015/9/26, 109
2015/9/27, 119
2015/9/28, 134
2015/9/29, 154
2015/9/30, 143
2015/10/1, 143
2015/4/2, 121
2015/4/3, 126
2015/4/4, 147
2015/4/5, 158
2015/4/6, 155
2015/4/7, 150
2015/4/8, 138
2015/4/9, 118
2015/4/10, 96
2015/4/11, 107
2015/4/12, 117
2015/4/13, 105
2015/4/18, 112
2015/4/19, 157
2015/4/20, 143
2015/4/21, 115
2015/4/22, 96
2015/4/23, 108
2015/4/24, 137
2015/4/25, 121
2015/4/26, 121
2015/4/27, 122
2015/4/28, 120
2015/4/29, 125
2015/4/30, 147
2015/5/1, 137
2015/5/2, 172
2015/5/3, 150
2015/5/4, 130
2015/5/6, 142
2015/5/7, 130
2015/5/8, 123
2015/5/9, 135
2015/5/10, 153
2015/5/12, 143
2015/5/13, 109
2015/5/14, 120
2015/5/15, 109
2015/5/16, 98
2015/5/17, 109
2015/5/18, 98
2015/5/19, 107
2015/5/20, 135
2015/5/21, 138
2015/5/22, 196
2015/5/23, 148
2015/5/24, 115
2015/5/25, 116
2015/5/26, 121
2015/5/27, 118
2015/5/28, 139
2015/5/29, 118
2015/5/30, 133
2015/5/31, 120
2015/6/1, 150
2015/6/2, 152
2015/6/3, 128
2015/6/4, 133
2015/6/5, 140
2015/6/6, 117
2015/6/7, 120
2015/6/8, 108
2015/6/9, 88
2015/6/10, 71
2015/6/11, 67
2015/6/12, 83
2015/6/13, 84
2015/6/14, 81
2015/6/15, 87
2015/6/16, 95
2015/6/17, 98
2015/6/18, 94
2015/6/19, 72
2015/6/20, 76
2015/6/21, 79
2015/6/22, 82
2015/6/23, 85
2015/6/24, 93
2015/6/25, 86
2015/6/26, 83
2015/6/27, 122
2015/6/28, 131
2015/6/29, 122
2015/6/30, 134
2015/7/1, 112
2015/1/4, 132
2015/1/5, 122
2015/1/6, 151
2015/1/7, 137
2015/1/8, 153
2015/1/9, 158
2015/1/10, 149
2015/1/11, 148
2015/1/12, 149
2015/1/13, 152
2015/1/14, 161
2015/1/15, 171
2015/1/16, 167
2015/1/17, 158
2015/1/18, 156
2015/1/19, 159
2015/1/20, 159
2015/1/21, 161
2015/1/22, 156
2015/1/23, 149
2015/1/24, 140
2015/1/25, 129
2015/1/26, 134
2015/1/27, 133
2015/1/28, 123
2015/1/29, 137
2015/1/30, 154
2015/1/31, 161
2015/2/1, 169
2015/2/2, 167
2015/2/3, 157
2015/2/4, 156
2015/2/5, 163
2015/2/6, 167
2015/2/7, 156
2015/2/8, 127
2015/2/9, 134
2015/2/10, 135
2015/2/11, 130
2015/2/12, 147
2015/2/13, 158
2015/2/14, 153
2015/2/15, 156
2015/2/16, 166
2015/2/17, 176
2015/2/18, 172
2015/2/19, 157
2015/2/20, 148
2015/2/21, 137
2015/2/22, 133
2015/2/23, 162
2015/2/24, 163
2015/2/25, 155
2015/2/26, 158
2015/2/27, 137
2015/2/28, 131
2015/3/1, 130
2015/3/2, 107
2015/3/4, 136
2015/3/5, 117
2015/3/6, 137
2015/3/7, 139
2015/3/8, 113
2015/3/9, 125
2015/3/10, 127
2015/3/11, 158
2015/3/12, 155
2015/3/13, 153
2015/3/14, 154
2015/3/15, 151
2015/3/16, 124
2015/3/17, 113
2015/3/18, 119
2015/3/19, 141
2015/3/20, 149
2015/3/21, 153
2015/3/22, 157
2015/3/23, 158
2015/3/24, 164
2015/3/25, 170
2015/3/26, 165
2015/3/27, 157
2015/3/28, 149
2015/3/29, 148
2015/3/30, 143
2015/3/31, 134
2015/4/1, 142
2014/12/11, 172
2014/12/12, 166
2014/12/13, 159
2014/12/14, 164
2014/12/15, 166
2014/12/16, 152
2014/12/17, 155
2014/12/18, 157
2014/12/19, 138
2014/12/20, 154
2014/12/21, 158
2014/12/22, 162
2014/12/23, 160
2014/12/24, 165
2014/12/25, 165
2014/12/26, 165
2014/12/27, 163
2014/12/28, 165
2014/12/29, 160