date, pm25, pm10, so2, co
2021/5/2, 96, 63, , 
2021/5/3, 107, 40, , 
2021/5/4, 48, 25, , 
2021/5/5, 19, 33, , 
2021/5/6, 36, 42, 1, 
2021/5/7, 55, 57, , 
2021/5/8, 94, 53, , 
2021/5/9, 89, 54, , 
2021/5/10, 95, 50, , 
2021/5/11, 84, 37, , 
2021/5/12, 57, 61, , 
2021/5/13, 95, 75, 1, 
2021/5/14, 112, 112, , 
2021/5/15, 171, 104, , 
2021/5/16, 160, 98, , 
2021/5/17, 164, 62, , 
2021/5/18, 116, 83, , 
2021/5/19, 144, 58, 1, 
2021/5/20, 89, 39, 1, 
2021/5/21, 43, 21, , 
2021/5/22, 27, , , 
2021/4/2, 41, 39, , 
2021/4/3, 37, 50, , 
2021/4/4, 47, 44, , 
2021/4/5, 49, 52, , 
2021/4/6, 56, 54, , 
2021/4/7, 62, 50, 1, 
2021/4/8, 51, 47, , 
2021/4/9, 50, 20, , 
2021/4/10, 23, 14, , 
2021/4/11, 14, 14, , 
2021/4/12, 27, 28, , 
2021/4/13, 33, 54, , 
2021/4/14, 74, 62, , 
2021/4/15, 100, 55, , 
2021/4/16, 78, 84, , 
2021/4/17, 134, 66, , 
2021/4/18, 110, 47, , 
2021/4/19, 90, 54, , 
2021/4/20, 71, 47, 2, 
2021/4/21, 46, 45, , 
2021/4/22, 33, 47, 1, 
2021/4/23, 49, 44, 1, 
2021/4/24, 42, 14, , 
2021/4/25, 14, 22, 1, 
2021/4/26, 22, 62, 1, 
2021/4/27, 85, 65, 1, 
2021/4/28, 104, 58, , 
2021/4/29, 86, 66, , 
2021/4/30, 86, 52, , 
2021/5/1, 70, 63, , 
2021/3/2, 35, 50, , 
2021/3/3, 39, 47, , 
2021/3/4, 23, 45, , 
2021/3/5, 34, 45, , 
2021/3/6, 69, 39, , 
2021/3/7, 38, 65, , 
2021/3/8, 89, 77, , 
2021/3/9, 91, 61, 2, 
2021/3/10, 39, 68, , 
2021/3/11, 57, 68, , 
2021/3/12, 74, 63, , 
2021/3/13, 44, 64, , 
2021/3/14, 58, 69, , 
2021/3/15, 67, 52, , 
2021/3/16, 43, 25, , 
2021/3/17, 29, 25, , 
2021/3/18, 19, 30, , 
2021/3/19, 30, 45, , 
2021/3/20, 50, 17, , 
2021/3/21, 18, 34, , 
2021/3/22, 31, 43, , 
2021/3/23, 43, 62, , 
2021/3/24, 94, 40, , 
2021/3/25, 53, 21, , 
2021/3/26, 26, 20, , 
2021/3/27, 26, 15, , 
2021/3/28, 9, 18, , 
2021/3/29, 15, 29, , 
2021/3/30, 22, 40, , 
2021/3/31, 36, 42, , 
2021/4/1, 42, 45, , 
2021/2/2, 9, 22, , 
2021/2/3, 19, 29, 1, 
2021/2/4, 23, 28, 1, 
2021/2/5, 29, 36, , 
2021/2/6, 36, 49, , 
2021/2/7, 59, 43, 1, 
2021/2/8, 48, 25, , 
2021/2/9, 16, 22, 2, 
2021/2/10, 12, 32, 1, 
2021/2/11, 14, 33, , 
2021/2/12, 22, 35, , 
2021/2/13, 30, 40, , 
2021/2/14, 51, 27, , 
2021/2/15, 40, 17, 1, 
2021/2/16, 11, 17, , 
2021/2/17, 11, 24, , 
2021/2/18, 24, 53, 1, 
2021/2/19, 59, 70, , 
2021/2/20, 65, 52, 4, 
2021/2/21, 50, 85, 1, 
2021/2/22, 102, 31, , 
2021/2/23, 40, 32, , 
2021/2/24, 31, 48, , 
2021/2/25, 62, 66, , 
2021/2/26, 101, 65, , 
2021/2/27, 72, 48, , 
2021/2/28, 31, 39, , 
2021/3/1, 22, 43, , 
2021/1/5, 40, 42, , 
2021/1/6, 26, 21, , 
2021/1/7, 14, 19, , 
2021/1/9, 27, 53, , 
2021/1/10, 62, 48, , 
2021/1/11, 38, 22, 3, 
2021/1/12, 12, 35, , 
2021/1/13, 28, 49, 1, 
2021/1/14, 32, 47, , 
2021/1/15, 26, 38, 1, 
2021/1/16, 25, , , 
2021/1/19, 28, 64, 1, 
2021/1/20, 77, 58, 1, 
2021/1/21, 51, 53, , 
2021/1/22, 37, 48, , 
2021/1/23, 29, 54, 2, 
2021/1/24, 41, 47, 5, 
2021/1/25, 30, 51, 1, 
2021/1/26, 38, 51, 1, 
2021/1/27, 41, 39, 5, 
2021/1/28, 37, 34, 2, 
2021/1/29, 45, 28, , 
2021/1/30, 45, 33, , 
2021/1/31, 43, 19, , 
2021/2/1, 14, 13, , 
2020/10/2, 26, 48, 2, 
2020/10/3, 19, , , 
2020/10/5, 15, 17, , 
2020/10/6, 14, 57, , 
2020/10/8, 48, 36, 4, 
2020/10/9, 33, 49, 1, 
2020/10/10, 50, , , 
2020/10/13, 61, 59, , 
2020/10/14, 90, 56, , 
2020/10/15, 68, 53, , 
2020/10/16, 55, 51, , 1
2020/10/17, 57, 45, , 
2020/10/18, 53, 37, , 
2020/10/19, 63, 25, , 
2020/10/20, 31, 18, , 
2020/10/21, 16, 28, 1, 
2020/10/22, 18, 11, , 
2020/10/23, 30, 18, , 
2020/10/24, 20, 20, , 
2020/10/25, 18, 32, , 
2020/10/26, 46, 26, 1, 
2020/10/27, 24, 45, 2, 
2020/10/28, 52, 28, , 
2020/10/29, 27, 24, , 
2020/10/30, 31, 36, , 
2020/10/31, 36, 46, , 
2020/11/1, 50, 53, , 
2020/11/2, 50, 61, , 
2020/11/3, 65, 46, , 
2020/11/4, 37, 48, , 
2020/11/5, 27, 46, 1, 
2020/11/6, 29, 49, , 
2020/11/7, 41, 49, , 
2020/11/9, 38, 43, , 
2020/11/10, 34, 47, , 
2020/11/11, 39, 52, 1, 
2020/11/12, 35, 46, , 
2020/11/13, 38, 51, 1, 
2020/11/14, 47, 38, 1, 
2020/11/15, 51, 28, , 
2020/11/16, 28, 36, , 
2020/11/17, 36, 56, , 
2020/11/18, 49, 44, , 
2020/11/19, 28, 34, , 
2020/11/20, 18, 45, , 
2020/11/21, 32, 51, , 
2020/11/22, 40, 46, , 
2020/11/23, 43, 55, , 
2020/11/24, 42, 65, , 
2020/11/25, 51, 26, , 
2020/11/26, 41, 42, , 
2020/11/27, 41, 55, , 
2020/11/28, 55, 35, , 
2020/11/29, 47, 26, , 
2020/11/30, 25, 35, , 
2020/12/1, 26, 42, , 
2020/12/2, 36, 44, 1, 
2020/12/3, 52, 24, , 
2020/12/4, 27, 42, , 
2020/12/5, 37, 34, , 
2020/12/6, 23, 47, , 
2020/12/7, 46, 53, , 
2020/12/8, 51, 44, , 
2020/12/9, 37, 56, , 
2020/12/10, 46, 82, , 
2020/12/11, 44, 37, , 
2020/12/12, 24, 62, , 
2020/12/13, 67, 27, , 
2020/12/14, 31, 52, , 
2020/12/15, 56, 48, , 
2020/12/16, 27, 53, , 
2020/12/17, 36, 63, , 
2020/12/18, 55, 62, , 
2020/12/19, 52, 53, , 
2020/12/20, 21, 36, , 
2020/12/21, 30, 40, , 
2020/12/22, 37, 63, 1, 
2020/12/23, 70, 62, , 
2020/12/24, 59, 60, , 
2020/12/25, 53, 44, , 
2020/12/26, 48, 50, , 
2020/12/27, 24, 48, , 
2020/12/28, 30, 48, , 
2020/12/29, 28, 41, , 
2020/12/30, 36, 46, , 
2020/12/31, 44, 35, , 
2021/1/1, 33, 47, , 
2021/1/2, 52, 52, , 
2021/1/3, 37, 49, , 
2021/1/4, 46, 51, , 
2020/7/2, 34, 12, , 
2020/7/3, 43, 23, , 
2020/7/4, 67, 26, , 
2020/7/5, 68, 17, , 
2020/7/6, 60, 26, , 
2020/7/7, 67, 29, 1, 
2020/7/8, 67, 26, , 
2020/7/9, 62, 30, , 
2020/7/10, 82, 23, , 
2020/7/11, 67, 23, , 
2020/7/12, 64, 14, , 
2020/7/13, 43, 12, , 
2020/7/14, 29, 26, , 
2020/7/15, 61, 80, , 
2020/7/16, 159, 46, , 
2020/7/17, 106, 48, , 
2020/7/18, 104, 27, , 
2020/7/19, 60, 34, , 
2020/7/20, 66, 30, , 
2020/7/21, 58, 16, , 
2020/7/22, 35, 13, , 
2020/7/23, 25, 7, , 
2020/7/24, 14, 8, , 
2020/7/25, 17, 20, , 
2020/7/26, 48, 45, , 
2020/7/27, 97, 36, , 
2020/7/28, 84, 19, , 
2020/7/29, 47, 58, , 
2020/7/30, 119, 64, , 
2020/7/31, 114, 41, , 
2020/8/1, 71, , , 
2020/8/3, 60, 46, , 
2020/8/4, 73, 51, , 
2020/8/5, 78, 64, , 
2020/8/6, 98, 26, , 
2020/8/7, 44, 16, , 
2020/8/8, 24, 69, , 
2020/8/9, 143, 34, , 
2020/8/10, 78, 33, , 
2020/8/11, 59, 27, , 
2020/8/12, 29, 53, , 
2020/8/13, 95, 77, , 
2020/8/14, 129, 68, , 
2020/8/15, 116, 33, , 
2020/8/16, 35, 58, , 
2020/8/17, 52, 46, , 
2020/8/18, 65, 81, , 
2020/8/19, 131, 21, , 
2020/8/20, 24, 23, , 
2020/8/21, 38, 43, , 
2020/8/22, 59, 75, 2, 
2020/8/23, 134, 64, , 
2020/8/24, 78, 47, , 
2020/8/25, 51, 38, 1, 
2020/8/26, 53, 20, 1, 
2020/8/27, 39, 25, , 
2020/8/28, 27, 29, 2, 
2020/8/29, 45, , , 
2020/8/31, 41, 38, , 
2020/9/1, 51, 24, 1, 
2020/9/2, 14, 7, 2, 
2020/9/3, 10, 12, , 
2020/9/4, 27, 15, , 
2020/9/5, 30, , , 
2020/9/7, 21, 32, 1, 
2020/9/8, 34, 44, , 
2020/9/9, 49, 32, 1, 
2020/9/10, 43, 38, , 
2020/9/11, 51, 32, , 
2020/9/12, 34, 49, , 
2020/9/13, 59, 45, , 
2020/9/14, 80, 28, , 
2020/9/15, 40, 63, , 
2020/9/16, 86, 39, , 
2020/9/17, 63, 60, 1, 
2020/9/18, 74, 58, 1, 
2020/9/19, 41, 37, , 
2020/9/20, 41, 31, , 
2020/9/21, 34, 33, , 
2020/9/22, 39, 46, , 
2020/9/23, 48, 59, 6, 
2020/9/24, 75, 64, 1, 
2020/9/25, 68, 28, 1, 
2020/9/26, 53, , , 
2020/9/28, 12, 16, , 
2020/9/29, 28, 44, 1, 
2020/9/30, 58, 44, , 
2020/10/1, 53, 32, , 
2020/4/2, 25, 10, 4, 
2020/4/3, 17, 21, 4, 
2020/4/4, 50, 43, 3, 
2020/4/5, 83, 31, 5, 
2020/4/6, 80, 27, 4, 
2020/4/7, 59, 17, 5, 
2020/4/8, 40, 28, 4, 
2020/4/9, 60, 35, 4, 
2020/4/10, 73, 24, 4, 
2020/4/11, 57, 37, 3, 
2020/4/12, 79, 39, 4, 
2020/4/13, 77, 20, 3, 
2020/4/14, 62, 4, 3, 
2020/4/15, 18, 38, 2, 
2020/4/16, 90, 34, 4, 
2020/4/17, 76, 64, , 
2020/4/18, 131, 35, , 
2020/4/19, 83, 45, , 
2020/4/20, 90, 76, , 
2020/4/21, 153, 47, 5, 
2020/4/22, 70, 31, 2, 
2020/4/23, 55, 43, 1, 
2020/4/24, 80, 31, , 
2020/4/25, 71, 12, , 
2020/4/26, 52, 13, , 
2020/4/27, 32, 14, , 
2020/4/28, 37, 5, , 
2020/4/29, 26, 7, , 
2020/4/30, 25, 19, , 
2020/5/1, 47, 31, , 
2020/5/2, 86, 19, , 
2020/5/3, 55, 31, , 
2020/5/4, 84, 30, , 
2020/5/5, 87, 11, , 
2020/5/6, 34, 18, , 
2020/5/7, 47, 24, , 
2020/5/8, 56, 69, , 
2020/5/9, 163, , , 
2020/5/11, 103, 39, 3, 
2020/5/12, 78, 56, 3, 
2020/5/13, 116, 48, 3, 
2020/5/14, 93, 33, 3, 
2020/5/15, 72, 47, 4, 
2020/5/16, 82, 51, , 
2020/5/17, 78, 48, , 
2020/5/18, 88, 46, , 
2020/5/19, 87, 48, , 
2020/5/20, 98, 52, , 
2020/5/21, 111, 13, , 
2020/5/22, 42, 13, , 
2020/5/23, 33, 20, , 
2020/5/24, 52, 21, , 
2020/5/25, 51, 17, , 
2020/5/26, 37, 25, , 
2020/5/27, 60, 43, , 
2020/5/28, 99, 43, , 
2020/5/29, 104, 46, , 
2020/5/30, 103, 28, , 
2020/5/31, 68, 23, , 
2020/6/1, 41, 18, , 
2020/6/2, 49, 57, , 
2020/6/3, 131, 45, , 
2020/6/4, 106, 38, , 
2020/6/5, 93, 29, , 
2020/6/6, 82, 9, 1, 
2020/6/7, 37, 5, , 
2020/6/8, 35, 16, 1, 
2020/6/9, 62, 44, , 
2020/6/10, 122, 66, , 
2020/6/11, 142, 64, , 
2020/6/12, 144, 31, , 
2020/6/13, 83, 22, , 
2020/6/14, 41, 57, , 
2020/6/15, 127, 40, , 
2020/6/16, 92, 31, , 
2020/6/17, 76, 32, , 
2020/6/18, 61, 12, , 
2020/6/19, 43, 35, , 
2020/6/20, 95, 21, , 
2020/6/21, 66, 13, , 
2020/6/22, 51, 20, , 
2020/6/23, 54, 9, , 
2020/6/24, 35, 12, , 
2020/6/25, 35, 13, , 
2020/6/26, 38, 30, , 
2020/6/27, 70, 88, 4, 
2020/6/28, 169, 55, 1, 
2020/6/29, 125, 28, , 
2020/6/30, 70, 5, , 
2020/7/1, 36, 11, , 
2020/1/2, 21, 22, 3, 
2020/1/3, 29, 26, 3, 
2020/1/4, 26, 39, 3, 
2020/1/5, 54, 39, 3, 
2020/1/6, 61, 15, 2, 
2020/1/7, 23, 33, 3, 
2020/1/8, 48, 48, 3, 
2020/1/9, 61, 37, 3, 
2020/1/10, 46, 49, 1, 
2020/1/11, 65, 43, , 
2020/1/12, 59, 49, 1, 
2020/1/13, 49, 46, 1, 
2020/1/14, 39, 24, , 
2020/1/15, 45, 26, , 
2020/1/16, 40, 25, , 
2020/1/17, 27, 43, , 
2020/1/18, 57, 35, , 
2020/1/19, 59, 37, , 
2020/1/20, 66, 52, 1, 
2020/1/21, 83, 30, , 
2020/1/22, 58, 26, , 
2020/1/23, 48, 32, , 
2020/1/24, 46, 42, , 
2020/1/25, 59, , , 
2020/1/27, 54, 44, , 
2020/1/28, 55, 49, , 
2020/1/29, 65, 25, , 
2020/1/30, 42, 20, , 
2020/1/31, 34, 42, , 
2020/2/1, 64, 49, , 
2020/2/2, 85, 51, , 
2020/2/3, 94, 47, 1, 
2020/2/4, 67, 42, , 
2020/2/5, 53, 35, , 
2020/2/6, 59, 22, , 
2020/2/7, 51, 24, , 
2020/2/8, 64, 11, , 
2020/2/9, 25, 13, , 
2020/2/10, 20, 20, , 
2020/2/11, 22, 38, , 
2020/2/12, 57, 30, , 
2020/2/13, 35, 36, 1, 
2020/2/14, 42, 14, , 
2020/2/15, 28, , , 
2020/2/17, 37, 13, , 
2020/2/18, 28, 13, 2, 
2020/2/19, 20, 21, , 
2020/2/20, 32, 24, , 
2020/2/21, 31, 21, , 
2020/2/22, 23, , , 
2020/2/25, 47, 32, , 
2020/2/26, 35, 35, , 
2020/2/27, 56, 47, , 
2020/2/28, 69, 62, , 
2020/2/29, 101, 49, , 
2020/3/1, 63, 52, , 
2020/3/2, 81, 49, , 
2020/3/3, 65, 54, , 
2020/3/4, 59, 50, 12, 
2020/3/5, 67, 53, 3, 
2020/3/6, 54, 53, 3, 
2020/3/7, 66, 52, 4, 
2020/3/8, 66, 50, 5, 
2020/3/9, 84, 39, 5, 
2020/3/10, 58, 27, 4, 
2020/3/11, 45, 13, 6, 
2020/3/12, 40, 20, 5, 
2020/3/13, 55, 34, 2, 
2020/3/14, 78, 11, 3, 
2020/3/15, 20, 21, 5, 
2020/3/16, 33, 20, 4, 
2020/3/17, 37, 24, 5, 
2020/3/18, 51, 12, 4, 
2020/3/19, 25, 18, 4, 
2020/3/20, 36, 29, 3, 
2020/3/21, 64, 41, 3, 
2020/3/22, 86, 63, 4, 
2020/3/23, 131, 42, 5, 
2020/3/24, 84, 37, 3, 
2020/3/25, 81, 22, 9, 
2020/3/26, 57, 22, 2, 
2020/3/27, 40, 32, 4, 
2020/3/28, 64, 32, 5, 
2020/3/29, 71, 22, 6, 
2020/3/30, 60, 28, 5, 
2020/3/31, 68, 12, 3, 
2020/4/1, 23, 11, 4, 
2019/10/2, 25, 24, 1, 
2019/10/3, 22, 28, 1, 
2019/10/4, 22, 6, , 
2019/10/5, 13, 20, , 
2019/10/6, 40, 36, , 
2019/10/7, 70, 29, , 
2019/10/8, 34, 36, , 
2019/10/9, 42, 48, , 
2019/10/10, 56, 37, , 
2019/10/11, 54, 26, 1, 
2019/10/12, 63, 8, , 
2019/10/13, 49, 12, , 
2019/10/14, 39, 27, , 
2019/10/15, 46, 15, , 
2019/10/16, 33, 16, , 
2019/10/17, 33, 8, , 
2019/10/18, 31, 14, , 
2019/10/19, 38, 33, , 
2019/10/20, 61, 33, , 
2019/10/21, 67, 21, 1, 
2019/10/22, 48, 26, , 
2019/10/23, 53, 21, , 
2019/10/24, 45, 33, , 
2019/10/25, 57, 42, , 
2019/10/26, 77, 63, , 
2019/10/27, 77, 19, 1, 
2019/10/28, 50, 15, 1, 
2019/10/29, 49, 20, , 
2019/10/30, 40, 25, , 
2019/10/31, 43, 37, , 
2019/11/1, 49, 31, , 
2019/11/2, 50, 20, , 
2019/11/3, 42, 27, , 
2019/11/4, 47, 22, , 
2019/11/5, 56, 26, , 
2019/11/6, 46, 69, , 
2019/11/7, 97, 41, , 
2019/11/8, 48, 39, 2, 
2019/11/9, 52, 21, 1, 
2019/11/10, 41, 25, , 
2019/11/11, 43, 40, , 
2019/11/12, 43, 42, , 
2019/11/13, 55, 46, , 
2019/11/14, 80, 43, , 
2019/11/15, 60, 63, , 
2019/11/16, 87, 15, 2, 
2019/11/17, 30, 31, 1, 
2019/11/18, 69, 60, 1, 
2019/11/19, 115, 40, , 
2019/11/20, 53, 47, 1, 
2019/11/21, 62, 54, 1, 
2019/11/22, 57, 23, 2, 
2019/11/23, 29, 34, 2, 
2019/11/24, 36, 37, , 
2019/11/25, 30, 27, , 
2019/11/26, 35, 17, , 
2019/11/27, 34, 27, , 
2019/11/28, 41, 51, , 
2019/11/29, 69, 46, , 
2019/11/30, 41, 37, 2, 
2019/12/1, 39, 38, 1, 
2019/12/2, 64, 43, 2, 
2019/12/3, 58, 50, 2, 
2019/12/4, 74, 34, 1, 
2019/12/5, 67, 19, 1, 
2019/12/6, 36, 36, 1, 
2019/12/7, 57, 40, , 
2019/12/8, 53, 41, , 
2019/12/9, 53, 39, 1, 
2019/12/10, 54, 51, 1, 
2019/12/11, 71, 57, 1, 
2019/12/12, 76, 38, 1, 
2019/12/13, 35, 39, , 
2019/12/14, 45, 56, 1, 
2019/12/15, 65, 39, 1, 
2019/12/16, 61, 46, , 
2019/12/17, 78, 36, 1, 
2019/12/18, 57, 46, 1, 
2019/12/19, 47, 51, , 
2019/12/20, 57, 28, , 
2019/12/21, 52, 18, 2, 
2019/12/22, 28, 32, 2, 
2019/12/23, 70, 55, 2, 
2019/12/24, 106, 52, 3, 
2019/12/25, 68, 21, 2, 
2019/12/26, 35, 19, 3, 
2019/12/27, 37, 18, 3, 
2019/12/28, 46, 30, 4, 
2019/12/29, 60, 30, 3, 
2019/12/30, 65, , , 
2019/7/2, 22, 12, , 
2019/7/3, 23, 14, , 
2019/7/4, 18, 11, , 
2019/7/5, 17, 15, , 
2019/7/6, 53, 19, 1, 
2019/7/7, 39, 107, , 
2019/7/10, 116, 83, 2, 
2019/7/11, 147, 54, , 
2019/7/12, 100, 18, 1, 
2019/7/13, 39, 22, , 
2019/7/14, 51, 43, 3, 
2019/7/15, 100, 33, , 
2019/7/16, 80, 51, , 
2019/7/17, 93, 37, , 
2019/7/18, 69, 34, 1, 
2019/7/19, 68, 49, , 
2019/7/20, 98, 63, , 
2019/7/21, 136, 29, , 
2019/7/22, 48, 22, , 
2019/7/23, 21, 15, , 
2019/7/24, 21, 27, , 
2019/7/25, 44, 24, , 
2019/7/26, 40, 4, , 
2019/7/27, 16, 22, 1, 
2019/7/28, 34, 28, , 
2019/7/29, 59, 36, , 
2019/7/30, 62, 24, , 
2019/7/31, 51, 29, , 
2019/8/1, 59, 25, , 
2019/8/2, 33, 15, , 
2019/8/3, 11, 21, , 
2019/8/4, 33, 43, 1, 
2019/8/5, 81, 32, 1, 
2019/8/6, 41, 48, , 
2019/8/7, 71, 48, , 
2019/8/8, 58, 31, , 
2019/8/9, 34, 15, , 
2019/8/10, 27, 21, , 
2019/8/11, 38, 30, , 
2019/8/12, 58, 26, , 
2019/8/13, 42, 16, , 
2019/8/14, 29, 57, , 
2019/8/15, 101, 39, 3, 
2019/8/16, 66, , , 
2019/8/26, 107, 57, 2, 
2019/8/27, 105, 61, 1, 
2019/8/28, 102, 48, 1, 
2019/8/29, 66, 28, 1, 
2019/8/30, 51, 43, 1, 
2019/8/31, 67, 28, 1, 
2019/9/1, 51, 27, 1, 
2019/9/2, 49, 46, 1, 
2019/9/3, 70, 19, 1, 
2019/9/4, 25, 27, 2, 
2019/9/5, 35, 48, 1, 
2019/9/6, 45, 43, , 
2019/9/7, 42, 21, 1, 
2019/9/8, 39, 16, , 
2019/9/9, 33, 5, 1, 
2019/9/10, 17, 17, 1, 
2019/9/11, 30, 23, , 
2019/9/12, 44, 22, , 
2019/9/13, 36, 50, , 
2019/9/14, 69, 43, , 
2019/9/15, 59, 33, , 
2019/9/16, 63, 15, , 
2019/9/17, 27, 32, , 
2019/9/18, 33, 40, , 
2019/9/19, 53, 40, , 
2019/9/20, 56, 35, , 
2019/9/21, 39, 45, , 
2019/9/22, 43, 38, , 
2019/9/23, 40, 52, , 
2019/9/24, 60, 46, , 
2019/9/25, 61, 48, 1, 
2019/9/26, 64, 51, , 
2019/9/27, 51, 53, , 
2019/9/28, 68, 52, , 
2019/9/29, 59, 61, , 
2019/9/30, 81, 45, , 
2019/10/1, 51, 13, , 
2019/4/2, 96, 36, , 
2019/4/3, 74, 34, , 
2019/4/4, 31, 28, 1, 
2019/4/5, 45, 20, , 
2019/4/6, 36, 38, , 
2019/4/7, 78, 46, , 
2019/4/8, 87, 59, 1, 
2019/4/9, 97, 54, 1, 
2019/4/10, 86, 47, 1, 
2019/4/11, 83, 12, 1, 
2019/4/12, 25, 30, , 
2019/4/13, 64, 40, , 
2019/4/14, 73, 33, , 
2019/4/15, 71, 29, , 
2019/4/16, 38, 34, 1, 
2019/4/17, 58, 38, 1, 
2019/4/18, 63, 35, , 
2019/4/19, 65, 38, 452, 
2019/4/20, 76, 25, , 
2019/4/21, 37, 30, , 
2019/4/22, 52, 38, , 
2019/4/23, 65, 46, 500, 
2019/4/24, 78, 29, 2, 
2019/4/25, 51, 30, , 
2019/4/26, 40, 9, , 
2019/4/27, 25, 4, , 
2019/4/28, 14, 12, , 
2019/4/29, 29, 16, , 
2019/4/30, 44, 42, , 
2019/5/1, 67, 46, , 
2019/5/2, 113, 25, , 
2019/5/3, 43, 33, , 
2019/5/4, 74, 38, , 
2019/5/5, 74, 7, , 
2019/5/6, 32, 13, , 
2019/5/7, 28, 22, , 
2019/5/8, 38, 19, , 
2019/5/18, 63, 14, , 
2019/5/19, 28, 18, , 
2019/5/20, 43, 17, 1, 
2019/5/21, 43, 10, , 
2019/5/22, 30, 18, , 
2019/5/23, 31, 18, , 
2019/5/24, 46, 28, , 
2019/5/25, 65, 31, , 
2019/5/26, 76, 27, , 
2019/5/27, 65, 23, , 
2019/5/28, 56, 20, , 
2019/5/29, 54, 25, , 
2019/5/30, 57, 14, , 
2019/5/31, 27, 29, , 
2019/6/1, 58, 45, , 
2019/6/2, 109, 25, , 
2019/6/3, 69, 29, , 
2019/6/4, 60, 46, , 
2019/6/5, 101, 29, , 
2019/6/6, 50, 26, , 
2019/6/7, 53, 9, , 
2019/6/8, 36, , , 
2019/6/9, 53, , 1, 
2019/6/10, 100, , , 
2019/6/11, 78, , , 
2019/6/12, 58, , , 
2019/6/13, 57, , , 
2019/6/14, 43, 8, , 
2019/6/15, 21, 6, , 
2019/6/16, 14, 6, 2, 
2019/6/17, 15, 7, , 
2019/6/18, 18, 6, , 
2019/6/19, 15, 7, , 
2019/6/20, 11, 38, , 
2019/6/21, 77, 58, , 
2019/6/22, 117, 62, , 
2019/6/23, 126, 51, , 
2019/6/24, 107, 27, 1, 
2019/6/25, 62, 5, , 
2019/6/26, 16, 24, , 
2019/6/27, 32, 36, , 
2019/6/28, 57, 34, 1, 
2019/6/29, 69, 11, , 
2019/6/30, 26, 5, , 
2019/7/1, 16, 12, , 
2019/1/2, 62, 10, , 
2019/1/3, 5, 20, , 
2019/1/4, 30, 27, , 
2019/1/5, 63, 44, 2, 
2019/1/6, 66, 19, 1, 
2019/1/7, 48, 17, , 
2019/1/8, 41, 34, , 
2019/1/9, 48, 16, , 
2019/1/10, 63, 13, 1, 
2019/1/11, 34, 24, 1, 
2019/1/12, 54, 44, , 
2019/1/13, 49, 21, , 
2019/1/14, 52, 13, 1, 
2019/1/15, 7, 5, , 
2019/1/16, 41, 19, , 
2019/1/17, 56, 30, , 
2019/1/18, 44, 16, 1, 
2019/1/19, 29, 22, , 
2019/1/20, 28, 30, , 
2019/1/21, 40, 33, , 
2019/1/22, 55, 39, , 
2019/1/23, 53, 37, 1, 
2019/1/24, 26, 41, , 
2019/1/25, 23, 16, , 
2019/1/26, 15, 16, , 
2019/1/27, 23, 24, , 
2019/1/28, 78, 22, , 
2019/1/29, 53, 26, , 
2019/1/30, 40, 11, , 
2019/1/31, 78, 30, , 
2019/2/1, 44, 29, 1, 
2019/2/2, 66, 25, , 
2019/2/3, 39, 22, 1, 
2019/2/4, 25, 43, , 
2019/2/5, 51, 50, , 
2019/2/6, 59, 47, , 
2019/2/7, 55, 45, , 
2019/2/8, 57, 35, 1, 
2019/2/9, 56, 27, 1, 
2019/2/10, 56, 53, 1, 
2019/2/11, 99, 24, , 
2019/2/12, 32, 24, , 
2019/2/13, 37, 41, , 
2019/2/14, 67, 30, 1, 
2019/2/15, 65, 36, , 
2019/2/16, 80, 52, 1, 
2019/2/17, 100, 31, 1, 
2019/2/18, 66, 32, , 
2019/2/19, 55, 45, 1, 
2019/2/20, 64, 46, 2, 
2019/2/21, 60, 52, 1, 
2019/2/22, 35, 29, , 
2019/2/23, 66, 13, , 
2019/2/24, 36, 20, 1, 
2019/2/25, 31, 18, , 
2019/2/26, 21, 22, , 
2019/2/27, 39, 29, 1, 
2019/2/28, 45, 20, , 
2019/3/1, 30, 36, , 
2019/3/2, 37, 23, 1, 
2019/3/3, 39, 43, 1, 
2019/3/4, 83, 11, , 
2019/3/5, 15, 23, 1, 
2019/3/6, 43, 26, 1, 
2019/3/7, 50, 28, , 
2019/3/8, 43, 15, , 
2019/3/9, 21, 20, , 
2019/3/10, 25, 21, 1, 
2019/3/11, 26, 30, , 
2019/3/12, 41, 9, 1, 
2019/3/13, 21, 14, , 
2019/3/14, 20, 18, , 
2019/3/15, 28, 17, , 
2019/3/16, 30, 21, 1, 
2019/3/17, 35, 13, 1, 
2019/3/18, 28, 28, , 
2019/3/19, 43, 22, 1, 
2019/3/20, 34, 19, , 
2019/3/21, 36, 28, , 
2019/3/22, 49, 49, , 
2019/3/23, 85, 51, , 
2019/3/24, 91, 21, 1, 
2019/3/25, 32, 18, , 
2019/3/26, 29, 28, , 
2019/3/27, 38, 33, , 
2019/3/28, 40, 37, , 
2019/3/29, 53, 23, , 
2019/3/30, 38, 37, 1, 
2019/3/31, 67, 39, , 
2019/4/1, 77, 46, , 
2018/10/2, 21, 19, 2, 
2018/10/3, 37, 17, 1, 
2018/10/4, 32, 23, 2, 
2018/10/5, 36, 27, 2, 
2018/10/6, 33, 40, 2, 
2018/10/7, 57, 35, 2, 
2018/10/8, 51, 39, 2, 
2018/10/9, 59, 13, 2, 
2018/10/10, 18, 18, 1, 
2018/10/11, 17, 37, 1, 
2018/10/12, 41, 17, 1, 
2018/10/13, 34, 33, , 
2018/10/14, 64, 37, , 
2018/10/15, 53, 30, , 
2018/10/16, 42, 35, , 
2018/10/17, 41, 48, 1, 
2018/10/18, 57, 20, , 
2018/10/19, 30, 27, 1, 
2018/10/20, 27, 14, 1, 
2018/10/21, 21, 24, , 
2018/10/22, 58, 19, , 
2018/10/23, 38, 22, , 
2018/10/24, 22, 11, , 
2018/10/25, 20, 14, , 
2018/10/26, 25, 15, 1, 
2018/10/27, 26, 17, , 
2018/10/28, 32, 37, 1, 
2018/10/29, 71, 35, , 
2018/10/30, 45, 13, 2, 
2018/10/31, 26, 12, , 
2018/11/1, 16, 20, , 
2018/11/2, 25, 32, , 
2018/11/3, 40, 18, , 
2018/11/4, 36, 34, 1, 
2018/11/5, 73, 35, , 
2018/11/6, 49, 36, 1, 
2018/11/7, 44, 37, , 
2018/11/8, 39, 45, , 
2018/11/9, 50, 54, , 
2018/11/10, 66, 15, , 
2018/11/11, 21, 11, , 
2018/11/12, 29, 17, 1, 
2018/11/13, 34, 6, , 
2018/11/14, 19, 15, 1, 
2018/11/15, 25, 21, , 
2018/11/16, 14, 23, , 
2018/11/17, 35, 14, , 
2018/11/18, 26, 30, , 
2018/11/19, 55, 27, 1, 
2018/11/20, 42, 37, , 
2018/11/21, 45, 46, , 
2018/11/22, 48, 29, , 
2018/11/23, 40, 20, , 
2018/11/24, 26, 26, , 
2018/11/26, 64, 51, , 
2018/11/27, 72, 49, , 
2018/11/28, 55, 27, 1, 
2018/11/29, 28, 23, 2, 
2018/11/30, 26, 25, 1, 
2018/12/1, 38, 14, , 
2018/12/2, 19, 20, , 
2018/12/3, 39, 30, 1, 
2018/12/4, 36, 28, 1, 
2018/12/5, 36, 32, 7, 
2018/12/6, 29, 30, , 
2018/12/7, 29, 41, , 
2018/12/8, 46, 50, , 
2018/12/9, 53, 31, , 
2018/12/10, 30, 23, , 
2018/12/11, 39, 22, , 
2018/12/12, 47, 24, 1, 
2018/12/13, 30, 15, 2, 
2018/12/14, 27, 10, 1, 
2018/12/15, 12, 15, , 
2018/12/16, 20, 16, , 
2018/12/17, 37, 33, 1, 
2018/12/18, 69, 27, , 
2018/12/19, 49, 25, 1, 
2018/12/20, 14, 20, , 
2018/12/21, 19, 15, , 
2018/12/22, 30, 18, , 
2018/12/23, 45, 40, , 
2018/12/24, 44, 44, , 
2018/12/25, 61, 39, , 
2018/12/26, 74, 37, , 
2018/12/27, 38, 40, 1, 
2018/12/28, 74, 53, , 
2018/12/29, 121, 16, , 
2018/12/30, 25, 44, 1, 
2018/12/31, 46, , , 
2018/7/2, 82, 11, , 
2018/7/3, 27, 22, 2, 
2018/7/4, 33, 28, 3, 
2018/7/5, 58, 21, 2, 
2018/7/6, 37, 16, 2, 
2018/7/7, 32, 3, 1, 
2018/7/8, 10, 12, 1, 
2018/7/9, 30, 15, 1, 
2018/7/10, 34, 39, 1, 
2018/7/11, 89, 45, 2, 
2018/7/12, 105, 30, 1, 
2018/7/13, 67, 48, 1, 
2018/7/14, 97, 44, , 
2018/7/15, 93, 25, 1, 
2018/7/16, 45, 18, , 
2018/7/17, 30, 13, , 
2018/7/18, 25, 14, , 
2018/7/19, 44, 6, , 
2018/7/20, 22, 2, 1, 
2018/7/21, 7, 20, , 
2018/7/22, 44, 18, , 
2018/7/23, 51, 17, 1, 
2018/7/24, 33, 46, 1, 
2018/7/25, 93, 15, 1, 
2018/7/26, 33, 6, 1, 
2018/7/27, 27, 9, 1, 
2018/7/28, 21, 3, , 
2018/7/29, 10, 4, , 
2018/7/30, 13, 11, , 
2018/7/31, 32, 18, , 
2018/8/1, 29, , , 
2018/8/3, 57, 30, 1, 
2018/8/4, 71, 17, , 
2018/8/5, 48, 42, , 
2018/8/6, 100, 42, 1, 
2018/8/7, 73, 33, 2, 
2018/8/8, 64, 5, 2, 
2018/8/9, 14, 14, 1, 
2018/8/10, 20, 12, , 
2018/8/11, 20, 23, 1, 
2018/8/12, 61, 22, 2, 
2018/8/13, 53, 32, 2, 
2018/8/14, 72, 10, 2, 
2018/8/15, 27, 33, 3, 
2018/8/16, 59, 45, 2, 
2018/8/17, 85, 33, 1, 
2018/8/18, 63, , , 
2018/8/21, 34, 34, 1, 
2018/8/22, 67, 37, 2, 
2018/8/23, 67, 19, 2, 
2018/8/24, 39, 16, 1, 
2018/8/25, 26, 15, 1, 
2018/8/26, 37, 36, 1, 
2018/8/27, 74, 40, 2, 
2018/8/28, 63, 44, 2, 
2018/8/29, 77, 65, 5, 
2018/8/30, 116, 17, 2, 
2018/8/31, 29, 14, 2, 
2018/9/1, 21, 14, 1, 
2018/9/2, 14, 17, , 
2018/9/3, 28, 21, 1, 
2018/9/4, 44, 41, 2, 
2018/9/5, 73, 26, 2, 
2018/9/6, 33, 37, 1, 
2018/9/7, 57, 50, 3, 
2018/9/8, 56, 36, , 
2018/9/9, 30, 29, 2, 
2018/9/11, 28, 29, 2, 
2018/9/12, 40, 24, 1, 
2018/9/13, 34, 14, 3, 
2018/9/14, 22, 14, 1, 
2018/9/15, 24, 15, 2, 
2018/9/16, 46, 19, 2, 
2018/9/17, 40, 23, 1, 
2018/9/18, 48, 22, 3, 
2018/9/19, 47, 8, 1, 
2018/9/20, 17, 32, 2, 
2018/9/21, 36, 32, 1, 
2018/9/22, 52, 32, 3, 
2018/9/23, 57, 21, 2, 
2018/9/24, 25, 24, 1, 
2018/9/25, 25, 29, 2, 
2018/9/26, 38, 32, 2, 
2018/9/27, 41, 27, 1, 
2018/9/28, 33, 10, 2, 
2018/9/29, 26, 6, 1, 
2018/9/30, 18, 8, 1, 
2018/10/1, 21, 11, 2, 
2018/4/2, 27, 26, , 
2018/4/3, 36, 38, 1, 
2018/4/4, 51, 51, , 
2018/4/5, 80, 49, , 
2018/4/6, 67, 15, , 
2018/4/7, 16, 7, 1, 
2018/4/8, 18, , , 
2018/4/11, 74, 27, , 
2018/4/12, 39, 22, , 
2018/4/13, 21, 30, , 
2018/4/14, 28, , , 
2018/4/16, 56, 35, , 
2018/4/17, 58, 38, , 
2018/4/18, 54, 46, , 
2018/4/19, 82, 48, , 
2018/4/20, 78, 21, , 
2018/4/21, 55, 10, , 
2018/4/22, 27, 13, , 
2018/4/23, 27, 12, , 
2018/4/24, 21, 22, , 
2018/4/25, 28, 24, 2, 
2018/4/26, 53, 34, 1, 
2018/4/27, 62, 30, 1, 
2018/4/28, 57, 14, 1, 
2018/4/29, 21, 8, 1, 
2018/4/30, 29, 20, 2, 
2018/5/1, 9, 15, 2, 
2018/5/2, 20, 15, 2, 
2018/5/3, 37, 20, 3, 
2018/5/4, 45, 13, 2, 
2018/5/5, 35, 6, 1, 
2018/5/6, 17, 16, 2, 
2018/5/7, 28, 21, 1, 
2018/5/8, 37, 11, 2, 
2018/5/9, 37, 16, 1, 
2018/5/10, 44, 10, 2, 
2018/5/11, 36, 5, 2, 
2018/5/12, 20, 27, 1, 
2018/5/13, 48, 40, 1, 
2018/5/14, 85, 22, 2, 
2018/5/15, 51, 19, 2, 
2018/5/16, 40, 30, 2, 
2018/5/17, 46, 43, 2, 
2018/5/18, 103, 12, 1, 
2018/5/19, 43, 14, 2, 
2018/5/20, 25, 30, 2, 
2018/5/21, 62, 28, 2, 
2018/5/22, 69, 21, 2, 
2018/5/23, 50, 37, 2, 
2018/5/24, 71, 36, 1, 
2018/5/25, 78, 49, 1, 
2018/5/26, 107, 38, 1, 
2018/5/27, 86, 54, 2, 
2018/5/28, 120, 30, 2, 
2018/5/29, 74, 28, 1, 
2018/5/30, 63, 8, 2, 
2018/5/31, 32, 11, 3, 
2018/6/1, 24, 13, 2, 
2018/6/2, 23, 10, 2, 
2018/6/3, 27, 10, 2, 
2018/6/4, 30, 10, 1, 
2018/6/5, 44, 23, 1, 
2018/6/6, 56, 24, , 
2018/6/7, 65, 11, 1, 
2018/6/8, 25, 35, 2, 
2018/6/9, 66, 50, 2, 
2018/6/10, 110, 23, 2, 
2018/6/11, 61, 14, 2, 
2018/6/12, 48, 8, 2, 
2018/6/13, 27, 4, 1, 
2018/6/14, 17, 9, 2, 
2018/6/15, 30, 32, 1, 
2018/6/16, 68, 88, 2, 
2018/6/17, 175, 39, , 
2018/6/18, 93, 36, 1, 
2018/6/19, 66, 44, 1, 
2018/6/20, 80, 90, 2, 
2018/6/21, 176, 24, 1, 
2018/6/22, 55, 47, , 
2018/6/23, 87, 51, 1, 
2018/6/24, 121, 30, 1, 
2018/6/25, 63, 40, , 
2018/6/26, 84, 43, 1, 
2018/6/27, 69, 52, 1, 
2018/6/28, 99, 72, 2, 
2018/6/29, 137, 45, 2, 
2018/6/30, 99, 42, 2, 
2018/7/1, 102, 31, 1, 
2018/1/2, 25, 37, 1, 
2018/1/3, 37, 49, , 
2018/1/4, 28, 69, 1, 
2018/1/5, 58, 30, 1, 
2018/1/6, 41, 24, 1, 
2018/1/7, 29, 30, , 
2018/1/8, 37, 55, 1, 
2018/1/9, 68, 49, 2, 
2018/1/10, 51, 49, 1, 
2018/1/11, 52, 53, 1, 
2018/1/12, 61, 41, 1, 
2018/1/13, 42, 37, , 
2018/1/14, 45, 11, , 
2018/1/15, 19, 18, 2, 
2018/1/16, 25, 35, 1, 
2018/1/17, 55, 37, 1, 
2018/1/18, 58, 38, , 
2018/1/19, 57, 36, , 
2018/1/20, 41, 53, 2, 
2018/1/21, 49, 48, 1, 
2018/1/22, 65, 37, , 
2018/1/23, 55, 45, , 
2018/1/24, 60, 29, , 
2018/1/25, 32, 33, 1, 
2018/1/26, 24, 41, , 
2018/1/27, 39, 30, , 
2018/1/28, 40, 32, 1, 
2018/1/29, 44, 54, 2, 
2018/1/30, 48, 49, 1, 
2018/1/31, 59, 59, 2, 
2018/2/1, 76, 59, , 
2018/2/2, 87, 69, , 
2018/2/3, 79, 51, , 
2018/2/4, 59, 45, , 
2018/2/5, 46, 52, , 
2018/2/6, 60, 57, , 
2018/2/7, 72, 45, , 
2018/2/8, 63, 65, , 
2018/2/9, 61, 30, , 
2018/2/10, 47, , , 
2018/2/13, 39, 47, , 
2018/2/14, 83, 44, , 
2018/2/15, 58, 44, , 
2018/2/16, 49, 48, , 
2018/2/17, 52, 42, , 
2018/2/18, 56, 55, , 
2018/2/19, 75, 23, , 
2018/2/20, 45, 25, , 
2018/2/21, 42, 23, , 
2018/2/22, 33, 29, , 
2018/2/23, 43, 42, , 
2018/2/24, 64, 27, , 
2018/2/25, 29, 49, , 
2018/2/26, 60, 37, , 
2018/2/27, 48, 58, 3, 
2018/2/28, 54, 44, 3, 
2018/3/1, 47, 46, 3, 
2018/3/2, 64, 55, 3, 
2018/3/3, 73, 55, 2, 
2018/3/4, 91, 48, 2, 
2018/3/5, 52, 51, 3, 
2018/3/6, 54, 42, 3, 
2018/3/7, 38, 62, 2, 
2018/3/8, 80, 64, 2, 
2018/3/9, 84, 67, 5, 
2018/3/10, 75, 57, , 
2018/3/11, 56, 30, , 
2018/3/12, 40, 53, , 
2018/3/13, 63, 53, , 
2018/3/14, 61, 67, , 
2018/3/15, 83, 28, , 
2018/3/16, 36, 48, , 
2018/3/17, 77, 46, , 
2018/3/18, 79, 12, , 
2018/3/19, 27, 15, , 
2018/3/20, 25, 31, , 
2018/3/21, 39, 27, , 
2018/3/22, 32, 39, , 
2018/3/23, 57, 36, , 
2018/3/24, 54, , , 
2018/3/26, 40, 36, 1, 
2018/3/27, 67, 39, , 
2018/3/28, 62, 36, , 
2018/3/29, 55, 43, 1, 
2018/3/30, 74, 70, , 
2018/3/31, 153, , , 
2021/1/8, , 42, , 
2021/1/18, , 30, , 
2020/10/4, , 37, 1, 
2020/10/7, , 48, , 
2020/10/12, , 39, , 
2020/11/8, , 52, , 
2020/8/2, , 37, , 
2020/8/30, , 18, , 
2020/9/6, , 23, 1, 
2020/9/27, , 7, , 
2020/5/10, , 47, 1, 
2020/1/1, , 9, 2, 
2020/1/26, , 43, , 
2020/2/16, , 36, , 
2020/2/24, , 46, , 
2019/7/8, , 62, 2, 
2019/7/9, , 114, 2, 
2019/8/25, , 70, 2, 
2019/5/9, , 16, , 
2019/5/10, , 4, , 
2019/5/11, , 17, , 
2019/5/12, , 38, , 
2019/5/13, , 28, , 
2019/5/14, , 38, , 
2019/5/15, , 51, , 
2019/5/16, , 49, , 
2019/5/17, , 26, , 
2019/1/1, , 29, , 
2018/11/25, , 40, 1, 
2018/8/2, , 41, 2, 
2018/8/20, , 18, 1, 
2018/9/10, , 22, 1, 
2018/4/1, , 39, 1, 
2018/4/10, , 56, , 
2018/4/15, , 46, 1, 
2018/1/1, , 26, 1, 
2018/2/12, , 24, , 
2018/3/25, , 22, , 
2017/12/31, , , , 