date, pm25, o3, no2, so2, co
2021/5/2, 19, 26, 2, , 1
2021/5/3, 22, 29, 3, , 1
2021/5/4, 22, 22, 4, , 1
2021/5/5, 24, 19, 2, , 1
2021/5/6, 22, 26, 1, , 1
2021/5/7, 13, 28, 3, , 1
2021/5/8, 14, 23, 1, , 1
2021/5/9, 11, 28, 1, , 1
2021/5/10, 9, 32, 3, , 1
2021/5/11, 16, 22, 1, , 1
2021/5/12, 8, 35, 1, , 1
2021/5/13, 6, 32, 2, , 1
2021/5/14, 12, 35, 3, , 1
2021/5/15, 22, 40, 1, , 1
2021/5/16, 25, 43, 2, , 1
2021/5/17, 25, 47, 4, , 1
2021/5/18, 37, 42, 2, , 1
2021/5/19, 38, 42, 3, , 
2021/5/20, 36, 46, 5, , 
2021/5/21, 43, 21, 7, , 
2021/5/22, 46, , , , 
2021/4/2, 15, 32, 1, , 1
2021/4/3, 13, 31, 4, , 1
2021/4/4, 23, 36, 5, , 2
2021/4/5, 32, 34, 2, , 1
2021/4/6, 35, 33, 4, , 1
2021/4/7, 27, 30, 6, , 2
2021/4/8, 33, 32, 3, , 1
2021/4/9, 33, 36, 4, , 1
2021/4/10, 27, 37, 6, , 2
2021/4/11, 36, 33, 2, , 1
2021/4/12, 37, 28, 1, , 1
2021/4/13, 24, 32, 2, , 1
2021/4/14, 19, 33, 5, , 1
2021/4/15, 21, 30, 4, , 1
2021/4/16, 26, 31, 2, , 1
2021/4/17, 19, 29, 2, , 1
2021/4/18, 21, 23, 3, , 1
2021/4/19, 34, 35, 5, , 1
2021/4/20, 26, 31, 1, , 1
2021/4/21, 18, 29, 1, , 1
2021/4/22, 14, 31, 1, , 1
2021/4/23, 12, 37, 1, , 1
2021/4/24, 23, 43, 2, , 1
2021/4/25, 38, 35, 5, , 1
2021/4/26, 46, 33, 1, , 1
2021/4/27, 17, 33, 2, , 1
2021/4/28, 26, 29, 4, , 1
2021/4/29, 30, 32, 3, , 1
2021/4/30, 25, 26, 2, , 1
2021/5/1, 24, 28, 1, , 1
2021/3/2, 17, 28, 4, , 1
2021/3/3, 13, 28, 13, , 2
2021/3/4, 29, 28, 2, , 1
2021/3/5, 15, 30, 2, , 1
2021/3/6, 11, 27, 2, , 1
2021/3/7, 17, 27, 4, , 1
2021/3/8, 19, 27, 16, , 2
2021/3/9, 27, 30, 14, , 2
2021/3/10, 35, 33, 17, , 3
2021/3/11, 52, 39, 7, , 2
2021/3/12, 52, 31, 2, , 1
2021/3/13, 20, 28, 2, , 1
2021/3/14, 13, 33, 1, , 1
2021/3/15, 18, 29, 2, , 1
2021/3/16, 22, 28, 16, , 2
2021/3/17, 42, 30, 17, , 2
2021/3/18, 63, 31, 4, , 1
2021/3/19, 37, 31, 5, , 1
2021/3/20, 25, 32, 7, , 1
2021/3/21, 30, 37, 13, , 2
2021/3/22, 37, 39, 12, , 2
2021/3/23, 38, 41, 13, , 2
2021/3/24, 48, 25, 10, , 2
2021/3/25, 55, 29, 7, , 2
2021/3/26, 42, 22, 2, , 1
2021/3/27, 23, 25, 2, , 1
2021/3/28, 15, 23, 5, , 2
2021/3/29, 25, 30, 3, , 1
2021/3/30, 21, 38, 10, , 2
2021/3/31, 24, 34, 5, , 1
2021/4/1, 30, 25, 2, , 1
2021/2/2, 46, 32, 8, , 2
2021/2/3, 31, 32, 2, , 1
2021/2/4, 15, 30, 9, , 1
2021/2/5, 18, 21, 11, , 2
2021/2/6, 31, 24, 7, , 1
2021/2/7, 29, 28, 8, , 1
2021/2/8, 37, 25, 10, , 2
2021/2/9, 18, 24, 16, , 2
2021/2/10, 44, 30, 9, , 1
2021/2/11, 33, 27, 6, , 1
2021/2/12, 29, 25, 4, , 1
2021/2/13, 19, 24, 5, , 1
2021/2/14, 23, 26, 8, , 2
2021/2/15, 34, 27, 11, , 2
2021/2/16, 47, 24, 4, , 1
2021/2/17, 25, 23, 11, , 1
2021/2/18, 24, 25, 22, , 3
2021/2/19, 56, 27, 10, , 2
2021/2/20, 45, 30, 5, , 1
2021/2/21, 30, 29, 10, , 1
2021/2/22, 25, 27, 10, , 1
2021/2/23, 34, 30, 11, , 2
2021/2/24, 51, 26, 6, , 1
2021/2/25, 19, 27, 4, , 1
2021/2/26, 12, 30, 12, , 2
2021/2/27, 25, 27, 10, , 2
2021/2/28, 43, 31, 14, , 2
2021/3/1, 53, 28, 4, , 1
2021/1/5, 54, 18, 8, , 2
2021/1/6, 55, 25, 4, , 1
2021/1/7, 26, 23, 2, , 1
2021/1/8, 11, 27, 3, , 1
2021/1/9, 13, 26, 2, , 1
2021/1/10, 15, 21, 7, , 1
2021/1/11, 16, 15, 14, , 2
2021/1/12, 52, 18, 9, , 2
2021/1/13, 45, 10, 12, , 2
2021/1/14, 54, 10, 12, , 2
2021/1/15, 68, 16, 9, , 2
2021/1/16, 75, 18, 10, , 2
2021/1/17, 35, 22, 3, , 1
2021/1/18, 13, 24, 4, , 1
2021/1/19, 13, 19, 12, , 2
2021/1/20, 28, 23, 8, , 1
2021/1/21, 30, 18, 13, , 2
2021/1/22, 45, 24, 8, , 1
2021/1/23, 38, 25, 2, , 1
2021/1/24, 16, 26, 4, , 1
2021/1/25, 13, 17, 17, , 2
2021/1/26, 31, 28, 7, , 2
2021/1/27, 46, 24, 4, , 1
2021/1/28, 21, 25, 2, , 1
2021/1/29, 12, 25, 3, , 1
2021/1/30, 12, 26, 7, , 1
2021/1/31, 17, 23, 11, , 2
2021/2/1, 35, 24, 17, , 3
2020/10/2, 15, 9, 2, , 1
2020/10/3, 13, 15, 2, , 1
2020/10/4, 16, 17, 4, , 2
2020/10/5, 31, 13, 4, , 1
2020/10/6, 23, 24, 4, , 1
2020/10/7, 26, 22, 3, , 1
2020/10/8, 21, 16, 1, , 1
2020/10/9, 14, 20, 6, , 1
2020/10/10, 21, 31, 2, , 1
2020/10/11, 32, 16, 1, , 1
2020/10/12, 14, 19, 2, , 1
2020/10/13, 19, 15, 4, , 2
2020/10/14, 20, 21, 8, , 2
2020/10/15, 20, 22, 6, , 2
2020/10/16, 22, 13, 5, , 1
2020/10/17, 17, 25, 5, , 1
2020/10/18, 23, 28, 5, , 1
2020/10/19, 24, 25, 2, , 1
2020/10/20, 15, 21, 1, , 1
2020/10/21, 15, 20, 4, , 1
2020/10/22, 17, 12, 9, , 2
2020/10/23, 21, 26, 4, , 2
2020/10/24, 29, 22, , , 1
2020/10/25, 20, 22, 2, , 1
2020/10/26, 15, 18, 4, , 1
2020/10/27, 17, 21, 3, , 1
2020/10/28, 16, 18, 6, , 1
2020/10/29, 27, 24, 3, , 1
2020/10/30, 21, 22, 3, , 1
2020/10/31, 17, 23, 6, , 1
2020/11/1, 25, 16, 4, , 1
2020/11/2, 26, 26, 1, , 1
2020/11/3, 14, 19, 2, , 1
2020/11/4, 11, 15, 6, , 1
2020/11/5, 33, 30, 9, , 2
2020/11/6, 48, 26, 9, , 2
2020/11/7, 60, 34, 7, , 3
2020/11/8, 60, 33, 7, , 2
2020/11/9, 60, 32, 10, , 2
2020/11/10, 62, 23, 9, , 3
2020/11/11, 47, 21, 2, , 1
2020/11/12, 26, 16, 5, , 1
2020/11/13, 17, 10, 9, , 2
2020/11/14, 32, 22, 6, , 2
2020/11/15, 25, 20, 5, , 2
2020/11/16, 36, 21, 2, , 1
2020/11/17, 15, 24, 2, , 1
2020/11/18, 14, 24, 4, , 1
2020/11/19, 20, 17, 10, , 2
2020/11/20, 26, 24, 13, , 3
2020/11/21, 45, 19, 3, , 1
2020/11/22, 21, 14, 7, , 1
2020/11/23, 31, 16, 3, , 1
2020/11/24, 24, 23, 4, , 1
2020/11/25, 18, 18, 9, , 2
2020/11/26, 29, 8, 11, , 2
2020/11/27, 63, 1, 18, , 5
2020/11/28, 54, 15, 7, , 2
2020/11/29, 41, 14, 8, , 2
2020/11/30, 39, 18, 9, , 2
2020/12/1, 42, 12, 6, , 2
2020/12/2, 14, 23, 3, , 1
2020/12/3, 10, 15, 10, , 1
2020/12/4, 29, 12, 9, , 2
2020/12/5, 45, 22, 3, , 1
2020/12/6, 26, 26, 1, , 1
2020/12/7, 12, 24, 2, , 1
2020/12/8, 12, 21, 5, , 1
2020/12/9, 17, 8, 13, , 2
2020/12/10, 41, 20, 4, , 1
2020/12/11, 21, 9, 11, , 2
2020/12/12, 31, 14, 3, , 1
2020/12/13, 33, 19, 3, , 1
2020/12/14, 28, 20, 5, , 1
2020/12/15, 13, 23, 2, , 1
2020/12/16, 18, 23, 4, , 1
2020/12/17, 28, 21, 6, , 1
2020/12/18, 18, 16, 8, , 1
2020/12/19, 26, 8, 14, , 3
2020/12/20, 58, 11, 9, , 2
2020/12/21, 61, 12, 11, , 2
2020/12/22, 58, 18, 5, , 1
2020/12/23, 52, 16, 7, , 1
2020/12/24, 19, 20, 7, , 2
2020/12/25, 29, 18, 4, , 1
2020/12/26, 17, 24, 2, , 1
2020/12/27, 13, 22, 3, , 1
2020/12/28, 18, 19, 4, , 1
2020/12/29, 29, 24, 3, , 1
2020/12/30, 21, 16, 11, , 1
2020/12/31, 20, 24, 4, , 1
2021/1/1, 20, 22, 10, , 2
2021/1/2, 33, 21, 5, , 1
2021/1/3, 27, 20, 12, , 2
2021/1/4, 33, 17, 8, , 2
2020/7/2, 33, 15, 2, , 1
2020/7/3, 37, 27, 1, , 1
2020/7/4, 34, 24, 1, , 1
2020/7/5, 15, 28, 1, , 1
2020/7/6, 18, 30, 2, , 1
2020/7/7, 22, 42, 3, , 1
2020/7/8, 41, 32, 2, , 1
2020/7/9, 42, 41, 4, , 1
2020/7/10, 40, 37, 4, , 1
2020/7/11, 48, 16, 1, , 1
2020/7/12, 14, 15, , , 1
2020/7/13, 11, 15, , , 1
2020/7/14, 11, 20, 1, , 1
2020/7/15, 16, 29, 1, , 1
2020/7/16, 13, 31, 3, , 1
2020/7/17, 31, 27, 1, , 1
2020/7/18, 34, 42, 1, , 1
2020/7/19, 18, 39, 1, , 1
2020/7/20, 40, 23, 1, , 1
2020/7/21, 11, 19, , , 1
2020/7/22, 11, 23, 2, , 1
2020/7/23, 27, 20, 1, , 1
2020/7/24, 18, 20, 2, , 1
2020/7/25, 34, 23, 2, , 1
2020/7/26, 23, 31, 1, , 1
2020/7/27, 22, 29, 2, , 1
2020/7/28, 31, 21, 1, , 
2020/7/29, 23, 24, 2, , 1
2020/7/30, 20, 12, 2, , 
2020/7/31, 16, 19, 1, , 1
2020/8/1, 14, 23, 1, , 1
2020/8/2, 13, 20, 2, , 1
2020/8/3, 23, 15, , , 1
2020/8/4, 14, 12, 2, , 1
2020/8/5, 15, 16, 1, , 
2020/8/6, 12, 24, 1, , 1
2020/8/7, 12, 28, 3, , 1
2020/8/8, 19, 34, 2, , 1
2020/8/9, 27, 29, 2, , 1
2020/8/10, 34, 30, 4, , 
2020/8/11, 42, 32, 5, , 1
2020/8/12, 33, 23, 2, , 2
2020/8/13, 17, 21, 1, , 1
2020/8/14, 21, 22, 1, , 1
2020/8/15, 16, 28, 1, , 1
2020/8/16, 20, 24, 1, , 1
2020/8/17, 29, 28, 2, , 1
2020/8/18, 20, 15, , , 1
2020/8/19, 13, 13, , , 1
2020/8/20, 12, 9, 4, , 2
2020/8/21, 17, 20, 2, , 1
2020/8/22, 21, 19, 1, , 1
2020/8/23, 17, 26, 2, , 1
2020/8/24, 30, 27, 2, , 1
2020/8/25, 22, 20, 1, , 1
2020/8/26, 24, 18, , , 
2020/8/27, 10, 13, 2, , 1
2020/8/28, 15, 15, 1, , 1
2020/8/29, 16, 12, 2, , 1
2020/8/30, 14, 15, , , 1
2020/8/31, 12, 20, 1, , 1
2020/9/1, 12, 24, 2, , 1
2020/9/2, 18, 24, 2, , 1
2020/9/3, 18, 27, 2, , 1
2020/9/4, 17, 20, 1, , 1
2020/9/5, 14, 15, , , 1
2020/9/6, 10, 18, 1, , 1
2020/9/7, 15, 30, 1, , 1
2020/9/8, 23, 19, 2, , 1
2020/9/9, 20, 15, 1, , 1
2020/9/10, 14, 12, 1, , 1
2020/9/11, 15, 17, 1, , 1
2020/9/12, 16, 22, 2, , 1
2020/9/13, 27, 19, 1, , 1
2020/9/14, 21, 16, , , 1
2020/9/15, 16, 15, 3, , 1
2020/9/16, 15, 28, 3, , 1
2020/9/17, 19, 17, 1, , 1
2020/9/18, 16, 18, 1, , 1
2020/9/19, 13, 19, 1, , 1
2020/9/20, 17, 20, 3, , 1
2020/9/21, 30, 22, 6, , 1
2020/9/22, 32, 25, 6, , 1
2020/9/23, 35, 22, 3, , 2
2020/9/24, 34, 14, 3, , 2
2020/9/25, 34, 18, 2, , 1
2020/9/26, 15, 36, 5, , 2
2020/9/27, 42, 27, 2, , 1
2020/9/28, 27, 26, 4, , 1
2020/9/29, 25, 23, 2, , 1
2020/9/30, 21, 22, 2, , 1
2020/10/1, 13, 19, 3, , 1
2020/4/2, 24, 29, 2, , 1
2020/4/3, 15, 29, 2, , 1
2020/4/4, 13, 32, 3, , 1
2020/4/5, 14, 23, 4, , 1
2020/4/6, 26, 32, 4, , 1
2020/4/7, 17, 33, 4, , 1
2020/4/8, 19, 23, 5, , 1
2020/4/9, 22, 26, 5, , 1
2020/4/10, 26, 28, 1, , 1
2020/4/11, 14, 31, 1, , 1
2020/4/12, 13, 31, 6, , 1
2020/4/13, 24, 29, 3, , 1
2020/4/14, 24, 32, 2, , 1
2020/4/15, 13, 30, 2, , 1
2020/4/16, 15, 30, 2, , 1
2020/4/17, 14, 34, 2, , 1
2020/4/18, 18, 38, 7, , 1
2020/4/19, 38, 31, 3, , 1
2020/4/20, 38, 32, 2, , 1
2020/4/21, 17, 28, 4, , 1
2020/4/22, 24, 33, 1, , 1
2020/4/23, 15, 35, 3, , 1
2020/4/24, 20, 33, 5, , 1
2020/4/25, 26, 37, 3, , 1
2020/4/26, 24, 32, 2, , 1
2020/4/27, 25, 33, 2, , 1
2020/4/28, 21, 35, 5, , 1
2020/4/29, 25, 34, 4, , 1
2020/4/30, 26, 26, 3, , 1
2020/5/1, 20, 27, 2, , 2
2020/5/2, 13, 31, 5, , 1
2020/5/3, 26, 34, 1, , 1
2020/5/4, 19, 26, , , 1
2020/5/5, 10, 26, 1, , 1
2020/5/6, 19, 31, 2, 2, 1
2020/5/7, 14, 29, 4, , 1
2020/5/8, 18, 28, 1, , 1
2020/5/9, 9, 28, 1, , 1
2020/5/10, 5, 28, 1, , 1
2020/5/11, 7, 24, 1, , 1
2020/5/12, 7, 27, 1, , 
2020/5/13, 15, 34, 2, , 1
2020/5/14, 17, 39, 5, , 1
2020/5/15, 24, 27, 5, , 1
2020/5/16, 38, 31, 1, , 1
2020/5/17, 16, 34, 2, , 1
2020/5/18, 20, 33, 2, , 1
2020/5/19, 18, 35, 2, , 1
2020/5/20, 19, 40, 5, , 1
2020/5/21, 25, 44, 6, , 1
2020/5/22, 28, 45, 2, , 1
2020/5/23, 25, 38, 2, , 1
2020/5/24, 27, 36, 2, , 1
2020/5/25, 27, 25, 4, , 2
2020/5/26, 26, 42, 5, , 2
2020/5/27, 18, 43, 4, , 2
2020/5/28, 25, 29, 3, , 1
2020/5/29, 10, 38, 2, , 1
2020/5/30, 22, 23, , , 1
2020/5/31, 5, 21, , , 
2020/6/1, 5, 26, 3, , 1
2020/6/2, 11, 31, 3, , 1
2020/6/3, 20, 22, 4, , 1
2020/6/4, 36, 24, 2, , 1
2020/6/5, 14, 35, 3, , 1
2020/6/6, 25, 31, 1, , 1
2020/6/7, 27, 22, , , 1
2020/6/8, 13, 22, 1, , 1
2020/6/9, 14, 21, 2, , 1
2020/6/10, 21, 32, 4, , 1
2020/6/11, 38, 26, 1, , 1
2020/6/12, 22, 22, 1, , 1
2020/6/13, 10, 18, , , 
2020/6/14, 7, 25, 1, , 1
2020/6/15, 19, 31, 3, , 1
2020/6/16, 28, 41, 2, , 1
2020/6/17, 32, 43, 3, , 1
2020/6/18, 32, 49, 4, , 1
2020/6/19, 39, 37, 3, , 1
2020/6/20, 27, 40, 2, , 1
2020/6/21, 32, 40, 2, , 1
2020/6/22, 30, 43, 4, , 1
2020/6/23, 36, 41, 4, , 1
2020/6/24, 40, 27, 2, , 1
2020/6/25, 11, 33, 2, , 1
2020/6/26, 13, 31, 2, , 1
2020/6/27, 26, 36, 2, , 1
2020/6/28, 30, 23, 2, , 1
2020/6/29, 29, 30, 1, , 1
2020/6/30, 20, 27, 1, , 1
2020/7/1, 23, 25, 2, , 1
2020/1/2, 18, 21, 12, , 1
2020/1/3, 23, 19, 10, , 1
2020/1/4, 35, 21, 4, , 1
2020/1/5, 16, 24, 4, , 1
2020/1/6, 15, 19, 12, , 1
2020/1/7, 27, 18, 13, , 1
2020/1/8, 24, 24, 8, , 1
2020/1/9, 26, 24, 6, , 1
2020/1/10, 13, 16, 16, , 2
2020/1/11, 46, 20, 10, , 2
2020/1/12, 34, 25, 3, , 
2020/1/13, 15, 21, 8, , 1
2020/1/14, 35, 19, 8, , 1
2020/1/15, 40, 9, 14, , 2
2020/1/16, 53, 28, 6, , 1
2020/1/17, 27, 26, 4, , 1
2020/1/18, 15, 24, 14, , 1
2020/1/19, 32, 28, 5, , 1
2020/1/20, 18, 28, 10, , 1
2020/1/21, 17, 25, 12, , 1
2020/1/22, 17, 24, 10, , 1
2020/1/23, 45, 19, 19, , 2
2020/1/24, 59, 23, 11, , 2
2020/1/25, 56, 26, 6, , 1
2020/1/26, 41, 16, 10, , 2
2020/1/27, 21, 24, 5, , 1
2020/1/28, 14, 29, 4, , 1
2020/1/29, 10, 26, 4, , 1
2020/1/30, 10, 20, 17, , 2
2020/1/31, 36, 14, 23, , 3
2020/2/1, 61, 18, 24, , 3
2020/2/2, 79, 18, 15, , 2
2020/2/3, 82, 19, 20, , 3
2020/2/4, 57, 23, 13, , 2
2020/2/5, 26, 24, 5, , 1
2020/2/6, 14, 26, 7, , 1
2020/2/7, 22, 27, 4, 1, 1
2020/2/8, 8, 27, 7, , 1
2020/2/9, 17, 26, 15, , 3
2020/2/10, 53, 23, 16, , 3
2020/2/11, 59, 26, 21, , 3
2020/2/12, 56, 28, 8, , 1
2020/2/13, 28, 24, 8, , 1
2020/2/14, 24, 23, 8, , 1
2020/2/15, 24, 28, 12, , 1
2020/2/16, 32, 30, 6, , 1
2020/2/17, 38, 28, 7, , 1
2020/2/18, 23, 28, 11, , 1
2020/2/19, 38, 29, 4, , 1
2020/2/20, 11, 26, 10, , 1
2020/2/21, 25, 28, 19, , 2
2020/2/22, 33, 31, 9, , 1
2020/2/23, 47, 36, 11, , 2
2020/2/24, 54, 34, 13, , 2
2020/2/25, 45, 30, 9, , 2
2020/2/26, 26, 30, 4, , 1
2020/2/27, 22, 29, 4, , 1
2020/2/28, 23, 26, 3, , 1
2020/2/29, 20, 23, 5, , 2
2020/3/1, 28, 28, 8, , 1
2020/3/2, 26, 27, 8, , 2
2020/3/3, 32, 28, 9, , 2
2020/3/4, 37, 29, 3, , 1
2020/3/5, 21, 23, 6, , 1
2020/3/6, 18, 30, 5, , 1
2020/3/7, 21, 30, 5, , 1
2020/3/8, 17, 32, 7, , 2
2020/3/9, 34, 35, 10, , 2
2020/3/10, 38, 29, 9, , 2
2020/3/11, 44, 26, 5, , 1
2020/3/12, 21, 29, 6, , 1
2020/3/13, 33, 29, 5, , 1
2020/3/14, 28, 34, 1, , 1
2020/3/15, 13, 32, 2, , 1
2020/3/16, 14, 31, 6, , 1
2020/3/17, 17, 28, 9, , 2
2020/3/18, 31, 32, 5, , 1
2020/3/19, 25, 29, 6, , 1
2020/3/20, 32, 29, 6, , 1
2020/3/21, 27, 29, 1, , 1
2020/3/22, 17, 32, 5, , 1
2020/3/23, 23, 27, 6, , 1
2020/3/24, 33, 27, 6, , 1
2020/3/25, 33, 27, 11, , 2
2020/3/26, 48, 22, 9, , 2
2020/3/27, 30, 30, 2, , 1
2020/3/28, 17, 31, 8, , 2
2020/3/29, 34, 32, 4, , 2
2020/3/30, 23, , , , 
2019/10/2, 40, 15, 2, , 1
2019/10/3, 16, 19, 3, , 1
2019/10/4, 12, 19, 2, , 1
2019/10/5, 15, 20, 3, , 1
2019/10/6, 18, 21, 3, , 1
2019/10/7, 19, 22, 4, , 1
2019/10/8, 23, 18, 5, , 1
2019/10/9, 18, 19, 6, , 1
2019/10/10, 22, 22, 5, , 1
2019/10/11, 25, 26, 5, , 1
2019/10/12, 24, 17, 3, , 1
2019/10/13, 24, 26, 4, , 1
2019/10/14, 22, 18, 5, , 1
2019/10/15, 13, 19, 4, , 1
2019/10/16, 19, 25, 6, , 1
2019/10/17, 21, 23, 1, , 1
2019/10/18, 15, 18, 1, , 1
2019/10/19, 11, 18, 5, , 1
2019/10/20, 20, 19, 5, , 1
2019/10/21, 36, 22, 8, , 2
2019/10/22, 45, 20, 7, , 2
2019/10/23, 37, 22, 4, , 1
2019/10/24, 21, 20, 6, , 1
2019/10/25, 14, 14, 6, , 1
2019/10/26, 13, 21, 4, , 1
2019/10/27, 20, 17, 4, , 1
2019/10/28, 22, 18, 6, , 1
2019/10/29, 18, 28, 5, , 2
2019/10/30, 23, 21, 4, , 1
2019/10/31, 23, 8, 2, , 1
2019/11/1, 13, 19, 2, , 
2019/11/2, 12, 14, 8, , 2
2019/11/3, 17, 17, 5, , 1
2019/11/4, 25, 18, 10, , 1
2019/11/5, 17, 20, 4, , 
2019/11/6, 23, 24, 3, , 
2019/11/7, 14, 23, 4, , 1
2019/11/8, 19, 19, 3, , 1
2019/11/9, 6, 16, 7, , 1
2019/11/10, 18, 22, 5, , 1
2019/11/11, 29, 22, 3, , 1
2019/11/12, 6, 23, 3, , 1
2019/11/13, 5, 21, 7, , 1
2019/11/14, 12, 17, 12, , 1
2019/11/15, 32, 28, 7, , 1
2019/11/16, 42, 23, 7, , 1
2019/11/17, 31, 22, 10, , 1
2019/11/18, 49, 24, 9, , 1
2019/11/19, 36, 20, 13, , 1
2019/11/20, 40, 18, 10, , 1
2019/11/21, 36, 20, 15, , 2
2019/11/22, 45, 28, 4, , 1
2019/11/23, 17, 23, 8, , 1
2019/11/24, 20, 17, 10, , 2
2019/11/25, 46, 15, 14, , 2
2019/11/26, 47, 10, 15, , 2
2019/11/27, 58, 16, 8, , 2
2019/11/28, 38, 23, 2, , 1
2019/11/29, 12, 22, 2, , 1
2019/11/30, 11, 26, 3, , 1
2019/12/1, 11, 25, 5, , 1
2019/12/2, 17, 28, 4, , 1
2019/12/3, 16, 22, 7, , 1
2019/12/4, 16, 6, 20, , 2
2019/12/5, 57, 25, 6, , 1
2019/12/6, 28, 23, 5, , 1
2019/12/7, 14, 23, 7, , 1
2019/12/8, 21, 21, 13, , 1
2019/12/9, 28, 20, 12, , 2
2019/12/10, 43, 25, 4, , 
2019/12/11, 23, 27, 6, , 1
2019/12/12, 21, 23, 7, , 1
2019/12/13, 23, 18, 11, , 1
2019/12/14, 35, 15, 6, , 1
2019/12/15, 33, 29, 2, , 1
2019/12/16, 15, 24, 13, , 1
2019/12/17, 18, 10, 19, , 2
2019/12/18, 41, 21, 8, , 1
2019/12/19, 29, 21, 4, , 1
2019/12/20, 17, 24, 6, , 1
2019/12/21, 19, 18, 12, , 2
2019/12/22, 50, 12, 15, , 2
2019/12/23, 88, 19, 11, , 1
2019/12/24, 63, 23, 3, , 1
2019/12/25, 22, 24, 4, , 1
2019/12/26, 27, 23, 4, , 1
2019/12/27, 20, 16, 9, , 2
2019/12/28, 46, 21, 5, , 1
2019/12/29, 18, 23, 6, , 1
2019/12/30, 25, , , , 
2019/7/2, 20, 30, 2, , 1
2019/7/3, 38, 29, 3, , 2
2019/7/4, 57, 33, 5, , 2
2019/7/5, 55, 30, 5, , 2
2019/7/6, 53, 28, 1, , 1
2019/7/7, 42, 23, , , 
2019/7/8, 15, 27, 2, , 1
2019/7/9, 25, 24, 4, , 1
2019/7/10, 32, 35, 4, , 1
2019/7/11, 37, 34, 5, , 1
2019/7/12, 48, 23, 2, , 1
2019/7/13, 39, 35, 2, , 2
2019/7/14, 28, 18, , , 
2019/7/15, 10, 21, 2, , 
2019/7/16, 15, 32, 3, , 1
2019/7/17, 26, 24, 1, , 1
2019/7/18, 29, 33, 2, , 1
2019/7/19, 31, 32, 3, , 1
2019/7/20, 107, 32, 2, , 1
2019/7/25, 26, 24, 3, , 1
2019/7/26, 29, 36, 4, , 2
2019/7/27, 43, 43, 2, , 2
2019/7/28, 49, 41, 2, , 1
2019/7/29, 36, 41, 3, , 1
2019/7/30, 34, 32, 3, , 1
2019/7/31, 37, 19, 2, , 1
2019/8/1, 15, 27, 2, , 1
2019/8/2, 13, 28, 4, , 1
2019/8/3, 23, 23, 1, , 1
2019/8/4, 25, 22, , , 
2019/8/5, 18, 30, 2, , 1
2019/8/6, 17, 33, 5, , 1
2019/8/7, 29, 23, 5, , 1
2019/8/8, 29, 27, 5, , 1
2019/8/9, 21, 16, 2, , 1
2019/8/10, 12, 13, 1, , 1
2019/8/11, 11, 17, 2, , 1
2019/8/12, 13, 23, 4, , 1
2019/8/13, 21, 18, 3, , 1
2019/8/14, 25, 15, 2, , 1
2019/8/15, 8, 23, 3, , 1
2019/8/16, 15, 31, 4, , 1
2019/8/17, 21, 25, 5, , 1
2019/8/18, 35, 27, 4, , 1
2019/8/19, 27, 28, 5, , 1
2019/8/20, 24, 28, 5, , 1
2019/8/21, 14, 32, 4, , 1
2019/8/22, 23, 26, 1, , 1
2019/8/23, 26, 15, , , 1
2019/8/24, 12, 18, , , 1
2019/8/25, 12, 21, 2, , 1
2019/8/26, 26, 30, 3, , 1
2019/8/27, 30, 34, 3, , 1
2019/8/28, 27, 18, 3, , 1
2019/8/29, 28, 25, 3, , 1
2019/8/30, 21, 24, 2, , 1
2019/8/31, 13, 18, 1, , 1
2019/9/1, 13, 21, 2, , 1
2019/9/2, 20, 25, 1, , 1
2019/9/3, 21, 21, 1, , 1
2019/9/4, 13, 20, 1, , 1
2019/9/5, 26, 21, 2, , 1
2019/9/6, 18, 21, 3, , 1
2019/9/7, 20, 18, 1, , 1
2019/9/8, 15, 13, , , 1
2019/9/9, 13, 19, 1, , 1
2019/9/10, 15, 13, 4, , 1
2019/9/11, 22, 18, 3, , 1
2019/9/12, 35, 18, 1, , 1
2019/9/13, 8, 21, 3, , 1
2019/9/14, 13, 23, 1, , 1
2019/9/15, 19, 21, , , 1
2019/9/16, 11, 23, 3, , 1
2019/9/17, 12, 21, 3, , 1
2019/9/18, 15, 24, 4, , 1
2019/9/19, 23, 23, 5, , 1
2019/9/20, 24, 33, 7, , 2
2019/9/21, 26, 41, 4, , 2
2019/9/22, 39, 40, 2, , 2
2019/9/23, 36, 34, 3, , 1
2019/9/24, 28, 11, 1, , 1
2019/9/25, 10, 32, 2, , 1
2019/9/26, 15, 30, 3, , 1
2019/9/27, 21, 25, 3, , 1
2019/9/28, 12, 19, 3, , 1
2019/9/29, 18, 18, 1, , 1
2019/9/30, 13, 19, 2, , 1
2019/10/1, 16, 13, 5, , 2
2019/4/2, 14, 36, 8, , 1
2019/4/3, 28, 36, 5, , 1
2019/4/4, 27, 31, 2, , 1
2019/4/5, 15, 29, 11, , 2
2019/4/6, 28, 30, 7, , 2
2019/4/7, 28, 28, 9, , 2
2019/4/8, 32, 32, 4, , 1
2019/4/9, 20, 28, 5, , 2
2019/4/10, 19, 31, 2, , 1
2019/4/11, 16, 28, 5, , 1
2019/4/12, 14, 30, 7, , 1
2019/4/13, 34, 40, 7, , 1
2019/4/14, 30, 28, 3, , 1
2019/4/15, 14, 31, 3, , 1
2019/4/16, 11, 30, 3, , 1
2019/4/17, 11, 38, 8, , 1
2019/4/18, 11, 31, 7, , 2
2019/4/19, 28, 28, 3, , 1
2019/4/20, 22, 35, 2, , 1
2019/4/21, 16, 26, 3, , 1
2019/4/22, 25, 30, 3, , 1
2019/4/23, 18, 32, 3, , 1
2019/4/24, 19, 24, 1, , 1
2019/4/25, 15, 32, 3, , 1
2019/4/26, 17, 24, 4, , 1
2019/4/27, 19, 27, 1, , 1
2019/4/28, 15, 32, 1, , 1
2019/4/29, 15, 33, 3, , 1
2019/4/30, 13, 34, 2, , 1
2019/5/1, 17, 34, 3, , 1
2019/5/2, 24, 34, 3, , 1
2019/5/3, 20, 23, 6, , 2
2019/5/4, 33, 32, 2, , 1
2019/5/5, 16, 34, 4, , 1
2019/5/6, 26, 41, 6, , 1
2019/5/7, 27, 29, 1, , 1
2019/5/8, 18, 33, 1, , 1
2019/5/9, 14, 29, 3, , 1
2019/5/10, 21, 24, 4, , 1
2019/5/11, 17, 29, 1, , 1
2019/5/12, 15, 35, 3, , 1
2019/5/13, 21, 30, 4, , 1
2019/5/14, 17, 27, 2, , 1
2019/5/16, 60, 21, 2, , 1
2019/5/17, 38, 23, 3, , 1
2019/5/18, 23, 24, 1, , 1
2019/5/19, 15, 27, 2, , 1
2019/5/20, 24, 32, 2, , 1
2019/5/21, 22, 29, 1, , 1
2019/5/22, 12, 31, 3, , 1
2019/5/23, 21, 25, 5, , 1
2019/5/24, 29, 26, 2, , 1
2019/5/25, 19, 23, 4, , 2
2019/5/26, 27, 25, 2, , 1
2019/5/27, 28, 27, 2, , 1
2019/5/28, 26, 28, 4, , 1
2019/5/29, 27, 31, 3, , 1
2019/5/30, 33, 31, 3, , 1
2019/5/31, 28, 24, 1, , 1
2019/6/1, 23, 28, 3, , 1
2019/6/2, 25, 24, 3, , 1
2019/6/3, 39, 19, 2, , 1
2019/6/4, 18, 25, 3, , 1
2019/6/5, 24, 21, 6, , 1
2019/6/6, 34, 16, 3, , 1
2019/6/7, 21, 30, 2, , 1
2019/6/8, 24, 37, 2, , 1
2019/6/9, 20, 40, 4, , 1
2019/6/10, 41, 38, 5, , 1
2019/6/11, 33, 26, 1, , 1
2019/6/12, 18, 32, 4, , 
2019/6/13, 24, 29, 5, , 1
2019/6/14, 18, 19, 3, , 1
2019/6/15, 21, 29, 3, , 1
2019/6/16, 22, 18, 1, , 1
2019/6/17, 18, 24, 2, , 1
2019/6/18, 14, 30, 4, , 1
2019/6/19, 28, 36, 5, , 2
2019/6/20, 33, 21, 2, , 1
2019/6/21, 20, 22, 1, , 1
2019/6/22, 12, 25, , , 1
2019/6/23, 23, 28, 1, , 1
2019/6/24, 19, 37, 3, , 1
2019/6/25, 34, 28, 4, , 1
2019/6/26, 35, 38, 4, , 1
2019/6/27, 28, 36, 2, , 1
2019/6/28, 29, 34, 4, , 1
2019/6/29, 26, 33, 1, , 1
2019/6/30, 28, 14, , , 1
2019/7/1, 15, 19, , , 1
2019/1/2, 17, 25, 7, , 1
2019/1/3, 18, 17, 17, 1, 2
2019/1/4, 51, 14, 12, , 2
2019/1/5, 55, 12, 15, , 2
2019/1/6, 47, 27, 2, , 1
2019/1/7, 14, 26, 7, 1, 1
2019/1/8, 14, 21, 12, 1, 1
2019/1/9, 39, 23, 6, , 1
2019/1/10, 16, 28, 1, , 1
2019/1/11, 19, 28, 4, 1, 1
2019/1/12, 20, 27, 8, , 1
2019/1/13, 22, 25, 7, , 1
2019/1/14, 23, 14, 19, , 2
2019/1/15, 37, 13, 18, , 2
2019/1/16, 48, 28, 5, , 1
2019/1/17, 23, 24, 10, , 1
2019/1/18, 19, 29, 12, , 2
2019/1/19, 40, 25, 4, , 1
2019/1/20, 20, 26, 4, , 1
2019/1/21, 14, 27, 2, , 1
2019/1/22, 9, 23, 13, , 2
2019/1/23, 15, 16, 19, , 2
2019/1/24, 42, 24, 16, , 2
2019/1/25, 45, 25, 9, , 1
2019/1/26, 19, 23, 9, , 1
2019/1/27, 20, 27, 7, , 1
2019/1/28, 31, 26, 8, , 1
2019/1/29, 23, 24, 11, , 2
2019/1/30, 28, 27, 14, , 1
2019/1/31, 25, 25, 8, , 1
2019/2/1, 16, 26, 14, , 2
2019/2/2, 27, 19, 21, , 2
2019/2/3, 44, 22, 11, , 1
2019/2/4, 39, 17, 17, , 3
2019/2/5, 81, 26, 12, , 2
2019/2/6, 34, 25, 6, , 1
2019/2/7, 17, 22, 8, , 2
2019/2/8, 32, 32, 5, , 1
2019/2/9, 26, 31, 5, , 1
2019/2/10, 13, 29, 9, , 1
2019/2/11, 20, 28, 16, , 2
2019/2/12, 30, 28, 6, , 1
2019/2/13, 17, 27, 9, , 2
2019/2/14, 14, 28, 8, , 1
2019/2/15, 19, 27, 9, , 2
2019/2/16, 28, 31, 3, , 1
2019/2/17, 14, 29, 9, , 1
2019/2/18, 23, 31, 5, , 1
2019/2/19, 17, 28, 13, , 1
2019/2/20, 21, 27, 25, , 3
2019/2/21, 52, 29, 16, , 2
2019/2/22, 44, 32, 9, , 1
2019/2/23, 20, 32, 18, , 2
2019/2/24, 40, 30, 7, , 2
2019/2/25, 20, 30, 2, , 1
2019/2/26, 15, 28, 3, , 1
2019/2/27, 17, 23, 16, , 2
2019/2/28, 35, 26, 14, , 2
2019/3/1, 34, 28, 25, , 3
2019/3/2, 50, 35, 11, , 2
2019/3/3, 40, 34, 6, , 1
2019/3/4, 28, 30, 4, , 1
2019/3/5, 17, 29, 9, , 1
2019/3/6, 34, 31, 7, , 1
2019/3/7, 26, 28, 11, , 2
2019/3/8, 25, 34, 9, , 1
2019/3/9, 24, 36, 8, , 1
2019/3/10, 30, 34, 6, , 1
2019/3/11, 22, 36, 4, , 1
2019/3/12, 15, 30, 5, , 1
2019/3/13, 18, 31, 16, , 2
2019/3/14, 44, 32, 10, , 2
2019/3/15, 63, 26, 12, , 2
2019/3/16, 35, 32, 2, , 1
2019/3/17, 11, 33, 3, , 1
2019/3/18, 11, 35, 10, , 1
2019/3/19, 19, 33, 13, , 2
2019/3/20, 21, 39, 14, , 2
2019/3/21, 44, 33, 17, , 2
2019/3/22, 54, 31, 9, , 2
2019/3/23, 27, 34, 3, , 1
2019/3/24, 14, 36, 5, , 1
2019/3/25, 15, 34, 4, , 1
2019/3/26, 14, 35, 5, , 1
2019/3/27, 16, 34, 20, , 2
2019/3/28, 35, 30, 14, , 2
2019/3/29, 36, 30, 5, , 1
2019/3/30, 24, 25, 7, , 2
2019/3/31, 20, 32, 1, , 1
2019/4/1, 16, 33, 3, , 1
2018/10/2, 15, 16, 3, , 1
2018/10/3, 12, 6, 4, , 1
2018/10/4, 8, 20, 4, , 1
2018/10/5, 16, 21, 3, 1, 1
2018/10/6, 18, 13, 4, 1, 1
2018/10/7, 17, 14, 2, , 1
2018/10/8, 15, 16, 2, , 1
2018/10/9, 23, 27, 6, , 2
2018/10/10, 35, 18, 4, , 1
2018/10/11, 25, 10, 3, , 1
2018/10/12, 17, 24, 1, , 
2018/10/13, 5, 23, 1, , 1
2018/10/14, 13, 27, 5, , 1
2018/10/15, 25, 24, 7, , 1
2018/10/16, 23, 18, 4, , 1
2018/10/17, 15, 21, 3, , 1
2018/10/18, 10, 21, 3, , 1
2018/10/19, 9, 28, 6, 1, 1
2018/10/20, 18, 26, 1, , 
2018/10/21, 9, 24, 1, , 1
2018/10/22, 11, 19, 7, , 1
2018/10/23, 17, 19, 5, 1, 1
2018/10/24, 31, 21, 4, , 1
2018/10/25, 14, 24, 2, , 1
2018/10/26, 9, 21, 6, , 1
2018/10/27, 15, 23, 3, 1, 1
2018/10/28, 16, 19, 5, , 1
2018/10/29, 15, 12, 7, , 1
2018/10/30, 19, 21, 7, 1, 1
2018/10/31, 18, 7, 12, , 2
2018/11/1, 36, 7, 12, , 2
2018/11/2, 36, 16, 3, , 1
2018/11/3, 13, 16, 1, , 1
2018/11/4, 11, 20, 3, 1, 1
2018/11/5, 14, 16, 7, 1, 1
2018/11/6, 23, 17, 6, , 1
2018/11/7, 18, 20, 2, , 1
2018/11/8, 13, 12, 4, , 1
2018/11/9, 15, 8, 6, , 1
2018/11/10, 17, 25, 4, , 1
2018/11/11, 14, 25, 7, , 1
2018/11/12, 21, 13, 13, , 2
2018/11/13, 41, 24, 10, , 1
2018/11/14, 42, 26, 3, , 
2018/11/15, 13, 19, 12, 1, 1
2018/11/16, 22, 17, 12, , 1
2018/11/17, 38, 25, 5, , 1
2018/11/18, 26, 20, 13, , 1
2018/11/19, 27, 20, 5, , 1
2018/11/20, 19, 18, 7, 1, 1
2018/11/21, 13, 22, 6, , 1
2018/11/22, 17, 22, 5, , 1
2018/11/23, 16, 13, 22, , 3
2018/11/24, 24, 21, 17, 1, 2
2018/11/25, 44, 11, 15, , 3
2018/11/26, 56, 16, 11, , 2
2018/11/27, 41, 22, 4, , 1
2018/11/28, 11, 17, 3, , 1
2018/11/29, 13, 12, 6, , 1
2018/11/30, 12, 16, 4, , 1
2018/12/1, 13, 17, 5, 1, 1
2018/12/2, 21, 18, 6, , 1
2018/12/3, 27, 25, 4, , 1
2018/12/4, 13, 26, 4, , 1
2018/12/5, 14, 21, 11, , 1
2018/12/6, 23, 18, 13, , 1
2018/12/7, 47, 25, 3, , 1
2018/12/8, 10, 18, 16, , 2
2018/12/9, 30, 26, 14, , 2
2018/12/10, 44, 23, 9, , 1
2018/12/11, 19, 14, 17, 1, 2
2018/12/12, 46, 18, 9, , 1
2018/12/13, 34, 19, 11, 1, 1
2018/12/14, 35, 12, 20, 1, 3
2018/12/15, 71, 17, 14, , 2
2018/12/16, 47, 16, 11, , 2
2018/12/17, 35, 22, 8, , 1
2018/12/18, 27, 23, 3, , 1
2018/12/19, 11, 8, 21, 1, 2
2018/12/20, 38, 9, 18, 1, 3
2018/12/21, 63, 18, 11, , 2
2018/12/22, 27, 28, 1, , 1
2018/12/23, 5, 26, 5, , 1
2018/12/24, 16, 23, 4, 1, 1
2018/12/25, 16, 25, 4, , 1
2018/12/26, 11, 24, 15, , 2
2018/12/27, 28, 23, 7, 1, 1
2018/12/28, 16, 19, 14, , 2
2018/12/29, 49, 27, 5, , 1
2018/12/30, 19, 18, 9, , 2
2018/12/31, 29, , , , 
2018/7/2, 55, 38, 3, , 2
2018/7/3, 52, 30, 3, , 1
2018/7/4, 18, 36, 6, , 2
2018/7/5, 21, 40, 5, , 2
2018/7/6, 37, 30, 1, , 1
2018/7/7, 20, 24, 2, , 
2018/7/8, 14, 36, 2, , 1
2018/7/9, 14, 45, 5, , 1
2018/7/10, 27, 36, 2, , 1
2018/7/11, 31, 24, 2, , 1
2018/7/12, 18, 28, 3, , 1
2018/7/13, 18, 29, 5, , 2
2018/7/14, 34, 33, 4, , 2
2018/7/15, 35, 32, 2, , 1
2018/7/16, 29, 44, 4, , 2
2018/7/17, 36, 30, 2, , 1
2018/7/18, 27, 22, 2, , 1
2018/7/19, 16, 35, 5, , 1
2018/7/20, 18, 40, 6, , 1
2018/7/21, 27, 51, 3, , 1
2018/7/22, 28, 30, 2, , 1
2018/7/23, 27, 22, 3, , 1
2018/7/24, 17, 17, 4, , 1
2018/7/26, 46, 30, 4, , 2
2018/7/27, 19, 35, 4, , 2
2018/7/28, 17, 20, 2, , 1
2018/7/29, 16, 21, 2, , 1
2018/7/30, 21, 30, 3, , 1
2018/7/31, 31, 37, 3, , 1
2018/8/1, 31, 27, 5, , 2
2018/8/2, 33, 36, 2, , 2
2018/8/3, 23, 39, 4, , 2
2018/8/4, 39, 35, 3, , 2
2018/8/5, 32, 45, 4, , 2
2018/8/6, 29, 40, 3, , 2
2018/8/7, 44, 28, 3, , 2
2018/8/8, 33, 16, 6, , 2
2018/8/9, 38, 22, 2, , 2
2018/8/10, 27, 19, 2, , 1
2018/8/11, 13, 24, 4, , 1
2018/8/12, 16, 29, 3, , 2
2018/8/13, 25, 29, 3, , 2
2018/8/14, 30, 29, 4, , 2
2018/8/15, 32, 20, 3, , 2
2018/8/16, 34, 20, 2, , 1
2018/8/17, 12, 19, 4, , 2
2018/8/18, 22, 16, 1, , 1
2018/8/19, 18, 25, 3, , 2
2018/8/20, 34, 25, 5, , 2
2018/8/21, 40, 21, 5, , 2
2018/8/22, 31, 25, 2, , 2
2018/8/23, 21, 22, 3, , 1
2018/8/24, 26, 36, 4, , 2
2018/8/25, 47, 37, 4, , 2
2018/8/26, 38, 29, 2, , 2
2018/8/27, 32, 26, 4, , 3
2018/8/28, 28, 32, 4, , 2
2018/8/29, 45, 29, 4, , 1
2018/8/30, 19, 18, 1, , 1
2018/8/31, 11, 29, 3, , 2
2018/9/1, 16, 29, 3, , 2
2018/9/2, 24, 21, 3, , 2
2018/9/3, 23, 24, 2, , 1
2018/9/4, 23, 22, 3, , 1
2018/9/5, 22, 35, 7, , 2
2018/9/6, 35, 25, 2, , 1
2018/9/7, 16, 19, 2, 1, 1
2018/9/8, 18, 18, 1, , 1
2018/9/9, 20, 18, 2, 1, 1
2018/9/10, 16, 16, 3, , 1
2018/9/11, 12, 13, 4, , 2
2018/9/12, 8, 23, 5, , 2
2018/9/13, 14, 32, 5, , 2
2018/9/14, 22, 28, 5, , 2
2018/9/15, 26, 23, 4, , 2
2018/9/16, 29, 27, 2, , 2
2018/9/17, 25, 26, 4, , 2
2018/9/18, 26, 20, 2, , 1
2018/9/19, 16, 12, 2, , 1
2018/9/20, 10, 14, 4, , 1
2018/9/21, 22, 29, 5, , 2
2018/9/22, 26, 22, 3, , 1
2018/9/23, 17, 16, 4, , 1
2018/9/24, 18, 19, 3, , 1
2018/9/25, 13, 10, 6, , 2
2018/9/26, 14, 22, 3, , 1
2018/9/27, 17, 19, 6, 1, 2
2018/9/28, 16, 26, 4, , 1
2018/9/29, 15, 20, 2, , 1
2018/9/30, 12, 17, 2, , 1
2018/10/1, 11, 16, 4, 2, 1
2018/4/2, 16, 34, 8, 1, 1
2018/4/3, 20, 37, 7, 1, 1
2018/4/4, 24, 34, 4, , 1
2018/4/5, 19, 30, 3, , 1
2018/4/6, 19, 32, 9, , 1
2018/4/7, 22, 37, 2, 1, 1
2018/4/8, 18, 32, 4, , 1
2018/4/9, 15, 32, 5, , 1
2018/4/10, 15, 33, 12, , 1
2018/4/11, 25, 38, 8, 1, 2
2018/4/12, 47, 32, 9, , 2
2018/4/13, 57, 34, 4, , 2
2018/4/14, 27, 33, 3, , 1
2018/4/15, 19, 31, 2, , 1
2018/4/16, 20, 32, 3, , 1
2018/4/17, 16, 24, 7, , 2
2018/4/18, 16, 32, 3, , 1
2018/4/19, 10, 32, 2, , 1
2018/4/20, 11, 35, 2, , 1
2018/4/21, 14, 40, 4, , 1
2018/4/22, 18, 39, 7, 1, 1
2018/4/23, 24, 41, 12, 1, 2
2018/4/24, 32, 43, 13, , 2
2018/4/25, 40, 35, 7, , 2
2018/4/26, 25, 28, 5, , 2
2018/4/27, 15, 35, 8, , 2
2018/4/28, 20, 23, 3, , 1
2018/4/29, 20, 29, 2, , 1
2018/4/30, 15, 31, 3, , 1
2018/5/1, 17, 43, 11, 1, 2
2018/5/2, 29, 45, 7, 1, 2
2018/5/3, 41, 20, 11, , 3
2018/5/4, 44, 30, 4, , 1
2018/5/5, 25, 39, 2, , 1
2018/5/6, 19, 31, 2, 1, 1
2018/5/7, 19, 35, 3, 1, 1
2018/5/8, 14, 39, 8, , 1
2018/5/9, 21, 44, 7, 1, 1
2018/5/10, 32, 41, 3, 1, 1
2018/5/11, 31, 29, 2, , 1
2018/5/12, 13, 34, 7, , 1
2018/5/13, 18, 36, 6, , 1
2018/5/14, 27, 43, 4, 1, 1
2018/5/15, 24, 35, 5, , 1
2018/5/16, 30, 36, 3, 1, 1
2018/5/17, 19, 33, 1, , 1
2018/5/18, 25, 34, 2, 1, 1
2018/5/19, 15, 28, 4, 1, 1
2018/5/20, 23, 29, 2, , 1
2018/5/21, 13, 30, 3, , 1
2018/5/22, 19, 29, 7, , 2
2018/5/23, 26, 37, 3, , 1
2018/5/24, 21, 38, 3, , 1
2018/5/25, 20, 39, 3, , 1
2018/5/26, 29, 27, 3, , 2
2018/5/27, 34, 25, 2, 1, 1
2018/5/28, 28, 29, 3, , 1
2018/5/29, 28, 32, 2, , 1
2018/5/30, 25, 50, 5, 1, 1
2018/5/31, 29, 32, 4, , 1
2018/6/1, 29, 28, 3, , 1
2018/6/2, 22, 34, 1, , 
2018/6/3, 17, 34, 2, , 1
2018/6/4, 15, 20, 2, , 1
2018/6/5, 14, 13, 1, , 1
2018/6/6, 11, 11, 2, , 1
2018/6/7, 12, 29, 4, , 1
2018/6/8, 20, 31, 2, 1, 1
2018/6/9, 16, 27, 2, , 1
2018/6/10, 16, 30, 4, 1, 
2018/6/11, 20, 34, 2, 1, 
2018/6/12, 15, 40, 6, , 1
2018/6/13, 30, 38, 5, , 1
2018/6/14, 23, 13, 1, , 1
2018/6/15, 11, 19, 2, , 1
2018/6/16, 19, 29, 4, 1, 1
2018/6/17, 22, 47, 4, , 2
2018/6/18, 36, 42, 3, , 2
2018/6/19, 41, 25, 2, , 1
2018/6/20, 15, 22, 3, , 1
2018/6/21, 17, 23, 3, , 1
2018/6/22, 20, 35, 3, , 1
2018/6/23, 15, 30, 4, , 1
2018/6/24, 27, 19, 1, , 1
2018/6/25, 18, 23, 1, , 1
2018/6/26, 13, 31, 4, , 1
2018/6/27, 17, 31, 6, , 1
2018/6/28, 25, 23, 5, , 1
2018/6/29, 14, 32, 3, , 1
2018/6/30, 35, 35, 2, , 1
2018/7/1, 39, 40, 3, , 2
2018/1/2, 27, 22, 16, , 2
2018/1/3, 29, 22, 14, 1, 2
2018/1/4, 29, 24, 12, 2, 2
2018/1/5, 45, 25, 2, , 1
2018/1/6, 14, 24, 4, , 1
2018/1/7, 13, 20, 14, 2, 2
2018/1/8, 22, 16, 21, , 3
2018/1/9, 43, 19, 8, , 1
2018/1/10, 29, 14, 22, 1, 3
2018/1/11, 53, 22, 25, , 3
2018/1/12, 55, 28, 6, , 1
2018/1/13, 14, 27, 2, , 1
2018/1/14, 11, 22, 10, , 1
2018/1/15, 28, 24, 11, 1, 2
2018/1/16, 38, 21, 13, 1, 2
2018/1/17, 34, 19, 24, 1, 3
2018/1/18, 60, 17, 15, 1, 2
2018/1/19, 58, 21, 16, 1, 2
2018/1/20, 73, 22, 9, , 1
2018/1/21, 46, 21, 6, 1, 1
2018/1/22, 20, 30, 5, 1, 1
2018/1/23, 20, 25, 13, , 2
2018/1/24, 33, 32, 3, , 1
2018/1/25, 17, 28, 8, 1, 1
2018/1/26, 13, 21, 20, 1, 2
2018/1/27, 43, 22, 15, 1, 2
2018/1/28, 52, 25, 5, , 1
2018/1/29, 37, 23, 7, 1, 1
2018/1/30, 17, 24, 4, , 1
2018/1/31, 15, 22, 11, , 1
2018/2/1, 18, 25, 14, 1, 2
2018/2/2, 39, 26, 5, , 1
2018/2/3, 17, 19, 18, , 2
2018/2/4, 35, 19, 14, , 2
2018/2/5, 35, 28, 6, , 1
2018/2/6, 18, 27, 16, , 2
2018/2/7, 36, 22, 16, 1, 2
2018/2/8, 44, 24, 14, 1, 2
2018/2/9, 29, 27, 13, 1, 2
2018/2/10, 42, 28, 10, 1, 2
2018/2/11, 56, 27, 9, 1, 2
2018/2/12, 35, 24, 9, 1, 1
2018/2/13, 27, 26, 14, 1, 2
2018/2/14, 26, 27, 22, 1, 2
2018/2/15, 59, 21, 28, 1, 4
2018/2/16, 83, 30, 7, , 1
2018/2/17, 32, 28, 15, , 2
2018/2/18, 26, 30, 10, , 
2018/2/19, 36, 27, 13, , 
2018/2/20, 47, 21, 11, , 
2018/2/21, 31, 28, 10, 1, 1
2018/2/22, 24, 28, 11, 1, 1
2018/2/23, 18, 19, 19, 1, 2
2018/2/24, 43, 31, 6, , 2
2018/2/25, 24, 28, 6, 1, 1
2018/2/26, 22, 35, 7, , 1
2018/2/27, 23, 28, 13, 1, 2
2018/2/28, 32, 26, 15, 1, 2
2018/3/1, 31, 30, 3, , 1
2018/3/2, 21, 30, 3, 1, 1
2018/3/3, 18, 28, 2, , 1
2018/3/4, 12, 31, 1, , 1
2018/3/5, 11, 27, 3, , 1
2018/3/6, 12, 31, 4, 1, 1
2018/3/7, 14, 32, 5, 1, 1
2018/3/8, 16, 30, 6, , 1
2018/3/9, 16, 28, 7, , 1
2018/3/10, 22, 30, 3, , 1
2018/3/11, 14, 31, 2, , 1
2018/3/12, 14, 30, 10, , 1
2018/3/13, 21, 33, 6, , 1
2018/3/14, 27, 30, 2, , 1
2018/3/15, 12, 32, 2, , 1
2018/3/16, 10, 31, 2, , 1
2018/3/17, 19, 32, 4, , 1
2018/3/18, 16, 29, 4, , 1
2018/3/19, 12, 30, 4, , 1
2018/3/20, 17, 31, 4, , 1
2018/3/21, 22, 30, 5, 1, 1
2018/3/22, 16, 33, 4, , 1
2018/3/23, 16, 34, 1, , 1
2018/3/24, 14, 32, 1, , 1
2018/3/25, 14, 34, 4, 1, 1
2018/3/26, 18, 35, 12, 1, 2
2018/3/27, 29, 32, 10, 1, 2
2018/3/28, 27, 23, 11, , 2
2018/3/29, 30, 30, 12, , 2
2018/3/30, 33, 31, 3, , 1
2018/3/31, 21, 36, 6, 1, 1
2018/4/1, 13, 33, 2, , 1
2017/10/2, 18, 23, 6, 1, 1
2017/10/3, 17, 38, 6, , 1
2017/10/4, 28, 27, 7, , 1
2017/10/5, 22, 17, 3, , 1
2017/10/6, 20, 20, 3, , 1
2017/10/7, 15, 15, 6, , 2
2017/10/8, 21, 24, 3, , 1
2017/10/9, 15, 12, 4, , 2
2017/10/10, 15, 17, 3, , 1
2017/10/11, 23, 15, 2, 1, 1
2017/10/12, 18, 21, 5, , 1
2017/10/13, 21, 21, 7, , 1
2017/10/14, 28, 14, 7, , 2
2017/10/15, 20, 23, 3, , 2
2017/10/16, 26, 18, 3, , 1
2017/10/17, 18, 26, 8, 1, 1
2017/10/18, 16, 30, 6, , 1
2017/10/19, 18, 32, 6, 1, 1
2017/10/20, 27, 25, 5, 1, 1
2017/10/21, 18, 32, 8, 1, 2
2017/10/22, 28, 29, 9, 1, 2
2017/10/23, 39, 32, 9, , 2
2017/10/24, 41, 25, 5, , 1
2017/10/25, 14, 19, 6, , 1
2017/10/26, 19, 20, 4, , 1
2017/10/27, 11, 14, 3, , 1
2017/10/28, 15, 29, 6, , 2
2017/10/29, 26, 18, 3, , 1
2017/10/30, 17, 20, 2, , 1
2017/10/31, 16, 16, 4, , 1
2017/11/1, 18, 16, 11, , 1
2017/11/2, 19, 18, 9, , 1
2017/11/3, 19, 19, 3, , 1
2017/11/4, 18, 20, 3, , 1
2017/11/5, 14, 16, 5, , 1
2017/11/6, 13, 18, 1, , 1
2017/11/7, 15, 22, 9, 1, 1
2017/11/8, 23, 21, 8, , 1
2017/11/9, 23, 22, 10, , 2
2017/11/10, 28, 26, 1, , 
2017/11/11, 13, 22, 6, , 1
2017/11/12, 16, 18, 9, 1, 1
2017/11/13, 29, 13, 12, 1, 2
2017/11/14, 45, 13, 15, 1, 2
2017/11/15, 53, 20, 13, 1, 3
2017/11/16, 51, 24, 5, , 1
2017/11/17, 23, 27, 5, , 1
2017/11/18, 14, 16, 10, , 2
2017/11/19, 25, 22, 2, , 1
2017/11/20, 21, 22, 6, , 1
2017/11/21, 21, 19, 12, , 2
2017/11/22, 23, 23, 2, , 1
2017/11/23, 19, 16, 14, , 2
2017/11/24, 26, 19, 11, 1, 2
2017/11/25, 42, 20, 8, 1, 1
2017/11/26, 30, 23, 4, , 1
2017/11/27, 16, 25, 5, , 1
2017/11/28, 15, 22, 11, 1, 1
2017/11/29, 26, 21, 10, 1, 2
2017/11/30, 20, 12, 18, , 3
2017/12/1, 28, 17, 10, , 1
2017/12/2, 28, 10, 11, , 2
2017/12/3, 31, 12, 9, 1, 2
2017/12/4, 49, 12, 10, 1, 2
2017/12/5, 44, 25, 7, , 1
2017/12/6, 36, 23, 6, , 1
2017/12/7, 20, 21, 5, , 1
2017/12/8, 13, 22, 6, , 1
2017/12/9, 16, 19, 6, 1, 1
2017/12/10, 30, 22, 8, 1, 1
2017/12/11, 29, 22, 7, 1, 1
2017/12/12, 14, 20, 6, 1, 1
2017/12/13, 19, 24, 3, , 1
2017/12/14, 10, 24, 5, 1, 1
2017/12/15, 14, 18, 16, 1, 2
2017/12/16, 24, 22, 14, 1, 1
2017/12/17, 41, 21, 11, , 1
2017/12/18, 20, 15, 15, 1, 2
2017/12/19, 44, 19, 18, 1, 3
2017/12/20, 54, 24, 4, , 1
2017/12/21, 18, 26, 7, , 1
2017/12/22, 20, 27, 9, 1, 1
2017/12/23, 27, 22, 8, , 1
2017/12/24, 32, 21, 10, 1, 2
2017/12/25, 35, 26, 4, 1, 1
2017/12/26, 23, 27, 5, 1, 1
2017/12/27, 16, 24, 10, , 1
2017/12/28, 21, 21, 8, , 1
2017/12/29, 18, 22, 9, , 1
2017/12/30, 19, 22, 15, 1, 2
2017/12/31, 44, 20, 10, , 2
2018/1/1, 20, 23, 12, 1, 1
2017/7/2, 15, 25, 2, , 1
2017/7/3, 18, 19, 1, , 1
2017/7/4, 20, 23, 2, , 1
2017/7/5, 20, 28, 4, , 1
2017/7/6, 21, 43, 7, , 2
2017/7/7, 33, 39, 5, , 2
2017/7/8, 31, 18, 2, , 1
2017/7/9, 18, 20, 2, , 1
2017/7/10, 15, 32, 4, , 1
2017/7/11, 19, 31, 5, , 2
2017/7/12, 31, 19, 3, , 1
2017/7/13, 24, 23, 3, , 1
2017/7/14, 13, 18, 4, , 1
2017/7/15, 15, 16, 3, , 1
2017/7/16, 21, 20, 2, , 1
2017/7/17, 21, 29, 3, , 1
2017/7/18, 30, 35, 5, , 2
2017/7/19, 31, 31, 5, , 2
2017/7/20, 41, 22, 5, , 2
2017/7/21, 47, 24, 3, , 2
2017/7/22, 35, 19, 2, , 1
2017/7/23, 25, 19, 1, 1, 1
2017/7/24, 19, 20, 3, 1, 1
2017/7/25, 14, 23, 3, , 1
2017/7/26, 15, 22, 7, , 2
2017/7/27, 18, 22, 2, , 1
2017/7/28, 17, 20, 2, , 1
2017/7/29, 17, 26, 2, , 1
2017/7/30, 17, 21, 2, , 2
2017/7/31, 24, 18, 2, , 2
2017/8/1, 23, 26, 3, , 2
2017/8/2, 20, 37, 4, , 2
2017/8/3, 37, 25, 2, , 1
2017/8/4, 36, 36, 4, , 2
2017/8/5, 36, 27, 2, , 1
2017/8/6, 21, 13, 1, , 1
2017/8/7, 25, 20, 3, 1, 1
2017/8/8, 16, 21, 3, , 1
2017/8/9, 24, 20, 2, , 1
2017/8/10, 18, 28, 6, , 2
2017/8/11, 22, 39, 5, , 2
2017/8/12, 33, 33, 3, , 1
2017/8/13, 27, 20, 2, , 1
2017/8/14, 19, 25, 4, , 1
2017/8/15, 19, 29, 5, , 2
2017/8/16, 18, 20, 2, , 1
2017/8/17, 15, 24, 4, , 1
2017/8/18, 20, 17, 3, , 2
2017/8/19, 32, 22, 3, , 2
2017/8/20, 17, 20, 2, , 2
2017/8/21, 28, 37, 4, , 2
2017/8/22, 51, 31, 5, , 2
2017/8/23, 36, 19, 2, , 1
2017/8/24, 16, 18, 2, , 1
2017/8/25, 15, 12, 2, , 1
2017/8/26, 16, 21, 2, , 1
2017/8/27, 25, 24, 4, , 2
2017/8/28, 34, 28, 4, , 2
2017/8/29, 38, 32, 6, , 2
2017/8/30, 37, 35, 5, 1, 2
2017/8/31, 32, 25, 1, , 1
2017/9/1, 21, 19, 2, , 1
2017/9/2, 11, 23, 3, , 1
2017/9/3, 20, 18, 3, , 1
2017/9/4, 13, 25, 4, , 2
2017/9/5, 27, 24, 2, , 2
2017/9/6, 26, , , , 
2017/9/11, 23, 19, 6, 2, 2
2017/9/12, 19, 30, 6, , 2
2017/9/13, 20, 32, 5, , 2
2017/9/14, 28, 30, 6, , 2
2017/9/15, 32, 30, 6, 1, 3
2017/9/16, 41, 29, 5, , 2
2017/9/17, 37, 38, 5, , 2
2017/9/18, 42, 28, 8, , 3
2017/9/19, 43, 33, 6, , 3
2017/9/20, 53, 23, 2, , 2
2017/9/21, 31, 28, 6, , 2
2017/9/22, 36, 31, 7, , 2
2017/9/23, 36, 32, 6, , 3
2017/9/24, 46, 24, 5, , 2
2017/9/25, 45, 41, 7, , 2
2017/9/26, 39, 35, 7, , 3
2017/9/27, 48, 37, 5, , 2
2017/9/28, 43, 25, 1, , 1
2017/9/29, 14, 18, 2, 1, 1
2017/9/30, 11, 21, 3, 1, 1
2017/10/1, 15, 22, 3, 1, 1
2017/4/2, 17, , , , 
2017/4/5, 20, 28, 5, , 1
2017/4/6, 15, 28, 5, , 2
2017/4/7, 23, 28, 1, , 1
2017/4/8, 7, 32, 1, , 1
2017/4/9, 9, 38, 6, 1, 2
2017/4/10, 15, 44, 11, 1, 2
2017/4/11, 30, 22, 3, , 2
2017/4/12, 24, 23, 4, , 1
2017/4/13, 28, 31, 2, 1, 1
2017/4/14, 11, 35, 6, 1, 1
2017/4/15, 19, 35, 11, , 2
2017/4/16, 45, 25, 5, , 2
2017/4/17, 35, 34, 1, , 1
2017/4/18, 11, 34, 3, 1, 1
2017/4/19, 18, 24, 7, , 2
2017/4/20, 17, 27, 2, , 1
2017/4/21, 16, 21, 3, , 1
2017/4/22, 16, 24, 1, , 1
2017/4/23, 10, 32, 5, , 1
2017/4/24, 24, 28, 7, 1, 1
2017/4/25, 16, 29, 4, 1, 1
2017/4/26, 18, 26, 2, , 1
2017/4/27, 20, 31, 2, , 1
2017/4/28, 21, 33, 3, , 1
2017/4/29, 15, 32, 2, 1, 1
2017/4/30, 18, 26, 1, 1, 1
2017/5/1, 15, 22, 4, , 1
2017/5/2, 12, 25, 5, , 1
2017/5/3, 19, 33, 1, , 1
2017/5/4, 16, 34, 7, , 1
2017/5/5, 25, 31, 3, , 1
2017/5/6, 11, 28, 2, , 1
2017/5/7, 10, 21, 1, , 1
2017/5/8, 12, 23, 1, , 1
2017/5/9, 10, 16, 2, , 1
2017/5/10, 13, 25, 2, , 1
2017/5/11, 14, 26, 3, 1, 1
2017/5/12, 19, 30, 3, , 1
2017/5/13, 16, 33, 3, , 1
2017/5/14, 22, 28, 3, , 1
2017/5/15, 12, 25, 1, , 1
2017/5/16, 11, 25, 3, , 1
2017/5/17, 15, 54, 4, , 1
2017/5/18, 29, 44, 3, , 1
2017/5/19, 46, 29, 1, , 1
2017/5/20, 15, 30, 2, 1, 1
2017/5/21, 15, 29, 3, 1, 1
2017/5/22, 34, 24, 3, , 1
2017/5/23, 21, 40, 4, , 1
2017/5/24, 27, 44, 4, , 2
2017/5/25, 42, 29, 4, 14, 1
2017/5/26, 32, 20, 2, 14, 1
2017/5/27, 5, 26, 3, , 1
2017/5/28, 15, 21, 9, 122, 1
2017/5/29, 13, 20, 8, 57, 1
2017/5/30, 16, 31, 4, , 1
2017/5/31, 13, 36, 4, , 1
2017/6/1, 21, 26, 1, , 1
2017/6/2, 12, 19, 1, , 1
2017/6/3, 9, 21, 2, , 1
2017/6/4, 10, 10, 16, 133, 11
2017/6/5, 23, 23, 7, 41, 1
2017/6/6, 14, 19, 2, , 1
2017/6/7, 13, 24, 4, , 1
2017/6/8, 22, 27, 3, , 1
2017/6/9, 26, 25, 3, , 1
2017/6/10, 24, 47, 2, 1, 1
2017/6/11, 24, 48, 2, 1, 1
2017/6/12, 43, 55, 4, , 2
2017/6/13, 53, 39, 2, , 1
2017/6/14, 30, 28, 1, 1, 
2017/6/15, 15, 34, 3, 1, 1
2017/6/16, 25, 21, 5, , 1
2017/6/17, 20, 23, 4, , 1
2017/6/18, 21, 34, 3, , 1
2017/6/19, 33, 28, 2, , 1
2017/6/20, 11, 28, 2, , 1
2017/6/21, 12, 21, 1, , 1
2017/6/22, 12, 25, 3, , 1
2017/6/23, 18, 26, 5, , 1
2017/6/24, 11, 25, 1, , 1
2017/6/25, 12, 23, 1, , 1
2017/6/26, 11, 23, 1, 1, 1
2017/6/27, 12, 23, 3, , 1
2017/6/28, 11, 18, 2, 1, 1
2017/6/29, 17, 24, 6, , 1
2017/6/30, 27, 25, 5, , 1
2017/7/1, 30, 32, 3, , 1
2017/1/3, 62, 20, 7, 1, 7
2017/1/4, 32, 21, 8, , 6
2017/1/5, 16, 25, 6, , 6
2017/1/6, 15, 20, 18, , 7
2017/1/7, 33, 23, 16, 1, 8
2017/1/8, 47, 25, 9, 1, 7
2017/1/9, 45, 13, 20, , 8
2017/1/10, 44, 23, 16, 1, 7
2017/1/11, 40, 24, 10, , 7
2017/1/12, 30, 20, 11, , 7
2017/1/13, 25, 29, 3, 1, 7
2017/1/14, 23, 16, 17, , 8
2017/1/15, 39, 28, 13, , 8
2017/1/16, 31, 23, 19, 1, 8
2017/1/17, 54, 28, 16, 1, 8
2017/1/18, 46, 24, 11, , 8
2017/1/19, 35, 13, 14, , 9
2017/1/20, 34, 18, 15, , 9
2017/1/21, 34, 17, 12, , 9
2017/1/22, 59, 24, 7, , 8
2017/1/23, 34, 25, 3, , 8
2017/1/24, 11, 27, 5, , 8
2017/1/25, 16, 24, 9, , 8
2017/1/26, 16, 28, 7, , 8
2017/1/27, 27, 28, 2, 1, 8
2017/1/28, 7, 27, 7, 1, 8
2017/1/29, 21, 20, 4, , 8
2017/1/30, 26, 23, 8, , 9
2017/1/31, 19, 22, 16, 1, 10
2017/2/1, 47, 20, 16, 1, 10
2017/2/2, 49, 26, 10, 1, 9
2017/2/3, 26, 28, 6, 1, 9
2017/2/4, 14, 29, 8, , 9
2017/2/5, 20, 30, 9, , 9
2017/2/6, 36, 28, 8, , 9
2017/2/7, 21, 28, 5, 1, 9
2017/2/8, 24, 27, 6, 1, 10
2017/2/9, 18, 23, 5, 1, 9
2017/2/10, 19, 26, 5, , 9
2017/2/11, 19, 25, 7, 1, 10
2017/2/12, 37, 24, 7, 1, 10
2017/2/13, 38, 26, 5, , 10
2017/2/14, 23, 23, 16, 1, 11
2017/2/15, 44, 23, 9, 1, 11
2017/2/16, 40, 29, 5, , 10
2017/2/17, 18, 27, 10, , 10
2017/2/18, 23, 32, 13, 1, 11
2017/2/19, 44, 32, 6, 1, 10
2017/2/20, 25, 34, 6, 1, 10
2017/2/21, 20, 26, 21, 1, 12
2017/2/22, 54, 23, 20, , 12
2017/2/23, 86, 25, 13, 1, 12
2017/2/24, 61, 20, 7, 1, 11
2017/2/25, 11, 23, 9, , 11
2017/2/26, 26, 29, 4, 1, 11
2017/2/27, 16, 33, 7, , 11
2017/2/28, 37, 28, 18, 1, 
2017/3/1, 65, 25, 9, , 
2017/3/2, 37, 30, 1, , 
2017/3/3, 13, 31, 3, , 
2017/3/4, 19, 29, 4, , 
2017/3/5, 18, 29, 9, , 
2017/3/6, 24, 26, 13, 1, 
2017/3/7, 40, 24, 14, 1, 
2017/3/8, 56, 31, 7, , 
2017/3/9, 19, 31, 3, 1, 
2017/3/10, 17, 29, 6, , 
2017/3/11, 19, 23, 1, , 1
2017/3/12, 21, 19, 2, , 
2017/3/13, 24, 26, 3, 1, 
2017/3/14, 16, 29, 3, 1, 1
2017/3/15, 13, 34, 2, , 1
2017/3/16, 10, 34, 3, , 1
2017/3/17, 15, 34, 8, , 1
2017/3/18, 26, 38, 11, 1, 2
2017/3/19, 36, 40, 12, 1, 2
2017/3/20, 35, 29, 24, 1, 3
2017/3/21, 61, 31, 11, , 2
2017/3/22, 44, 30, 2, , 1
2017/3/23, 18, 34, 5, 1, 1
2017/3/24, 20, 28, 11, , 2
2017/3/25, 36, 34, 6, 1, 1
2017/3/26, 22, 36, 6, 1, 2
2017/3/27, 23, 30, 10, , 2
2017/3/28, 34, 23, 8, , 2
2017/3/29, 17, 31, 4, , 1
2017/3/30, 9, 36, 6, 1, 1
2017/3/31, 16, 33, 5, 1, 2
2017/4/1, 24, 32, 3, , 1
2016/10/2, 22, 17, 3, , 1
2016/10/3, 13, 15, 4, , 1
2016/10/4, 14, 18, 7, , 2
2016/10/5, 24, 18, 9, , 2
2016/10/6, 29, 20, 11, , 3
2016/10/7, 35, 34, 9, , 2
2016/10/8, 30, 28, 5, , 2
2016/10/9, 18, 17, 1, , 1
2016/10/10, 13, 18, 3, , 1
2016/10/11, 11, 23, 12, , 3
2016/10/12, 25, 33, 9, , 2
2016/10/13, 22, 30, 3, , 1
2016/10/14, 22, 19, 6, , 1
2016/10/15, 12, 25, 7, , 2
2016/10/16, 16, 24, 5, , 2
2016/10/17, 20, 12, 3, , 1
2016/10/18, 25, 28, 4, , 1
2016/10/19, 19, 20, 6, , 2
2016/10/20, 27, 13, 8, , 2
2016/10/21, 31, 16, 2, , 1
2016/10/22, 13, 8, 1, , 1
2016/10/23, 10, 21, 1, , 1
2016/10/24, 9, 24, 2, , 1
2016/10/25, 13, 22, 4, , 1
2016/10/26, 5, 20, 4, , 1
2016/10/27, 8, 17, 5, , 1
2016/10/28, 17, 14, 5, , 2
2016/10/29, 14, 13, 7, , 2
2016/10/30, 13, 14, 2, , 1
2016/10/31, 9, 19, 6, , 2
2016/11/1, 20, 13, 11, , 2
2016/11/2, 27, 14, 10, 1, 3
2016/11/3, 35, 7, 6, , 2
2016/11/4, 17, 17, 5, , 2
2016/11/5, 14, 16, 7, , 2
2016/11/6, 26, 18, 2, , 1
2016/11/7, 13, , , , 
2016/11/10, 22, 21, 9, , 2
2016/11/11, 17, 29, 2, , 1
2016/11/12, 12, 26, 4, 1, 1
2016/11/13, 10, 24, 6, , 2
2016/11/14, 31, 23, 12, , 2
2016/11/15, 36, 16, 17, 1, 3
2016/11/16, 61, 13, 11, , 3
2016/11/17, 49, 11, 10, , 2
2016/11/18, 52, 12, 9, , 2
2016/11/19, 65, 10, 7, , 2
2016/11/20, 67, 25, 2, , 1
2016/11/21, 8, 26, 2, , 1
2016/11/22, 7, 28, 3, , 1
2016/11/23, 11, 26, 7, , 1
2016/11/24, 16, 15, 11, , 2
2016/11/25, 42, 13, 11, , 2
2016/11/26, 52, 6, 10, , 2
2016/11/27, 37, 19, 3, , 1
2016/11/28, 14, 20, 6, , 1
2016/11/29, 22, 11, 8, , 2
2016/11/30, 43, 9, 7, , 2
2016/12/1, 36, 15, 8, , 2
2016/12/2, 12, 16, 4, 185, 2
2016/12/3, 11, 27, 1, , 2
2016/12/4, 10, 30, 6, , 2
2016/12/5, 17, 19, 10, , 3
2016/12/6, 30, 16, 15, 1, 4
2016/12/7, 45, 17, 10, , 3
2016/12/8, 37, 17, 7, , 3
2016/12/9, 24, 28, 4, , 2
2016/12/10, 12, 26, 7, , 3
2016/12/11, 25, 21, 12, , 4
2016/12/12, 43, 17, 13, , 4
2016/12/13, 45, 18, 11, , 4
2016/12/14, 41, 26, 8, , 3
2016/12/15, 23, 26, 4, 1, 3
2016/12/16, 16, 23, 13, , 4
2016/12/17, 24, 18, 13, 1, 4
2016/12/18, 47, 23, 6, 1, 4
2016/12/19, 33, 19, 19, 1, 5
2016/12/20, 26, 20, 23, 1, 5
2016/12/21, 44, 21, 14, , 5
2016/12/22, 45, 15, 18, , 5
2016/12/23, 59, 20, 14, , 5
2016/12/24, 40, 23, 11, , 5
2016/12/25, 27, 26, 4, 1, 4
2016/12/26, 18, 27, 8, 1, 5
2016/12/27, 24, 20, 5, , 4
2016/12/28, 13, 27, 5, , 
2016/12/29, 22, 22, 10, 2, 7
2016/12/30, 34, 24, 6, , 6
2016/12/31, 24, 18, 9, 1, 6
2017/1/1, 30, 17, 17, 1, 8
2017/1/2, 42, 19, 16, 1, 8
2016/7/2, 31, 24, 1, , 1
2016/7/3, 15, 24, 1, 1, 1
2016/7/4, 19, 29, 2, , 1
2016/7/5, 25, 44, 5, , 1
2016/7/6, 24, 37, 3, , 1
2016/7/7, 28, 26, 3, , 1
2016/7/8, 28, 22, 3, , 1
2016/7/9, 22, 13, 2, , 1
2016/7/10, 6, 11, 2, , 1
2016/7/11, 8, 24, 4, , 1
2016/7/12, 27, 35, 5, , 1
2016/7/13, 17, 41, 7, , 2
2016/7/14, 38, 36, 4, , 1
2016/7/15, 32, 26, 2, , 1
2016/7/16, 16, 11, 2, , 1
2016/7/17, 16, 27, 2, , 1
2016/7/18, 23, 31, 3, , 1
2016/7/19, 23, 17, 2, , 1
2016/7/20, 14, 20, 3, , 1
2016/7/21, 15, 43, 5, , 1
2016/7/22, 24, 42, 2, , 1
2016/7/23, 29, 21, 1, , 1
2016/7/24, 24, 24, 2, , 1
2016/7/25, 20, 27, 7, , 2
2016/7/26, 18, 20, 2, , 1
2016/7/27, 15, 22, 4, , 2
2016/7/28, 22, 20, 2, , 1
2016/7/29, 19, 15, 1, , 1
2016/7/30, 18, 22, 2, , 1
2016/7/31, 12, 25, 3, , 1
2016/8/1, 25, 26, 3, , 1
2016/8/2, 29, 31, 3, , 1
2016/8/3, 29, 31, 5, , 1
2016/8/4, 23, 44, 4, , 2
2016/8/5, 31, 43, 3, , 2
2016/8/6, 30, 28, 1, , 1
2016/8/7, 15, 19, 1, , 1
2016/8/8, 14, 20, 3, , 1
2016/8/9, 25, 34, 4, , 1
2016/8/10, 25, 45, 6, , 2
2016/8/11, 25, 39, 3, , 2
2016/8/12, 34, 34, 3, , 1
2016/8/13, 27, 15, 2, , 1
2016/8/14, 15, 12, 2, , 1
2016/8/15, 10, 27, 3, , 1
2016/8/16, 21, 24, 6, , 1
2016/8/17, 21, 26, 2, , 1
2016/8/18, 12, 20, 3, , 1
2016/8/19, 22, 24, 4, , 2
2016/8/20, 17, 39, 3, , 2
2016/8/21, 25, 34, 2, , 1
2016/8/22, 24, 21, 2, , 1
2016/8/23, 15, 31, 4, , 1
2016/8/24, 14, 44, 5, , 2
2016/8/25, 25, 36, 5, , 2
2016/8/26, 32, 25, 3, , 1
2016/8/27, 22, 24, 2, , 1
2016/8/28, 24, 26, 3, , 2
2016/8/29, 21, 22, 2, , 1
2016/8/30, 15, 25, 4, , 1
2016/8/31, 15, 24, 3, , 1
2016/9/1, 19, 13, 1, , 1
2016/9/2, 11, 19, 2, , 1
2016/9/3, 14, 23, 3, 1, 1
2016/9/4, 14, 33, 6, , 2
2016/9/5, 31, 37, 5, , 2
2016/9/6, 38, 46, 7, , 2
2016/9/7, 36, 33, 8, , 2
2016/9/8, 36, 22, 5, , 2
2016/9/9, 34, 22, 2, , 1
2016/9/10, 20, 20, 3, , 1
2016/9/11, 19, 26, 3, , 1
2016/9/12, 21, 21, 5, 1, 1
2016/9/13, 18, 35, 5, , 1
2016/9/14, 16, 33, 2, , 1
2016/9/15, 22, 20, 3, , 1
2016/9/16, 13, 22, 5, , 1
2016/9/17, 17, 25, 4, , 1
2016/9/18, 16, 27, 3, , 1
2016/9/19, 15, 26, 5, , 2
2016/9/20, 19, 29, 5, , 1
2016/9/21, 28, 28, 3, , 1
2016/9/22, 15, 24, 4, , 1
2016/9/23, 18, 21, 2, , 1
2016/9/24, 15, 20, 1, , 1
2016/9/25, 13, 22, 3, , 1
2016/9/26, 13, 20, 5, , 1
2016/9/27, 15, 26, 7, , 1
2016/9/28, 16, 21, 4, , 1
2016/9/29, 26, 28, 3, , 1
2016/9/30, 21, 19, 3, , 1
2016/10/1, 17, 21, 4, , 1
2016/4/2, 18, 31, 4, , 2
2016/4/3, 9, 32, 2, , 1
2016/4/4, 11, 32, 3, 2, 1
2016/4/5, 11, 32, 4, , 1
2016/4/6, 12, 28, 11, , 2
2016/4/7, 22, 29, 10, , 2
2016/4/8, 39, 31, 4, , 1
2016/4/9, 16, 30, 1, , 1
2016/4/10, 8, 29, 2, , 1
2016/4/11, 16, 29, 11, , 2
2016/4/12, 34, 29, 4, , 1
2016/4/13, 19, 31, 3, , 1
2016/4/14, 12, 33, 10, , 2
2016/4/15, 43, 32, 12, , 2
2016/4/16, 39, , , , 
2016/4/19, 22, 34, 1, , 1
2016/4/20, 11, 38, 5, , 1
2016/4/21, 13, 40, 12, , 2
2016/4/22, 32, 37, 6, , 2
2016/4/23, 33, 34, 1, , 1
2016/4/24, 11, 35, 5, 3, 1
2016/4/25, 20, 29, 2, 4, 1
2016/4/26, 16, 33, 1, , 1
2016/4/27, 14, 31, 1, , 1
2016/4/28, 9, 28, 2, 2, 1
2016/4/29, 10, 28, 3, 1, 1
2016/4/30, 12, 31, 4, , 1
2016/5/1, 21, 26, 4, 1, 1
2016/5/2, 34, 24, 3, , 1
2016/5/3, 23, 31, 8, , 2
2016/5/4, 26, 25, 4, 1, 1
2016/5/5, 27, 31, 2, , 1
2016/5/6, 16, 33, 4, 1, 1
2016/5/7, 28, 35, 5, 1, 1
2016/5/8, 24, 31, 1, , 1
2016/5/9, 13, 33, 1, , 1
2016/5/10, 7, 31, 5, , 1
2016/5/11, 10, 36, 4, 1, 1
2016/5/12, 19, 43, 7, 1, 1
2016/5/13, 35, 34, 4, , 2
2016/5/14, 24, 31, 3, , 1
2016/5/15, 15, 21, 1, , 1
2016/5/16, 5, 30, 1, , 1
2016/5/17, 7, 28, 2, , 1
2016/5/18, 15, 34, 1, , 1
2016/5/19, 14, 33, 4, , 1
2016/5/20, 21, 34, 7, , 1
2016/5/21, 24, 36, 3, 1, 1
2016/5/22, 27, 32, 1, 1, 1
2016/5/23, 36, 39, 2, 1, 1
2016/5/24, 31, 47, 5, 1, 1
2016/5/25, 50, 40, 4, , 1
2016/5/26, 43, 39, 3, , 1
2016/5/27, 19, 38, 6, , 2
2016/5/28, 38, 46, 3, , 1
2016/5/29, 46, 42, 2, , 1
2016/5/30, 35, 36, 2, , 1
2016/5/31, 34, 24, 1, , 1
2016/6/1, 15, 29, 1, , 1
2016/6/2, 15, 34, 5, , 1
2016/6/3, 27, 30, 2, , 1
2016/6/4, 25, 28, 2, 1, 1
2016/6/5, 22, 25, 3, , 1
2016/6/6, 20, 35, 2, , 1
2016/6/7, 20, 33, 2, , 1
2016/6/8, 14, 16, 1, , 1
2016/6/9, 25, 28, 1, , 1
2016/6/10, 26, 19, 1, , 1
2016/6/11, 14, 23, 4, , 1
2016/6/12, 18, 23, 2, , 1
2016/6/13, 16, 26, 1, , 1
2016/6/14, 11, 19, 1, , 1
2016/6/15, 13, 23, 3, , 1
2016/6/16, 18, 28, 3, , 1
2016/6/17, 22, 31, 5, , 1
2016/6/18, 30, 31, 1, , 1
2016/6/19, 21, 49, 2, , 1
2016/6/20, 28, 59, 4, , 1
2016/6/21, 44, 29, 1, , 1
2016/6/22, 27, 20, 2, , 1
2016/6/23, 14, 22, 2, , 1
2016/6/24, 14, 26, 3, , 1
2016/6/25, 20, 29, 2, , 1
2016/6/26, 24, 53, 3, , 1
2016/6/27, 29, 38, 3, , 1
2016/6/28, 45, 24, 1, , 1
2016/6/29, 37, 19, 2, , 1
2016/6/30, 91, 28, 4, 1, 1
2016/7/1, 15, 36, 3, , 1
2016/1/5, 24, 19, 13, , 2
2016/1/6, 24, 16, 25, 1, 4
2016/1/7, 50, 5, 27, 1, 5
2016/1/8, 74, 15, 18, 2, 4
2016/1/9, 83, 16, 15, , 3
2016/1/10, 52, 25, 7, 1, 2
2016/1/11, 24, 27, 4, 1, 1
2016/1/12, 13, 18, 16, , 3
2016/1/13, 29, 27, 9, , 2
2016/1/14, 20, 17, 19, , 3
2016/1/15, 37, 25, 9, 2, 2
2016/1/16, 45, 23, 8, , 2
2016/1/17, 42, 23, 8, 3, 2
2016/1/18, 21, 24, 6, 1, 2
2016/1/19, 20, 26, 3, , 1
2016/1/20, 10, 26, 8, , 2
2016/1/21, 15, 29, 6, , 2
2016/1/22, 17, 24, 11, , 2
2016/1/23, 23, 26, 7, 7, 2
2016/1/24, 23, 18, 15, , 3
2016/1/25, 37, 20, 18, , 4
2016/1/26, 65, 20, 14, , 3
2016/1/27, 45, 24, 8, , 2
2016/1/28, 16, 17, 15, 1, 3
2016/1/29, 33, 21, 9, , 2
2016/1/30, 34, 19, 8, , 2
2016/1/31, 26, 12, 16, , 4
2016/2/1, 60, 24, 7, , 2
2016/2/2, 26, 30, 5, 2, 2
2016/2/3, 14, 27, 11, , 3
2016/2/4, 28, 26, 6, , 2
2016/2/5, 19, 30, 7, , 2
2016/2/6, 17, 25, 9, , 2
2016/2/7, 35, 29, 4, 7, 2
2016/2/8, 18, 29, 4, , 2
2016/2/9, 15, 28, 5, , 2
2016/2/10, 13, 27, 5, , 2
2016/2/11, 20, 27, 3, , 2
2016/2/12, 13, 26, 13, , 2
2016/2/13, 21, 26, 1, , 1
2016/2/14, 14, 22, 6, 1, 2
2016/2/15, 17, 23, 12, 1, 3
2016/2/16, 38, 19, 10, 1, 3
2016/2/17, 39, 25, 13, , 3
2016/2/18, 40, 26, 12, , 2
2016/2/19, 22, 23, 21, 1, 3
2016/2/20, 54, 23, 9, , 2
2016/2/21, 28, 26, 4, , 2
2016/2/22, 18, 32, 9, , 2
2016/2/23, 23, 22, 13, 1, 3
2016/2/24, 41, 26, 7, 1, 2
2016/2/25, 31, 28, 4, , 2
2016/2/26, 14, 30, 4, , 2
2016/2/27, 14, 27, 11, , 2
2016/2/28, 31, 32, 4, , 2
2016/2/29, 22, 29, 5, 1, 2
2016/3/1, 18, 23, 6, 1, 2
2016/3/2, 20, 26, 3, , 1
2016/3/3, 12, 25, 10, , 2
2016/3/4, 23, 25, 18, 2, 3
2016/3/5, 50, 28, 18, , 3
2016/3/6, 59, 36, 11, , 3
2016/3/7, 45, 23, 14, , 3
2016/3/8, 59, 24, 11, , 3
2016/3/9, 46, 20, 21, , 4
2016/3/10, 52, 17, 6, , 2
2016/3/11, 26, 27, 4, , 2
2016/3/12, 17, 26, 12, , 3
2016/3/13, 39, 31, 4, 2, 2
2016/3/14, 21, 29, 5, 1, 2
2016/3/15, 22, 23, 10, , 2
2016/3/16, 25, 26, 6, , 2
2016/3/17, 16, 27, 8, , 2
2016/3/18, 13, 31, 2, , 1
2016/3/19, 6, 31, 2, , 1
2016/3/20, 11, 31, 6, , 2
2016/3/21, 11, 32, 10, 1, 2
2016/3/22, 36, 31, 9, 1, 2
2016/3/23, 14, 34, 6, 2, 2
2016/3/24, 20, 31, 3, , 1
2016/3/25, 16, 30, 7, 1, 2
2016/3/26, 27, 31, 11, , 2
2016/3/27, 36, 32, 8, 1, 2
2016/3/28, 49, 26, 9, , 3
2016/3/29, 39, 35, 4, , 1
2016/3/30, 11, 34, 11, , 2
2016/3/31, 25, 33, 12, , 2
2016/4/1, 34, 31, 4, , 2
2015/10/2, 14, 19, 2, 8, 1
2015/10/3, 14, 22, 1, , 1
2015/10/4, 16, 21, 1, , 1
2015/10/5, 13, 19, 3, 1, 1
2015/10/6, 15, 16, 3, , 1
2015/10/7, 18, 21, 3, , 1
2015/10/8, 24, 19, 3, , 1
2015/10/9, 15, 15, 2, , 1
2015/10/10, 15, 19, 2, , 1
2015/10/11, 13, 32, 2, , 1
2015/10/12, 16, 40, 4, , 1
2015/10/13, 29, 23, 5, , 1
2015/10/14, 21, 21, 2, , 1
2015/10/15, 10, 19, 7, , 1
2015/10/16, 17, 22, 2, , 1
2015/10/17, 18, 22, 1, , 1
2015/10/18, 10, 21, 2, , 1
2015/10/19, 14, 20, 10, , 1
2015/10/20, 17, 25, 6, , 1
2015/10/21, 33, 22, 4, 2, 1
2015/10/22, 21, 24, 4, , 1
2015/10/23, 20, 22, 2, 1, 1
2015/10/24, 17, 17, 8, , 2
2015/10/25, 28, 17, 1, , 1
2015/10/26, 16, 18, 5, , 1
2015/10/27, 21, 15, 14, , 3
2015/10/28, 34, 19, 8, , 1
2015/10/29, 25, 21, 7, , 1
2015/10/30, 24, 22, 5, , 1
2015/10/31, 15, 13, 12, , 2
2015/11/1, 29, 19, 5, , 1
2015/11/2, 17, 17, 7, , 1
2015/11/3, 16, 15, 9, , 2
2015/11/4, 29, 14, 8, , 2
2015/11/5, 38, 22, 11, , 2
2015/11/6, 31, 25, 4, , 1
2015/11/7, 26, 23, 2, 1, 1
2015/11/8, 12, 19, 4, , 1
2015/11/9, 17, 20, 9, , 2
2015/11/10, 29, 22, 11, , 2
2015/11/11, 48, 18, 10, , 2
2015/11/12, 42, 10, 8, , 2
2015/11/13, 36, 20, 3, , 1
2015/11/14, 13, 20, 2, , 1
2015/11/16, 29, 19, 4, , 1
2015/11/17, 24, 16, 9, , 1
2015/11/18, 21, 12, 9, , 2
2015/11/19, 32, 23, 5, , 1
2015/11/20, 18, 22, 5, , 1
2015/11/21, 20, 19, 11, , 2
2015/11/22, 25, 23, 2, , 1
2015/11/23, 13, 22, 9, 1, 1
2015/11/24, 20, 20, 10, 1, 2
2015/11/25, 27, 10, 16, 1, 3
2015/11/26, 72, 25, 15, , 2
2015/11/27, 43, 27, 5, , 1
2015/11/28, 22, 23, 3, , 1
2015/11/29, 12, 19, 6, 1, 1
2015/11/30, 25, 18, 10, , 1
2015/12/1, 22, 10, 13, 1, 2
2015/12/2, 48, 6, 11, , 2
2015/12/3, 26, 19, 4, , 1
2015/12/4, 19, 16, 5, , 1
2015/12/5, 24, 20, 6, , 1
2015/12/6, 36, 19, 6, , 2
2015/12/7, 51, 10, 10, , 2
2015/12/8, 44, 9, 11, , 2
2015/12/9, 38, 13, 11, 1, 3
2015/12/10, 60, 17, 10, , 2
2015/12/11, 52, 21, 8, , 2
2015/12/12, 31, 10, 3, , 1
2015/12/13, 12, 16, 3, 1, 1
2015/12/14, 12, 12, 5, , 2
2015/12/15, 32, 17, 7, , 1
2015/12/16, 12, 16, 4, , 1
2015/12/17, 17, 12, 9, , 3
2015/12/18, 31, 19, 6, , 1
2015/12/19, 16, 24, 2, , 1
2015/12/20, 12, 21, 4, , 1
2015/12/21, 13, 12, 15, , 3
2015/12/22, 36, 6, 11, , 2
2015/12/23, 37, 10, 9, , 3
2015/12/24, 49, 26, 5, , 1
2015/12/25, 21, 17, 6, , 1
2015/12/26, 24, 17, 6, 1, 1
2015/12/27, 21, 26, 2, , 1
2015/12/28, 18, 24, 3, 1, 1
2015/12/29, 18, 23, 5, , 1
2015/12/30, 14, 21, 9, , 2
2015/12/31, 27, , , , 
2016/1/4, 17, 22, 4, , 1
2015/7/19, 28, 32, 2, , 1
2015/7/20, 35, 31, 1, , 1
2015/7/21, 28, 27, 2, , 1
2015/7/22, 20, 16, 1, , 1
2015/7/23, 11, 21, 1, , 1
2015/7/24, 21, 29, 3, , 1
2015/7/25, 21, 29, 2, , 1
2015/7/26, 28, 26, 2, , 1
2015/7/27, 35, 27, 3, , 1
2015/7/28, 35, 24, 3, , 1
2015/7/29, 25, 41, 4, , 2
2015/7/30, 35, 34, 3, , 1
2015/7/31, 32, 24, 1, , 1
2015/8/1, 9, 19, 2, , 1
2015/8/2, 18, 31, 1, , 1
2015/8/3, 14, 32, 1, , 1
2015/8/4, 15, 15, 3, , 1
2015/8/5, 17, 11, 1, , 1
2015/8/6, 10, 16, 1, , 1
2015/8/7, 13, 15, 1, , 1
2015/8/8, 11, 21, 1, 1, 1
2015/8/9, 15, 23, 2, , 1
2015/8/10, 21, 30, 3, , 1
2015/8/11, 27, 24, 2, , 1
2015/8/12, 19, 12, 1, , 1
2015/8/13, 18, 24, 1, , 1
2015/8/14, 17, 26, 4, , 1
2015/8/15, 23, 34, 3, , 2
2015/8/16, 49, 34, 4, , 2
2015/8/17, 37, 34, 4, , 1
2015/8/18, 39, 36, 4, , 2
2015/8/19, 55, 30, 3, , 1
2015/8/20, 38, 28, 2, , 1
2015/8/21, 26, 21, 2, , 1
2015/8/22, 16, 19, 2, 1, 1
2015/8/23, 12, 30, 3, , 1
2015/8/24, 23, 28, 4, , 1
2015/8/25, 31, 22, 4, , 1
2015/8/26, 18, 17, 3, , 1
2015/8/27, 12, 11, 1, , 1
2015/8/28, 15, 14, 1, , 1
2015/8/29, 12, 29, 3, , 1
2015/8/30, 21, 34, 2, , 2
2015/8/31, 46, 27, 2, , 2
2015/9/1, 61, 26, 3, , 2
2015/9/2, 68, 24, 3, , 2
2015/9/3, 60, 22, 1, , 2
2015/9/4, 46, 28, 2, , 1
2015/9/5, 21, 35, 3, , 1
2015/9/6, 27, 39, 4, , 3
2015/9/7, 79, 40, 2, , 2
2015/9/8, 58, 24, 4, 1, 1
2015/9/9, 24, 23, 4, 1, 1
2015/9/10, 36, 26, 5, , 1
2015/9/11, 19, 31, 4, , 1
2015/9/12, 20, 14, 1, , 1
2015/9/13, 15, 17, 1, , 1
2015/9/14, 13, 20, 1, , 1
2015/9/15, 13, 34, 3, , 1
2015/9/16, 20, 42, 6, , 2
2015/9/17, 38, 52, 6, , 2
2015/9/18, 50, 49, 5, , 2
2015/9/19, 50, 39, 4, , 1
2015/9/20, 38, 18, 2, , 1
2015/9/21, 22, 20, 4, , 1
2015/9/22, 13, 31, 5, , 1
2015/9/23, 21, 30, 4, , 1
2015/9/24, 24, 18, 1, 1, 1
2015/9/25, 29, 17, 2, , 1
2015/9/26, 13, 25, 3, , 1
2015/9/27, 18, 32, 4, , 1
2015/9/28, 33, 19, 5, , 1
2015/9/29, 14, 16, 2, , 1
2015/9/30, 23, 15, 1, 1, 1
2015/10/1, 20, 16, 1, 3, 1
2015/4/2, 23, 28, 13, 1, 2
2015/4/3, 27, 30, 4, 1, 1
2015/4/4, 18, 30, 2, 1, 1
2015/4/5, 17, 31, 3, 1, 1
2015/4/6, 20, 30, 11, 1, 2
2015/4/7, 36, 31, 9, 2, 2
2015/4/8, 33, 30, 8, , 2
2015/4/9, 22, 32, 5, 1, 2
2015/4/10, 23, 26, 9, 1, 2
2015/4/11, 18, 33, 3, 1, 2
2015/4/12, 14, 37, 5, 2, 2
2015/4/13, 29, 43, 12, , 2
2015/4/14, 46, 34, 5, , 2
2015/4/15, 18, 36, 5, 1, 1
2015/4/16, 19, 36, 10, 1, 2
2015/4/17, 22, 42, 6, 1, 2
2015/4/18, 27, 32, 4, 2, 1
2015/4/19, 14, 34, 3, 1, 1
2015/4/20, 18, 30, 5, , 2
2015/4/21, 18, 28, 6, 1, 2
2015/4/22, 24, 28, 6, 1, 2
2015/4/23, 20, 27, 2, 1, 1
2015/4/24, 14, 21, 2, 1, 1
2015/4/25, 13, 26, 2, 1, 1
2015/4/26, 15, 23, 2, 1, 1
2015/4/27, 12, 28, 2, 1, 1
2015/4/28, 14, 31, 4, , 1
2015/4/29, 14, 39, 2, , 1
2015/4/30, 17, 35, 3, , 1
2015/5/1, 18, 30, 9, 1, 2
2015/5/2, 31, 35, 6, , 2
2015/5/3, 25, 44, 4, 1, 2
2015/5/4, 30, 49, 6, 1, 2
2015/5/5, 52, 31, 3, 1, 1
2015/5/6, 25, 36, 6, 1, 2
2015/5/7, 25, 37, 6, 1, 2
2015/5/8, 33, 52, 8, 1, 2
2015/5/9, 38, 43, 7, 1, 2
2015/5/10, 53, 28, 3, , 2
2015/5/11, 38, 21, 3, , 1
2015/5/12, 17, 27, 5, 1, 2
2015/5/13, 22, 36, 2, 1, 1
2015/5/14, 9, 36, 4, 1, 1
2015/5/15, 18, 39, 9, 1, 2
2015/5/16, 34, 30, 6, 1, 2
2015/5/17, 42, 44, 3, , 2
2015/5/18, 39, 31, 5, , 2
2015/5/19, 43, 30, 3, , 1
2015/5/20, 40, 34, 1, , 1
2015/5/21, 13, 34, 4, , 1
2015/5/22, 19, 30, 2, , 1
2015/5/23, 16, 33, 2, , 1
2015/5/24, 18, 46, 3, , 1
2015/5/25, 32, 45, 7, , 2
2015/5/26, 42, 22, 5, 76, 2
2015/5/27, 40, 40, 4, , 1
2015/5/28, 36, 36, 4, , 1
2015/5/29, 16, 37, 4, , 2
2015/5/30, 29, 37, 4, , 2
2015/5/31, 30, 20, 1, , 1
2015/6/1, 5, 30, 2, , 1
2015/6/2, 16, 23, 3, , 1
2015/6/3, 7, 31, 5, , 1
2015/6/4, 18, 39, 6, , 1
2015/6/5, 23, 33, 4, , 2
2015/6/6, 25, 28, 1, , 1
2015/6/7, 14, 36, 4, , 1
2015/6/8, 31, 29, 4, , 2
2015/6/9, 19, 17, 6, , 2
2015/6/10, 21, 31, 6, , 2
2015/6/11, 29, 26, 3, , 2
2015/6/12, 44, 22, 5, , 2
2015/6/13, 18, 19, 2, , 1
2015/6/14, 27, 29, 2, , 1
2015/6/15, 29, 40, 4, , 2
2015/6/16, 19, 21, 4, , 2
2015/6/17, 33, 29, 3, , 1
2015/6/18, 16, 35, 6, , 2
2015/6/19, 23, 22, 1, , 1
2015/6/20, 10, 31, 4, , 1
2015/6/21, 25, 33, 3, , 2
2015/6/22, 34, 31, 2, , 1
2015/6/23, 17, 32, 4, , 1
2015/6/24, 21, 22, 1, , 1
2015/6/25, 13, , , , 
2015/1/2, 32, 26, 4, 1, 1
2015/1/3, 23, 22, 6, 1, 1
2015/1/4, 20, 22, 7, , 2
2015/1/5, 15, 26, 5, 1, 1
2015/1/6, 14, 17, 21, 1, 3
2015/1/7, 44, 22, 5, 1, 1
2015/1/8, 20, 13, 19, 1, 2
2015/1/9, 30, 23, 10, 1, 2
2015/1/10, 24, 23, 12, 1, 1
2015/1/11, 24, 18, 15, 2, 2
2015/1/12, 42, 26, 13, 2, 2
2015/1/13, 49, 20, 12, , 2
2015/1/14, 36, 12, 27, 1, 5
2015/1/15, 76, 10, 31, 4, 6
2015/1/16, 104, , , , 
2015/1/18, 29, 18, 17, 1, 3
2015/1/19, 65, 22, 9, 1, 2
2015/1/20, 44, 22, 6, 1, 1
2015/1/21, 22, 18, 19, 2, 2
2015/1/22, 37, 18, 20, 1, 3
2015/1/23, 49, 23, 17, , 2
2015/1/24, 50, 19, 11, , 2
2015/1/25, 68, 25, 4, 1, 1
2015/1/26, 17, 25, 13, 1, 2
2015/1/27, 27, 26, 8, 1, 1
2015/1/28, 16, 26, 10, 1, 2
2015/1/29, 21, 17, 26, , 4
2015/1/30, 58, 28, 6, 1, 1
2015/1/31, 29, 24, 7, 1, 1
2015/2/1, 23, 26, 5, , 1
2015/2/2, 25, 25, 6, 1, 1
2015/2/3, 19, 19, 23, 1, 3
2015/2/4, 38, 24, 23, , 3
2015/2/5, 73, 25, 9, , 1
2015/2/6, 23, 18, 24, , 4
2015/2/7, 53, 26, 5, 3, 1
2015/2/8, 25, 27, 3, 1, 1
2015/2/9, 15, 25, 7, 2, 2
2015/2/10, 25, 26, 11, 1, 2
2015/2/11, 40, 23, 9, , 2
2015/2/12, 30, 24, 7, , 1
2015/2/13, 33, 22, 8, 5, 2
2015/2/14, 32, 25, 11, 3, 2
2015/2/15, 51, 24, 2, 5, 1
2015/2/16, 22, 25, 10, 18, 2
2015/2/17, 27, 21, 24, 5, 3
2015/2/18, 57, 23, 25, 2, 3
2015/2/19, 73, 24, 8, 1, 2
2015/2/20, 39, 23, 8, 1, 2
2015/2/21, 22, 20, 15, , 2
2015/2/22, 39, 27, 14, 1, 2
2015/2/23, 63, 20, 8, , 2
2015/2/24, 28, 27, 19, 1, 2
2015/2/25, 31, 26, 15, 1, 2
2015/2/26, 48, 23, 13, 1, 2
2015/2/27, 37, 26, 13, 3, 2
2015/2/28, 33, 31, 12, 1, 2
2015/3/1, 36, 34, 18, 1, 2
2015/3/2, 65, 33, 8, 1, 1
2015/3/3, 43, 28, 18, 1, 2
2015/3/4, 34, 31, 9, 1, 2
2015/3/5, 36, 27, 5, 1, 1
2015/3/6, 20, 27, 12, 1, 2
2015/3/7, 36, 35, 12, 1, 2
2015/3/8, 73, 35, 13, , 2
2015/3/9, 76, 31, 8, 1, 1
2015/3/10, 20, , , , 
2015/3/12, 25, 31, 4, 1, 1
2015/3/13, 16, 29, 18, 1, 2
2015/3/14, 35, 28, 8, , 2
2015/3/15, 46, 31, 7, 1, 2
2015/3/16, 24, 30, 18, 1, 3
2015/3/17, 53, 30, 6, 1, 1
2015/3/18, 38, 32, 3, 1, 1
2015/3/19, 15, 33, 12, 1, 2
2015/3/20, 25, 35, 13, 1, 2
2015/3/21, 36, 26, 9, 1, 2
2015/3/22, 45, 24, 2, 1, 1
2015/3/23, 20, 23, 4, 1, 1
2015/3/24, 28, 28, 12, 1, 2
2015/3/25, 30, 36, 14, 1, 2
2015/3/26, 43, 19, 10, 1, 2
2015/3/27, 46, 28, 4, 1, 1
2015/3/28, 21, 30, 5, 1, 1
2015/3/29, 16, 36, 8, 1, 2
2015/3/30, 30, 33, 5, 1, 1
2015/3/31, 17, 36, 3, 1, 1
2015/4/1, 20, 35, 6, 1, 1
2014/10/2, 30, 21, 4, , 1
2014/10/3, 29, 28, 4, , 1
2014/10/4, 29, 21, 3, , 1
2014/10/5, 18, 18, 2, , 1
2014/10/6, 16, 17, 7, , 2
2014/10/7, 28, 23, 8, , 2
2014/10/8, 21, 23, 4, , 1
2014/10/9, 21, 14, 6, , 1
2014/10/10, 13, 15, 4, , 1
2014/10/11, 20, 17, 5, , 2
2014/10/12, 29, 19, 6, , 1
2014/10/13, 22, 22, 10, , 2
2014/10/14, 42, 25, 6, , 1
2014/10/15, 33, 18, 9, , 2
2014/10/16, 20, 18, 6, , 1
2014/10/17, 18, 18, 6, , 2
2014/10/18, 25, 17, 4, , 
2014/10/19, 27, 21, 1, , 
2014/10/20, 7, 13, 11, 1, 
2014/10/21, 20, 14, 4, , 1
2014/10/22, 26, 20, 4, 1, 1
2014/10/23, 20, 20, 6, 1, 1
2014/10/24, 26, 15, 7, , 2
2014/10/25, 26, 19, 7, , 2
2014/10/26, 40, 18, 2, , 1
2014/10/27, 7, 9, 6, , 1
2014/10/28, 13, 5, 8, , 2
2014/10/29, 31, 14, 8, , 2
2014/10/30, 26, 19, 3, , 1
2014/10/31, 5, 20, 6, , 1
2014/11/1, 13, 19, 2, , 1
2014/11/2, 13, 25, 2, , 1
2014/11/3, 12, 20, 10, 1, 2
2014/11/4, 38, 23, 13, 1, 3
2014/11/5, 48, 19, 4, , 1
2014/11/6, 15, 13, 8, 1, 2
2014/11/7, 23, 21, 2, , 1
2014/11/8, 7, 21, 7, , 2
2014/11/9, 31, 22, 5, , 1
2014/11/10, 13, 18, 6, 1, 2
2014/11/11, 23, 13, 10, , 2
2014/11/12, 46, 23, 5, , 2
2014/11/13, 35, 21, 6, , 1
2014/11/14, 14, 25, 5, 1, 1
2014/11/15, 10, 27, 5, 1, 1
2014/11/16, 17, 19, 9, 1, 2
2014/11/17, 52, 14, 13, 1, 2
2014/11/18, 41, 22, 7, 1, 1
2014/11/19, 21, 24, 8, 1, 2
2014/11/20, 26, 23, 8, 1, 1
2014/11/21, 25, 23, 6, 1, 1
2014/11/22, 20, 22, 11, 1, 2
2014/11/23, 41, 10, 13, , 3
2014/11/24, 83, 24, 8, , 2
2014/11/25, 26, 17, 6, , 2
2014/11/26, 15, 23, 5, 1, 1
2014/11/27, 8, 22, 4, , 1
2014/11/28, 11, 21, 6, , 2
2014/11/29, 19, 17, 11, 1, 2
2014/11/30, 36, 18, 9, 1, 2
2014/12/1, 50, 23, 3, 1, 1
2014/12/2, 18, 22, 5, 1, 2
2014/12/3, 18, 17, 12, 1, 3
2014/12/4, 39, 26, 9, 1, 2
2014/12/5, 21, 16, 14, 1, 3
2014/12/6, 48, 17, 8, 1, 2
2014/12/7, 64, 25, 5, 1, 1
2014/12/8, 24, 20, 11, 1, 2
2014/12/9, 37, 18, 13, 1, 2
2014/12/10, 47, 23, 3, , 1
2014/12/11, 14, 21, 5, , 1
2014/12/12, 18, 21, 6, , 1
2014/12/13, 14, 22, 6, 1, 2
2014/12/14, 21, 11, 9, 1, 2
2014/12/15, 36, 9, 8, , 2
2014/12/16, 24, 10, 8, 1, 2
2014/12/17, 45, 5, 10, 1, 3
2014/12/18, 22, 17, 3, , 2
2014/12/19, 9, 23, 5, , 1
2014/12/20, 17, 20, 10, 1, 2
2014/12/21, 37, 20, 10, 1, 3
2014/12/22, 73, 20, 9, 1, 2
2014/12/23, 69, 18, 10, 1, 3
2014/12/24, 52, 14, 11, , 3
2014/12/25, 31, 25, 4, , 2
2014/12/26, 16, 23, 6, , 2
2014/12/27, 33, 9, 12, , 3
2014/12/28, 54, 22, 5, 1, 2
2014/12/29, 12, , , , 
2014/7/2, 50, 33, 4, , 1
2014/7/3, 33, 20, 3, , 1
2014/7/4, 19, 20, 2, 1, 1
2014/7/5, 13, 23, 1, 2, 1
2014/7/6, 23, 37, 2, 1, 1
2014/7/7, 27, 22, 3, 1, 1
2014/7/8, 46, 20, 3, 1, 1
2014/7/9, 41, 18, 1, , 1
2014/7/10, 30, 19, 1, , 
2014/7/11, 39, 25, 3, 1, 1
2014/7/12, 19, 39, 3, 1, 1
2014/7/13, 21, 34, 2, 1, 1
2014/7/14, 51, 19, 2, 1, 1
2014/7/15, 38, 19, 4, , 1
2014/7/16, 23, 24, 2, , 1
2014/7/17, 32, 16, 1, , 1
2014/7/18, 18, 20, 2, 1, 1
2014/7/19, 23, 32, 3, 1, 1
2014/7/20, 23, 38, 3, 1, 1
2014/7/21, 44, 33, 4, 1, 2
2014/7/22, 36, 40, 2, 1, 1
2014/7/23, 45, 36, 2, 1, 1
2014/7/24, 38, 16, 1, 1, 1
2014/7/25, 19, 30, 2, 1, 1
2014/7/26, 58, 33, 2, 1, 1
2014/7/27, 23, 28, 1, 1, 1
2014/7/28, 35, 11, 1, , 1
2014/7/29, 22, 14, 1, 1, 1
2014/7/30, 10, 23, 4, 1, 1
2014/7/31, 23, 27, 8, 1, 2
2014/8/1, 30, 34, 4, 1, 2
2014/8/2, 40, 38, 3, 1, 2
2014/8/3, 56, 23, 2, 1, 1
2014/8/4, 45, 31, 2, 1, 2
2014/8/5, 40, 17, 2, 1, 2
2014/8/6, 38, 27, 1, 1, 1
2014/8/7, 28, 17, 1, 1, 1
2014/8/8, 22, 19, 1, 1, 1
2014/8/9, 22, 19, 1, 1, 1
2014/8/10, 22, 23, 2, 1, 1
2014/8/11, 29, 28, 3, 1, 2
2014/8/12, 33, 23, 4, 1, 1
2014/8/13, 27, 22, 2, 1, 1
2014/8/14, 19, 12, 1, , 1
2014/8/15, 12, 13, 1, 1, 1
2014/8/16, 14, 22, 2, 1, 1
2014/8/17, 23, 9, 1, 1, 1
2014/8/18, 21, 21, 1, 1, 1
2014/8/19, 19, 26, 3, 1, 1
2014/8/20, 23, 30, 4, 1, 2
2014/8/21, 31, 25, 3, 1, 2
2014/8/22, 33, 25, 2, 1, 1
2014/8/23, 20, 22, 1, 1, 1
2014/8/24, 22, 20, 3, 1, 1
2014/8/25, 23, 25, 3, 1, 1
2014/8/26, 26, 36, 4, 1, 2
2014/8/27, 26, 25, 1, 1, 1
2014/8/28, 26, 17, 1, 1, 1
2014/8/29, 11, 16, 2, 1, 1
2014/8/30, 11, 36, 2, 1, 1
2014/8/31, 21, 22, 2, 1, 1
2014/9/1, 46, 23, 1, 1, 1
2014/9/2, 17, 20, 4, 1, 1
2014/9/3, 29, 24, 3, 1, 1
2014/9/4, 19, 39, 6, , 1
2014/9/5, 33, 34, 5, , 1
2014/9/6, 54, 26, 1, , 1
2014/9/7, 17, 18, 2, , 1
2014/9/8, 14, 22, 6, , 1
2014/9/9, 21, 27, 6, 1, 1
2014/9/10, 19, 23, 6, 1, 1
2014/9/11, 25, 22, 1, , 1
2014/9/12, 15, 21, 2, , 1
2014/9/13, 14, 14, 3, , 1
2014/9/14, 23, 16, 1, , 1
2014/9/15, 6, 23, 5, , 1
2014/9/16, 15, 20, 2, , 1
2014/9/17, 18, 20, 5, , 1
2014/9/18, 20, 17, 1, 1, 1
2014/9/19, 18, 19, 5, , 1
2014/9/20, 28, 32, 5, , 1
2014/9/21, 48, 31, 2, , 1
2014/9/22, 41, 14, 1, , 1
2014/9/23, 8, 11, 5, , 1
2014/9/24, 27, 17, 9, , 2
2014/9/25, 34, 26, 8, , 2
2014/9/26, 37, 31, 6, , 1
2014/9/27, 27, 27, 5, , 2
2014/9/28, 38, 30, 6, 1, 2
2014/9/29, 44, 19, 4, , 1
2014/9/30, 49, 10, 3, , 1
2014/10/1, 34, 16, 3, , 1
2014/4/2, 33, 31, 7, 1, 2
2014/4/3, 25, 33, 4, 1, 1
2014/4/4, 17, 32, 4, 1, 1
2014/4/5, 25, 29, 4, , 1
2014/4/6, 24, 37, 4, 1, 1
2014/4/7, 26, 39, 15, 2, 3
2014/4/8, 39, 37, 6, , 2
2014/4/9, 15, 35, 4, , 1
2014/4/10, 20, 44, 10, 2, 2
2014/4/11, 34, 33, 7, 1, 2
2014/4/12, 29, 37, 13, , 3
2014/4/13, 37, 31, 4, 3, 2
2014/4/14, 37, 34, 6, 1, 2
2014/4/15, 52, 26, 3, , 1
2014/4/16, 14, 28, 4, 1, 1
2014/4/17, 13, 29, 10, 1, 2
2014/4/18, 23, 34, 8, , 2
2014/4/19, 40, 36, 5, , 2
2014/4/20, 26, 38, 7, 2, 2
2014/4/21, 33, 36, 14, 2, 2
2014/4/22, 41, 27, 10, 1, 3
2014/4/23, 60, 35, 2, , 1
2014/4/24, 12, 39, 3, 1, 2
2014/4/25, 16, 37, 6, 1, 2
2014/4/26, 23, 33, 4, 2, 2
2014/4/27, 23, 32, 2, 1, 1
2014/4/28, 16, 33, 3, 1, 1
2014/4/29, 17, 31, 3, 2, 2
2014/4/30, 15, 30, 3, , 2
2014/5/1, 19, 28, 6, 1, 2
2014/5/2, 15, 25, 6, 1, 2
2014/5/3, 22, 28, 5, 1, 2
2014/5/4, 27, 27, 4, 1, 2
2014/5/5, 15, 25, 2, 1, 1
2014/5/6, 9, 34, 2, 1, 1
2014/5/7, 15, 37, 4, 2, 1
2014/5/8, 21, 34, 8, 1, 2
2014/5/9, 33, 28, 6, 2, 2
2014/5/10, 26, 37, 4, , 2
2014/5/11, 34, 38, 2, , 1
2014/5/12, 16, 33, 3, 3, 1
2014/5/13, 15, 24, 4, 2, 1
2014/5/14, 17, 32, 8, 1, 2
2014/5/15, 43, 32, 9, 1, 2
2014/5/16, 45, 27, 5, 1, 1
2014/5/17, 22, 26, 2, 1, 1
2014/5/18, 14, 36, 2, 1, 1
2014/5/19, 16, 39, 4, 2, 1
2014/5/20, 29, 34, 6, 2, 2
2014/5/21, 37, 40, 7, 1, 1
2014/5/22, 43, 35, 5, 1, 1
2014/5/23, 24, 30, 5, 1, 2
2014/5/24, 28, 28, 3, 1, 1
2014/5/25, 21, 28, 5, , 2
2014/5/26, 29, 39, 4, 1, 2
2014/5/27, 22, 21, 5, , 2
2014/5/28, 47, 22, 2, , 1
2014/5/29, 10, 23, 5, 1, 1
2014/5/30, 15, 33, 4, , 1
2014/5/31, 13, 29, 2, 1, 1
2014/6/1, 17, 33, 5, 1, 2
2014/6/2, 37, 49, 5, 1, 2
2014/6/3, 41, 39, 5, , 2
2014/6/4, 43, 24, 3, , 1
2014/6/5, 18, 16, 3, , 1
2014/6/6, 8, 15, 2, , 1
2014/6/7, 12, 31, 4, 6, 1
2014/6/8, 30, 37, 4, 1, 2
2014/6/9, 34, 32, 2, 1, 1
2014/6/10, 22, 35, 3, 1, 1
2014/6/11, 24, 29, 5, 1, 1
2014/6/12, 25, 21, 6, 1, 2
2014/6/13, 13, 29, 5, , 2
2014/6/14, 15, 20, 1, 1, 1
2014/6/15, 16, 26, 2, 1, 1
2014/6/16, 13, 28, 4, 2, 1
2014/6/17, 18, 32, 7, 1, 2
2014/6/18, 25, 27, 2, 1, 1
2014/6/19, 25, 22, 1, 1, 1
2014/6/20, 15, 20, 2, 2, 1
2014/6/21, 12, 21, 3, 2, 1
2014/6/22, 18, 21, 3, 3, 1
2014/6/23, 24, 29, 6, 2, 2
2014/6/24, 24, 22, 8, 1, 2
2014/6/25, 28, 19, 2, , 1
2014/6/26, 21, 24, 2, 1, 1
2014/6/27, 30, 35, 3, 3, 1
2014/6/28, 28, 33, 5, 1, 2
2014/6/29, 31, 39, 5, 1, 2
2014/6/30, 46, 35, 3, 1, 1
2014/7/1, 47, 34, 3, 1, 1
2014/1/2, 45, 19, 5, , 1
2014/1/3, 18, 19, 9, 2, 1
2014/1/4, 22, 15, 21, 1, 3
2014/1/5, 50, 23, 17, 2, 3
2014/1/6, 72, 22, 8, 1, 2
2014/1/7, 32, 22, 6, 2, 1
2014/1/8, 16, 22, 13, 1, 2
2014/1/9, 36, 23, 14, , 2
2014/1/10, 35, 13, 22, 2, 3
2014/1/11, 56, 12, 21, 1, 3
2014/1/12, 76, 20, 6, , 2
2014/1/13, 25, 16, 16, 1, 2
2014/1/14, 40, 19, 11, , 2
2014/1/15, 35, 16, 19, 1, 2
2014/1/16, 33, 20, 13, , 2
2014/1/17, 24, 17, 14, , 2
2014/1/18, 49, 17, 15, , 2
2014/1/20, 30, 24, 4, , 1
2014/1/21, 13, 22, 6, 1, 1
2014/1/23, 14, 22, 6, 1, 1
2014/1/24, 14, 22, 11, 1, 1
2014/1/25, 18, 25, 7, 2, 1
2014/1/26, 27, 23, 5, , 1
2014/1/27, 28, 21, 10, 1, 2
2014/1/28, 36, 16, 17, , 2
2014/1/29, 26, 21, 14, 1, 2
2014/1/30, 40, 22, 15, 2, 2
2014/1/31, 46, 25, 10, 2, 2
2014/2/1, 39, 24, 16, , 2
2014/2/2, 49, 25, 11, 2, 2
2014/2/3, 47, 20, 21, 1, 3
2014/2/4, 32, 26, 18, , 2
2014/2/5, 40, 26, 12, , 2
2014/2/6, 34, 22, 12, , 1
2014/2/7, 21, 24, 10, 1, 1
2014/2/8, 39, 26, 11, 1, 2
2014/2/9, 46, 27, 12, , 2
2014/2/10, 52, 27, 12, , 2
2014/2/11, 44, 22, 15, 1, 2
2014/2/12, 35, 18, 21, 2, 3
2014/2/13, 58, 24, 19, 1, 2
2014/2/14, 55, 28, 7, 1, 2
2014/2/15, 32, 28, 10, 1, 2
2014/2/16, 37, 28, 3, , 1
2014/2/17, 15, 26, 10, , 2
2014/2/18, 24, 24, 14, 1, 2
2014/2/19, 40, 26, 23, 1, 3
2014/2/20, 73, 32, 18, 1, 3
2014/2/21, 71, 30, 10, 1, 2
2014/2/22, 42, 33, 5, , 1
2014/2/23, 23, 33, 6, , 1
2014/2/24, 21, 31, 3, 3, 1
2014/2/25, 23, 25, 10, 2, 1
2014/2/26, 31, 28, 11, 1, 2
2014/2/27, 24, 30, 9, 1, 2
2014/2/28, 32, 25, 8, 1, 1
2014/3/1, 32, 32, 12, 2, 2
2014/3/2, 45, 30, 7, 1, 1
2014/3/3, 29, 24, 9, 1, 2
2014/3/4, 31, 25, 13, 1, 2
2014/3/5, 30, 28, 12, 2, 2
2014/3/6, 41, 25, 15, 1, 2
2014/3/7, 32, 31, 22, 2, 3
2014/3/8, 57, 35, 12, 1, 2
2014/3/9, 37, 32, 4, , 1
2014/3/10, 20, 37, 13, 1, 2
2014/3/11, 60, 29, 9, , 2
2014/3/12, 51, 29, 4, 1, 1
2014/3/13, 15, 27, 3, , 1
2014/3/14, 15, 28, 17, 1, 2
2014/3/15, 38, 33, 6, 1, 2
2014/3/16, 39, 26, 3, 1, 1
2014/3/17, 16, 28, 12, 3, 2
2014/3/18, 20, 28, 13, 1, 2
2014/3/19, 43, 29, 11, 2, 2
2014/3/20, 36, 31, 9, 1, 2
2014/3/21, 22, 32, 5, 1, 1
2014/3/22, 19, 32, 13, , 2
2014/3/23, 33, 29, 2, , 1
2014/3/24, 17, 29, 9, 2, 1
2014/3/25, 27, 34, 13, , 2
2014/3/26, 40, 34, 4, , 1
2014/3/27, 21, 32, 12, 1, 2
2014/3/28, 32, 29, 16, 1, 3
2014/3/29, 59, 34, 4, 1, 2
2014/3/30, 35, 36, 4, 1, 1
2014/3/31, 18, 34, 6, 1, 1
2014/4/1, 22, 39, 8, 1, 2
2020/4/1, , 34, 6, , 1
2020/1/1, , 26, 5, , 1
2019/7/21, , 24, , , 1
2019/7/22, , 28, 2, , 1
2019/7/23, , 19, 2, , 1
2019/7/24, , 18, 1, , 1
2019/5/15, , 23, 5, , 1
2019/1/1, , 27, 3, , 1
2018/7/25, , 29, 3, , 1
2017/9/10, , 12, 7, , 2
2017/4/4, , 28, 6, , 2
2016/11/9, , 18, 8, , 2
2016/4/18, , 33, 2, , 1
2015/11/15, , 12, 7, , 1
2016/1/3, , 25, 1, , 1
2015/7/18, , 27, 2, , 1
2015/1/1, , 21, 6, 1, 1
2015/1/17, , 23, 11, 1, 2
2015/3/11, , 31, 6, 1, 1
2014/1/1, , 21, 11, 2, 2
2014/1/19, , 21, 7, 1, 2
2014/1/22, , 20, 6, , 1
