date, pm25, pm10, o3, no2, so2
2021/5/19, 55, 38, 24, 7, 
2021/5/20, 70, 39, 23, 9, 
2021/5/21, 64, 46, 26, 9, 
2021/5/22, 75, 56, , 12, 
2021/4/2, 37, 15, 30, 8, 
2021/4/3, 24, 23, 29, 8, 
2021/4/4, 31, 24, 32, 8, 
2021/4/5, 35, 27, 33, 7, 
2021/4/6, 21, 20, 11, 6, 
2021/3/2, 33, 25, 21, 4, 
2021/3/3, 37, 24, 17, 5, 
2021/3/4, 36, 31, 19, 4, 
2021/3/5, 40, 18, 6, 3, 
2021/3/6, 19, 10, 12, 1, 
2021/3/7, 17, 18, 16, 2, 
2021/3/8, 21, 20, 23, 4, 
2021/3/9, 26, 29, 33, 8, 
2021/3/10, 39, 26, 43, 12, 
2021/3/11, 34, 36, 16, 15, 
2021/3/12, 55, 29, 29, 13, 
2021/3/13, 44, 35, 39, 12, 
2021/3/14, 57, 25, 36, 9, 
2021/3/15, 42, 36, 39, 12, 
2021/3/16, 49, 35, 39, 11, 
2021/3/17, 56, 33, 29, 11, 
2021/3/18, 47, 24, 22, 10, 
2021/3/19, 36, 25, 42, 11, 
2021/3/20, 39, 24, 35, 9, 
2021/3/21, 39, 28, 27, 9, 
2021/3/22, 42, 30, 37, 10, 
2021/3/23, 43, 35, 44, 12, 
2021/3/24, 58, 37, 50, 12, 
2021/3/25, 58, 33, 50, 12, 
2021/3/26, 47, 41, 42, 13, 
2021/3/27, 55, 43, 44, 11, 
2021/3/28, 63, 28, 41, 8, 
2021/3/29, 39, 33, 39, 10, 
2021/3/30, 46, 31, 28, 11, 
2021/3/31, 42, 20, 23, 11, 
2021/4/1, 30, 24, 26, 11, 
2021/2/2, 32, 28, 29, 4, 
2021/2/3, 41, 22, 34, 4, 
2021/2/4, 36, 36, 31, 6, 
2021/2/5, 62, 22, 9, 8, 
2021/2/6, 37, 19, 19, 3, 
2021/2/7, 30, 18, 24, 2, 
2021/2/8, 25, 23, 32, 5, 
2021/2/9, 30, 26, 32, 5, 
2021/2/10, 31, 21, 30, 5, 
2021/2/11, 34, 22, 14, 6, 
2021/2/12, 35, 15, 17, 6, 
2021/2/13, 26, 12, 14, 2, 
2021/2/14, 19, 15, 17, 2, 
2021/2/15, 20, 20, 20, 5, 
2021/2/16, 28, 29, 22, 6, 
2021/2/17, 34, 27, 22, 5, 
2021/2/18, 39, 22, 24, 4, 
2021/2/19, 31, 31, 33, 6, 
2021/2/20, 50, 31, 41, 4, 
2021/2/21, 49, 28, 36, 2, 
2021/2/22, 38, 24, 37, 5, 
2021/2/23, 37, 27, 30, 4, 
2021/2/24, 37, 37, 29, 5, 
2021/2/25, 48, 21, 27, 3, 
2021/2/26, 34, 20, 29, 5, 
2021/2/27, 37, 15, 25, 3, 
2021/2/28, 28, 14, 16, 2, 
2021/3/1, 24, 21, 21, 4, 
2021/1/5, 24, 28, 27, 6, 
2021/1/6, 40, 28, 22, 4, 
2021/1/7, 35, 23, 19, 4, 
2021/1/8, 28, 20, 19, 3, 
2021/1/9, 30, 19, 29, 3, 
2021/1/10, 39, 24, 25, 2, 
2021/1/11, 41, 21, 30, 3, 
2021/1/12, 38, 23, 24, 5, 
2021/1/13, 41, 19, 32, 7, 
2021/1/14, 37, 16, 21, 5, 
2021/1/15, 28, 18, 21, 4, 
2021/1/16, 28, 17, 17, 2, 
2021/1/17, 30, 15, 15, 2, 
2021/1/18, 20, 16, 21, 3, 
2021/1/19, 23, 22, 29, 4, 
2021/1/20, 31, 25, 30, 4, 
2021/1/21, 36, 24, 35, 3, 
2021/1/22, 36, 25, 33, 2, 
2021/1/23, 42, 30, 30, 2, 
2021/1/24, 43, 30, 26, 3, 
2021/1/25, 54, 27, 26, 5, 
2021/1/26, 40, 22, 25, 4, 
2021/1/27, 33, 28, 23, 6, 
2021/1/28, 42, 22, 21, 5, 
2021/1/29, 34, 27, 29, 5, 
2021/1/30, 43, 24, 34, 2, 
2021/1/31, 36, 18, 32, 1, 
2021/2/1, 28, 25, 27, 4, 
2020/10/2, 96, 72, 48, 12, 
2020/10/3, 104, 78, 53, 10, 
2020/10/4, 107, 28, 37, 2, 
2020/10/5, 37, 53, 48, 9, 
2020/10/6, 70, 75, 53, 10, 
2020/10/7, 110, 84, 49, 13, 
2020/10/8, 112, 59, 42, 8, 
2020/10/9, 87, 28, 34, 7, 
2020/10/10, 56, 24, 30, 5, 
2020/10/11, 40, 26, 38, 3, 
2020/10/12, 33, 36, 38, 5, 
2020/10/13, 49, 56, 46, 8, 
2020/10/14, 73, 58, 61, 9, 
2020/10/15, 84, 33, 23, 7, 
2020/10/16, 62, 18, 16, 5, 
2020/10/17, 30, 21, 38, 4, 
2020/10/18, 33, 37, 39, 3, 
2020/10/19, 44, 40, 31, 4, 
2020/10/20, 49, 20, 31, 3, 
2020/10/21, 35, 28, 49, 5, 
2020/10/22, 45, 31, 44, 5, 
2020/10/23, 43, 25, 35, 4, 
2020/10/24, 39, 29, 24, 6, 
2020/10/25, 45, 26, 33, 3, 
2020/10/26, 42, 27, 39, 8, 
2020/10/27, 39, 46, 37, 8, 
2020/10/28, 49, 46, 37, 11, 
2020/10/29, 47, 62, 46, 12, 
2020/10/30, 75, 19, 17, 6, 
2020/10/31, 35, 9, 32, 3, 
2020/11/1, 13, 13, 22, 1, 
2020/11/2, 20, 19, 27, 3, 
2020/11/3, 31, 33, 34, 5, 
2020/11/4, 31, 29, 30, 6, 
2020/11/5, 39, 18, 35, 4, 
2020/11/6, 28, 23, 6, 8, 
2020/11/7, 35, , , , 
2020/11/10, 60, 19, 31, 5, 
2020/11/11, 32, 32, 39, 7, 
2020/11/12, 52, 24, 31, 5, 
2020/11/13, 43, 30, 34, 6, 
2020/11/14, 49, 26, 36, 3, 
2020/11/15, 41, 21, 35, 4, 
2020/11/16, 31, 22, 28, 5, 
2020/11/17, 31, 31, 32, 6, 
2020/11/18, 41, 16, 27, 5, 
2020/11/19, 29, 15, 19, 5, 
2020/11/20, 26, 11, 35, 3, 
2020/11/21, 14, , , , 
2020/11/24, 39, 30, 41, 5, 
2020/11/25, 39, 37, 39, 7, 
2020/11/26, 49, 37, 26, 5, 
2020/11/27, 44, 41, 47, 7, 
2020/11/28, 55, 30, 41, 4, 
2020/11/29, 48, 30, 32, 4, 
2020/11/30, 43, 27, 16, 8, 
2020/12/1, 42, 21, 10, 4, 
2020/12/2, 33, 17, 38, 3, 
2020/12/3, 30, 28, 28, 5, 
2020/12/4, 29, 23, 35, 5, 
2020/12/5, 37, 23, 39, 5, 
2020/12/6, 41, 12, 30, 3, 
2020/12/7, 24, 17, 26, 5, 
2020/12/8, 29, 14, 23, 4, 
2020/12/9, 23, 21, 33, 6, 
2020/12/10, 35, 31, 48, 6, 
2020/12/11, 48, 26, 16, 5, 
2020/12/12, 38, 16, 22, 3, 
2020/12/13, 29, 15, 18, 2, 
2020/12/14, 23, 22, 14, 5, 
2020/12/15, 31, 24, 24, 4, 
2020/12/16, 32, 25, 28, 4, 
2020/12/17, 37, 16, 32, 3, 
2020/12/18, 24, 19, 28, 4, 
2020/12/19, 27, 24, 30, 3, 
2020/12/20, 33, 14, 29, 2, 
2020/12/21, 22, 25, 31, 5, 
2020/12/22, 38, 16, 33, 4, 
2020/12/23, 31, 20, 41, 5, 
2020/12/24, 31, 15, 32, 3, 
2020/12/25, 24, 14, 25, 1, 
2020/12/26, 25, 12, 25, 1, 
2020/12/27, 23, 14, 7, 3, 
2020/12/28, 22, 13, 22, 3, 
2020/12/29, 26, 16, 23, 2, 
2020/12/30, 23, 20, 27, 3, 
2020/12/31, 30, 19, 16, 3, 
2021/1/1, 25, 13, 20, 2, 
2021/1/2, 21, 16, 25, 1, 
2021/1/3, 26, 12, 26, 1, 
2021/1/4, 23, 13, 25, 3, 
2020/7/2, 34, 33, 20, 9, 
2020/7/3, 42, 38, 22, 11, 
2020/7/4, 57, 46, 29, 9, 
2020/7/5, 66, 47, 24, 6, 
2020/7/6, 59, 50, 30, 9, 
2020/7/7, 64, 56, 26, 10, 
2020/7/8, 73, 54, 23, 9, 
2020/7/9, 56, 28, 20, 5, 
2020/7/10, 41, 49, 32, 12, 
2020/7/11, 73, 54, 27, 9, 
2020/7/12, 62, 52, 24, 6, 
2020/7/13, 58, 60, 25, 12, 
2020/7/14, 64, 44, 23, 11, 
2020/7/15, 67, 30, 25, 9, 
2020/7/16, 47, 49, 28, 11, 
2020/7/17, 64, 60, 32, 9, 
2020/7/18, 75, 53, 34, 7, 
2020/7/19, 70, 45, 27, 5, 
2020/7/20, 53, 46, 23, 12, 
2020/7/21, 63, 53, 23, 8, 
2020/7/22, 58, 56, 34, 11, 
2020/7/23, 65, 52, 31, 10, 
2020/7/24, 67, 56, 26, 10, 
2020/7/25, 60, 52, 27, 7, 
2020/7/26, 59, 47, 37, 5, 
2020/7/27, 65, 47, 23, 8, 
2020/7/28, 55, 57, 22, 11, 
2020/7/29, 56, 46, 35, 8, 
2020/7/30, 50, 20, 20, 6, 
2020/7/31, 22, 26, 30, 7, 
2020/8/1, 33, 37, 30, 7, 
2020/8/2, 51, 39, 30, 4, 
2020/8/3, 54, 45, 11, 7, 
2020/8/4, 60, 55, 45, 11, 
2020/8/5, 74, 57, 37, 9, 
2020/8/6, 74, 59, 27, 13, 
2020/8/7, 79, 54, 32, 12, 
2020/8/8, 70, 55, 25, 10, 
2020/8/9, 68, 55, 35, 5, 
2020/8/10, 71, 50, 26, 9, 
2020/8/11, 56, 54, 25, 10, 
2020/8/12, 62, 65, 30, 12, 
2020/8/13, 72, 75, 25, 8, 
2020/8/14, 70, 81, 39, 11, 
2020/8/15, 82, 68, 28, 6, 
2020/8/16, 65, 29, 26, 5, 
2020/8/17, 45, 20, 11, 8, 
2020/8/18, 39, 24, 12, 10, 
2020/8/19, 44, 27, 28, 5, 
2020/8/20, 44, 14, 14, 5, 
2020/8/21, 21, 7, 11, 7, 
2020/8/22, 15, 10, 21, 4, 
2020/8/23, 17, 12, 25, 3, 
2020/8/24, 20, 22, 28, 5, 
2020/8/25, 27, 29, 31, 8, 
2020/8/26, 38, 33, 31, 9, 
2020/8/27, 43, 57, 40, 15, 
2020/8/28, 71, 54, 35, 12, 
2020/8/29, 65, 55, 34, 9, 
2020/8/30, 63, 54, 33, 7, 
2020/8/31, 65, 44, 51, 6, 
2020/9/1, 57, 44, 41, 7, 
2020/9/2, 57, 36, 38, 5, 
2020/9/3, 55, 56, 33, 9, 
2020/9/4, 67, 71, 39, 12, 
2020/9/5, 83, 58, 48, 8, 
2020/9/6, 72, 71, 39, 7, 
2020/9/7, 95, 76, 60, 7, 
2020/9/8, 102, 62, 56, 9, 
2020/9/9, 87, 68, 51, 10, 
2020/9/10, 88, 71, 43, 9, 
2020/9/11, 88, 91, 57, 14, 
2020/9/12, 113, 87, 47, 11, 
2020/9/13, 118, 86, 52, 7, 
2020/9/14, 119, 82, 45, 9, 
2020/9/15, 121, 45, 40, 7, 
2020/9/16, 53, 61, 46, 7, 
2020/9/17, 78, 93, 41, 13, 
2020/9/18, 115, 78, 36, 15, 
2020/9/19, 106, 114, 53, 16, 
2020/9/20, 151, 40, 29, 4, 
2020/9/21, 65, 17, 15, 6, 
2020/9/22, 22, 24, 16, 6, 
2020/9/23, 18, 17, 33, 6, 
2020/9/24, 28, 36, 38, 8, 
2020/9/25, 52, 38, 46, 9, 
2020/9/26, 60, 50, 48, 6, 
2020/9/27, 62, 67, 5, 10, 
2020/9/28, 75, 78, 39, 9, 
2020/9/29, 83, 60, 72, 11, 
2020/9/30, 98, 57, 46, 10, 
2020/10/1, 77, 61, 48, 8, 
2020/4/2, 53, 36, 17, 5, 
2020/4/3, 56, 36, 24, 4, 
2020/4/4, 46, 23, 31, 4, 
2020/4/5, 31, 30, 34, 2, 
2020/4/6, 47, 36, 35, 5, 
2020/4/7, 54, 19, 23, 2, 
2020/4/8, 28, 15, 19, 2, 
2020/4/9, 21, 22, 31, 4, 
2020/4/10, 31, 25, 29, 3, 
2020/4/11, 39, 30, 33, 3, 
2020/4/12, 47, 29, 31, 2, 
2020/4/13, 46, 31, 29, 4, 
2020/4/14, 46, 28, 9, 6, 
2020/4/15, 47, 23, 19, 6, 
2020/4/16, 28, 23, 25, 5, 
2020/4/17, 36, 40, 39, 6, 
2020/4/18, 54, 29, 31, 3, 
2020/4/19, 38, 30, 23, 3, 
2020/4/20, 39, 30, 23, 5, 
2020/4/21, 44, 34, 29, 4, 
2020/4/22, 52, 38, 27, 6, 
2020/4/23, 54, 49, 36, 8, 
2020/4/24, 71, 46, 30, 6, 
2020/4/25, 70, 52, 33, 6, 
2020/4/26, 73, 47, 34, 5, 
2020/4/27, 67, 38, 39, 5, 
2020/4/28, 55, 39, 27, 6, 
2020/4/29, 56, 52, 29, 7, 
2020/4/30, 58, 57, 35, 8, 
2020/5/1, 65, 60, 41, 8, 
2020/5/2, 73, 58, 1, 9, 
2020/5/3, 71, 28, 25, 2, 
2020/5/4, 36, 40, 23, 7, 
2020/5/5, 53, 64, 28, 10, 
2020/5/6, 71, 61, 28, 7, 
2020/5/7, 70, 23, 15, 4, 
2020/5/8, 28, 29, 27, 6, 
2020/5/9, 36, 39, 27, 5, 
2020/5/10, 55, 46, 27, 4, 
2020/5/11, 55, 51, 26, 5, 
2020/5/12, 55, 64, 26, 10, 
2020/5/13, 71, 59, 17, 9, 
2020/5/14, 64, 47, 17, 7, 
2020/5/15, 60, 22, 20, 7, 
2020/5/16, 28, 30, 22, 5, 
2020/5/17, 46, 33, 32, 4, 
2020/5/18, 49, 47, 36, 8, 
2020/5/19, 65, 56, 24, 8, 
2020/5/20, 73, 39, 21, 6, 
2020/5/21, 53, 50, 23, 7, 
2020/5/22, 59, 51, 20, 7, 
2020/5/23, 54, 21, 9, 3, 
2020/5/24, 27, 13, 12, 2, 
2020/5/25, 20, 24, 20, 4, 
2020/5/26, 27, 29, 21, 7, 
2020/5/27, 34, 38, 22, 10, 
2020/5/28, 50, 40, 29, 8, 
2020/5/29, 62, 47, 29, 10, 
2020/5/30, 69, 49, 32, 8, 
2020/5/31, 64, 50, 30, 7, 
2020/6/1, 65, 58, 32, 9, 
2020/6/2, 70, 68, 17, 12, 
2020/6/3, 93, 39, 26, 9, 
2020/6/4, 71, 25, 26, 7, 
2020/6/5, 43, 31, 18, 5, 
2020/6/6, 51, 46, 20, 6, 
2020/6/7, 62, 15, 15, 2, 
2020/6/8, 24, 25, 17, 7, 
2020/6/9, 40, 28, 17, 6, 
2020/6/10, 39, 35, 20, 9, 
2020/6/11, 45, 49, 26, 8, 
2020/6/12, 55, 46, 29, 8, 
2020/6/13, 54, 46, 27, 7, 
2020/6/14, 58, 31, 10, 10, 
2020/6/15, 42, 30, 25, 6, 
2020/6/16, 36, 33, 24, 2, 
2020/6/17, 47, 29, 21, 1, 
2020/6/18, 43, 36, 19, 6, 
2020/6/19, 38, 39, 19, 8, 
2020/6/20, 44, 49, 27, 6, 
2020/6/21, 54, 42, 19, 6, 
2020/6/22, 50, 48, 23, 8, 
2020/6/23, 50, 49, 21, 9, 
2020/6/24, 55, 56, 19, 12, 
2020/6/25, 65, 58, 21, 8, 
2020/6/26, 57, 26, 11, 7, 
2020/6/27, 35, 10, 14, 3, 
2020/6/28, 17, 11, 19, 2, 
2020/6/29, 15, 25, 19, 6, 
2020/6/30, 33, 39, 21, 4, 
2020/7/1, 36, 31, 17, 6, 
2020/1/2, 37, 19, 23, 3, 
2020/1/3, 29, 13, 27, 3, 
2020/1/4, 23, 17, 25, 3, 
2020/1/5, 20, 11, 20, 6, 
2020/1/6, 20, 21, 21, 7, 
2020/1/7, 26, 21, 24, , 
2020/1/8, 32, 16, 14, , 
2020/1/9, 22, 20, 4, , 
2020/1/10, 32, 17, 1, , 
2020/1/11, 25, 27, , , 
2020/1/12, 35, 25, , , 
2020/1/13, 39, 16, , , 
2020/1/14, 28, 23, , , 
2020/1/15, 35, 28, , , 
2020/1/16, 47, 33, , , 
2020/1/17, 43, 14, , , 
2020/1/18, 21, 15, , , 
2020/1/19, 27, 17, , , 
2020/1/20, 30, 21, , , 
2020/1/21, 36, 27, , , 
2020/1/22, 37, 32, , , 
2020/1/23, 46, 20, 8, 17, 
2020/1/24, 42, 17, 21, 6, 
2020/1/25, 24, 14, 27, 3, 
2020/1/26, 21, 26, 37, 5, 
2020/1/27, 36, 33, 37, 10, 
2020/1/28, 41, , 37, 8, 
2020/1/29, 53, , 22, 4, 
2020/1/30, 28, , 13, 3, 
2020/1/31, 25, , 15, 3, 
2020/2/1, 20, , 13, 4, 
2020/2/2, 25, , 18, 5, 
2020/2/3, 29, , 18, 5, 
2020/2/4, 26, 25, 27, 6, 
2020/2/5, 29, 24, 31, 7, 
2020/2/6, 33, 20, 30, , 
2020/2/7, 24, 16, 24, , 
2020/2/8, 20, 17, 23, , 
2020/2/9, 20, 14, 15, , 
2020/2/10, 20, 9, 7, , 
2020/2/11, 14, 13, 21, , 
2020/2/12, 22, 14, 25, , 
2020/2/13, 21, 16, 26, , 
2020/2/14, 23, 21, 30, , 
2020/2/15, 31, 28, 35, , 
2020/2/16, 50, 29, 36, , 
2020/2/17, 51, 23, 36, , 
2020/2/18, 31, 25, 25, , 
2020/2/19, 34, 23, 22, , 
2020/2/20, 32, 24, 21, 4, 
2020/2/21, 37, 16, 15, 5, 
2020/2/22, 24, 20, 21, 4, 
2020/2/23, 30, 19, 29, 2, 
2020/2/24, 28, 18, 17, 3, 
2020/2/25, 29, 17, 15, 3, 
2020/2/26, 22, 15, 6, 3, 
2020/2/27, 18, 14, 23, 6, 
2020/2/28, 23, 19, 12, 9, 
2020/2/29, 32, 14, 19, 4, 
2020/3/1, 19, 12, 23, 2, 
2020/3/2, 15, 15, 27, 4, 
2020/3/3, 18, 15, 23, 4, 
2020/3/4, 21, 20, 27, 5, 
2020/3/5, 27, 24, 29, 5, 
2020/3/6, 38, 27, 42, 6, 
2020/3/7, 32, 33, 37, 5, 
2020/3/8, 41, 26, 29, 3, 
2020/3/9, 39, 30, 35, 6, 
2020/3/10, 48, 34, 33, 6, 
2020/3/11, 54, 40, 43, 7, 
2020/3/12, 60, 39, 41, 7, 
2020/3/13, 55, 40, 41, 8, 
2020/3/14, 60, 42, 34, 5, 
2020/3/15, 70, 32, 20, 4, 
2020/3/16, 53, 19, 24, 3, 
2020/3/17, 27, 16, 25, 3, 
2020/3/18, 25, 27, 32, 5, 
2020/3/19, 47, 23, 21, 4, 
2020/3/20, 34, 14, 19, 4, 
2020/3/21, 25, 13, 31, , 
2020/3/22, 23, 21, 8, , 
2020/3/23, 29, , , , 
2019/10/2, 66, 51, 55, 9, 
2019/10/3, 76, 59, 58, 10, 
2019/10/4, 81, 66, 63, 10, 
2019/10/5, 65, 52, 71, 9, 
2019/10/6, 73, 60, 57, 6, 
2019/10/7, 77, 50, 46, 3, 
2019/10/8, 33, 30, 25, 9, 
2019/10/9, 42, , , , 
2019/10/11, 38, 37, 43, 8, 
2019/10/12, 45, 43, 52, 7, 
2019/10/13, 58, 47, 46, 6, 
2019/10/14, 62, 61, 71, 9, 
2019/10/15, 87, 35, 34, 4, 
2019/10/16, 41, 38, 57, 5, 
2019/10/17, 44, 47, 66, 5, 
2019/10/18, 65, 47, 62, 6, 
2019/10/19, 70, 24, 43, 3, 
2019/10/20, 40, 18, 33, 3, 
2019/10/21, 23, 37, 24, 9, 
2019/10/22, 48, 30, 36, 5, 
2019/10/23, 44, 39, 48, 7, 
2019/10/24, 51, 42, 44, 7, 
2019/10/25, 59, 46, 46, 9, 
2019/10/26, 66, 51, 60, 5, 
2019/10/27, 70, 44, 42, 6, 
2019/10/28, 53, 29, 36, 5, 
2019/10/29, 35, 40, 47, 7, 
2019/10/30, 49, 35, 50, 6, 
2019/10/31, 48, 35, 49, 5, 
2019/11/1, 56, 34, 54, 6, 
2019/11/2, 53, 33, 41, 4, 
2019/11/3, 53, 38, 41, 4, 
2019/11/4, 53, 40, 48, 5, 4
2019/11/5, 52, 24, 37, 4, 2
2019/11/6, 32, 19, 32, 7, 5
2019/11/7, 34, 31, 37, 9, 5
2019/11/8, 49, 37, 22, 11, 2
2019/11/9, 62, 18, 4, 8, 
2019/11/10, 37, 21, 26, 5, 2
2019/11/11, 39, 19, 34, 7, 3
2019/11/12, 28, 18, 33, 5, 2
2019/11/13, 24, 25, 8, 2, 2
2019/11/14, 32, 23, , , 5
2019/11/15, 39, 21, , , 1
2019/11/16, 28, 25, , , 2
2019/11/17, 38, 24, , , 4
2019/11/18, 42, 26, 33, 1, 3
2019/11/19, 43, 23, 7, 5, 3
2019/11/20, 45, , , 5, 2
2019/11/22, 53, 32, 31, 9, 5
2019/11/23, 47, 30, 37, 7, 4
2019/11/24, 35, 19, 28, 2, 5
2019/11/25, 28, 24, 35, 4, 4
2019/11/26, 35, 36, 39, 8, 8
2019/11/27, 52, 31, 22, 6, 3
2019/11/28, 50, 9, 13, 3, 3
2019/11/29, 16, 22, 39, 2, 4
2019/11/30, 31, 30, 41, 8, 4
2019/12/1, 48, 12, 25, 5, 4
2019/12/2, 24, 19, 34, 7, 2
2019/12/3, 28, 29, 46, 8, 3
2019/12/4, 42, 31, 35, 7, 3
2019/12/5, 46, 22, 21, 9, 2
2019/12/6, 32, 19, 21, 9, 1
2019/12/7, 29, , 40, 5, 2
2019/12/8, 35, , , , 1
2019/12/11, 35, 22, 19, 6, 2
2019/12/12, 36, 22, 25, 7, 1
2019/12/13, 32, 28, 34, 6, 2
2019/12/14, 39, 20, 35, 4, 
2019/12/15, 37, 22, 24, 4, 
2019/12/16, 34, 23, 24, 5, 
2019/12/17, 28, 17, 30, 5, 
2019/12/18, 26, 13, 24, 5, 
2019/12/19, 20, 19, 37, 7, 
2019/12/20, 32, 24, 23, 8, 
2019/12/21, 45, 16, 30, 3, 
2019/12/22, 23, 13, 21, 3, 
2019/12/23, 16, 13, 19, 4, 
2019/12/24, 21, 19, 38, 5, 
2019/12/25, 30, 16, 32, 4, 
2019/12/26, 28, 25, 40, 6, 
2019/12/27, 43, 28, 48, 7, 
2019/12/28, 52, 28, 35, 5, 
2019/12/29, 46, 28, 32, 4, 
2019/12/30, 50, , , , 
2019/7/3, 89, 63, 25, 12, 
2019/7/4, 74, 22, 11, 8, 
2019/7/5, 41, 8, 10, 6, 
2019/7/6, 18, 10, 20, 4, 
2019/7/7, 23, 15, 27, 5, 
2019/7/8, 34, 15, 28, 5, 
2019/7/9, 39, 18, 25, 8, 
2019/7/10, 59, 26, 31, 6, 
2019/7/11, 65, 36, 28, 11, 
2019/7/12, 72, 44, 31, 12, 
2019/7/13, 76, 49, 36, 14, 
2019/7/14, 79, , 43, 11, 
2019/7/15, 72, , 34, 10, 
2019/7/16, 78, , 37, 11, 
2019/7/17, 38, , 20, 5, 
2019/7/18, 33, , 23, 8, 
2019/7/19, 39, 35, 26, 7, 
2019/7/20, 56, 35, 28, 9, 
2019/7/21, 58, 35, 31, 6, 
2019/7/22, 41, 28, 26, 4, 
2019/7/23, 41, 36, 25, 7, 
2019/7/24, 52, 38, 29, 8, 
2019/7/25, 62, 45, 28, 10, 
2019/7/26, 71, 44, 35, 8, 
2019/7/27, 66, 38, 28, 8, 
2019/7/28, 60, 43, 35, 7, 
2019/7/29, 75, 39, 38, 5, 
2019/7/30, 59, 38, 37, 9, 
2019/7/31, 69, 46, 30, 8, 
2019/8/1, 53, 29, 37, 9, 
2019/8/2, 58, 42, 35, 10, 
2019/8/3, 68, 54, 33, 11, 
2019/8/4, 22, 18, 17, 5, 
2019/8/5, 29, 14, 18, 4, 
2019/8/6, 27, 13, 18, 6, 
2019/8/7, 40, 25, 23, 9, 
2019/8/8, 38, 24, 25, 7, 
2019/8/9, 41, 27, 31, 8, 
2019/8/10, 58, 42, 35, 7, 
2019/8/11, 70, 56, 34, 11, 
2019/8/12, 87, 57, 64, 8, 
2019/8/13, 74, 51, 34, 10, 
2019/8/14, 72, 57, 41, 10, 
2019/8/15, 22, 22, 20, 5, 
2019/8/16, 38, 25, 31, 7, 
2019/8/17, 71, 46, 38, 9, 
2019/8/18, 70, 64, 32, 8, 
2019/8/22, 58, 35, 25, 7, 
2019/8/23, 39, 25, , 7, 
2019/8/24, 37, 25, 20, 9, 
2019/8/25, 44, 26, 38, 6, 
2019/8/26, 49, 27, 37, 5, 
2019/8/27, 52, 32, 41, 6, 
2019/8/28, 73, 47, 46, 9, 
2019/8/29, 67, 42, 46, 8, 
2019/8/30, 74, 52, 46, 13, 
2019/8/31, 75, 59, 40, 11, 
2019/9/1, 78, 66, 40, 8, 
2019/9/2, 49, 21, 20, 5, 
2019/9/3, 47, 18, 33, 7, 
2019/9/4, 59, 28, 33, 8, 
2019/9/5, 59, 26, 32, 9, 
2019/9/6, 20, 12, 20, 7, 
2019/9/7, 31, 17, 24, 8, 
2019/9/8, 47, 29, 40, 5, 
2019/9/9, 63, 44, 49, 5, 
2019/9/10, 65, 49, 45, 7, 
2019/9/11, 83, 51, 39, 12, 
2019/9/12, 73, 53, 52, 10, 
2019/9/13, 91, 68, 52, 15, 
2019/9/14, 73, 47, 57, 7, 
2019/9/15, 48, 32, 66, 6, 
2019/9/16, 68, 41, 71, 5, 
2019/9/17, 102, 67, 25, 12, 
2019/9/18, 135, 87, 57, 14, 
2019/9/19, 118, 98, 48, 10, 
2019/9/20, 111, 81, 53, 12, 
2019/9/21, 93, 67, 36, 10, 
2019/9/22, 42, 26, 34, 4, 
2019/9/23, 21, 17, 22, 3, 
2019/9/24, 31, 33, 27, 5, 
2019/9/25, 51, 41, 45, 7, 
2019/9/26, 62, 34, 14, 11, 
2019/9/27, 42, 21, 18, 11, 
2019/9/28, 43, 25, 27, 6, 
2019/9/29, 39, 22, 38, 5, 
2019/9/30, 45, 27, 37, 6, 
2019/10/1, 60, 41, 50, 8, 
2019/4/2, 53, 29, 39, 7, 
2019/4/3, 47, 40, 44, 9, 
2019/4/4, 66, 47, 50, 9, 
2019/4/5, 69, 43, 23, 6, 
2019/4/6, 57, 25, 27, 5, 
2019/4/7, 35, 12, 20, 2, 
2019/4/8, 30, 6, 17, 2, 
2019/4/9, 13, 12, 17, 4, 
2019/4/10, 24, 10, 32, 5, 
2019/4/11, 24, 16, 5, 4, 
2019/4/12, 30, , , , 
2019/4/17, 40, 27, 26, 7, 
2019/4/18, 44, 23, 29, 7, 
2019/4/19, 43, 24, 41, 6, 
2019/4/20, 51, 23, 43, 5, 
2019/4/21, 42, 25, 30, 6, 
2019/4/22, 48, 36, 30, 7, 
2019/4/23, 53, 38, 35, 7, 
2019/4/24, 67, 28, 38, 6, 
2019/4/25, 47, , , , 
2019/4/27, 60, 32, 30, 4, 
2019/4/28, 61, 30, 26, 2, 
2019/4/29, 42, 14, 19, 5, 
2019/4/30, 26, 29, 26, 8, 
2019/5/1, 56, 30, 37, 6, 
2019/5/2, 57, 49, 27, 10, 
2019/5/3, 78, 38, 33, 8, 
2019/5/4, 62, 45, 43, 7, 
2019/5/5, 66, 30, 27, 4, 
2019/5/6, 52, 40, 25, 7, 
2019/5/7, 53, 29, 25, 6, 
2019/5/8, 46, 15, 29, 6, 
2019/5/9, 29, 29, 29, 7, 
2019/5/10, 48, 32, 30, 6, 
2019/5/11, 55, 30, 20, 4, 
2019/5/12, 49, 24, 32, 4, 
2019/5/13, 41, 23, 31, 6, 
2019/5/14, 41, 29, 24, 5, 
2019/5/15, 51, 20, 22, 5, 
2019/5/16, 31, 17, 20, 6, 
2019/5/17, 25, 19, 12, 8, 
2019/5/18, 31, 10, 15, 5, 
2019/5/19, 26, 14, 20, 3, 
2019/5/20, 31, 14, 20, 5, 
2019/5/21, 30, 25, 29, 9, 
2019/5/22, 48, 30, 37, 10, 
2019/5/23, 57, 41, 34, 10, 
2019/5/24, 65, 35, 11, 8, 
2019/5/25, 51, 13, 19, 4, 
2019/5/26, 29, 18, 30, 4, 
2019/5/27, 37, 35, 30, 9, 
2019/5/28, 55, 44, 23, 9, 
2019/5/29, 59, 27, 33, 7, 
2019/5/30, 53, 33, 29, 9, 
2019/5/31, 60, 40, 23, 7, 
2019/6/1, 56, 28, 23, 6, 
2019/6/2, 44, 18, 17, 4, 
2019/6/3, 35, 12, 12, 5, 
2019/6/4, 24, 12, 20, 4, 
2019/6/5, 28, 12, 19, 6, 
2019/6/6, 23, 16, 25, 6, 
2019/6/7, 33, 22, 25, 8, 
2019/6/8, 39, 37, 33, 8, 
2019/6/9, 64, 22, 32, 4, 
2019/6/10, 49, 25, 27, 7, 
2019/6/11, 51, 34, 22, 12, 
2019/6/12, 59, 37, 23, 9, 
2019/6/13, 59, 37, 22, 7, 
2019/6/14, 51, 29, 26, 7, 
2019/6/15, 44, 37, 28, 5, 
2019/6/16, 54, 44, 38, 7, 
2019/6/17, 68, 46, 31, 9, 
2019/6/18, 80, 40, 25, 9, 
2019/6/19, 65, 53, 24, 11, 
2019/6/20, 73, 48, 34, 7, 
2019/6/21, 68, 30, 26, 7, 
2019/6/22, 56, 36, 26, 6, 
2019/6/23, 65, 39, 27, 6, 
2019/6/24, 62, 39, 25, 7, 
2019/6/25, 54, 48, 25, 10, 
2019/6/26, 61, 54, 24, 11, 
2019/6/27, 63, 34, 26, 7, 
2019/6/28, 56, 39, 35, 8, 
2019/6/29, 64, , , , 
2019/1/2, 46, 16, 23, 4, 
2019/1/3, 33, 18, 25, 4, 
2019/1/4, 33, 15, 25, 4, 
2019/1/5, 33, 9, 20, 3, 
2019/1/6, 17, 14, 25, 2, 
2019/1/7, 27, 14, 30, 3, 
2019/1/8, 24, 21, 31, 6, 
2019/1/9, 40, 22, 46, 5, 
2019/1/10, 44, 21, 36, 4, 
2019/1/11, 38, 22, 51, 6, 
2019/1/12, 42, 25, 40, 6, 
2019/1/13, 53, 18, 36, 2, 
2019/1/14, 30, 24, 36, 5, 
2019/1/15, 50, 22, 41, 4, 
2019/1/16, 38, 26, 37, 5, 
2019/1/17, 45, 19, 41, 4, 
2019/1/18, 34, 21, 48, 5, 
2019/1/19, 36, 23, 38, 4, 
2019/1/20, 41, 18, 38, 2, 
2019/1/21, 32, 17, 33, 4, 
2019/1/22, 30, 24, 41, 5, 
2019/1/23, 48, 22, 43, 4, 
2019/1/24, 47, 1, 16, 8, 
2019/1/25, 25, 20, 41, 5, 
2019/1/26, 42, 14, 36, 3, 
2019/1/27, 26, 12, 15, 3, 
2019/1/28, 27, 18, 35, 3, 
2019/1/29, 34, 26, 43, 6, 
2019/1/30, 48, 27, 47, 6, 
2019/1/31, 49, 32, 60, 7, 
2019/2/1, 59, 32, 48, 8, 
2019/2/2, 58, 36, 73, 7, 
2019/2/3, 68, 23, 39, 2, 
2019/2/4, 44, 12, 17, 3, 
2019/2/5, 21, 21, 35, 5, 
2019/2/6, 28, 8, 15, 6, 
2019/2/7, 22, 14, 34, 6, 
2019/2/8, 34, 23, 44, 9, 
2019/2/9, 55, 24, 49, 6, 
2019/2/10, 54, 20, 34, 4, 
2019/2/11, 43, 20, 28, 4, 
2019/2/12, 37, 12, 24, 4, 
2019/2/13, 23, 26, 19, 6, 
2019/2/14, 27, 19, 30, 6, 
2019/2/15, 27, 18, 21, 4, 
2019/2/16, 38, 7, 15, 3, 
2019/2/17, 18, 12, 17, 2, 
2019/2/18, 24, 15, 19, 4, 
2019/2/19, 20, 19, 20, 3, 
2019/2/20, 32, 19, 21, 5, 
2019/2/21, 33, 18, 18, 4, 
2019/2/22, 31, 15, 28, 3, 
2019/2/23, 23, 21, 27, 4, 
2019/2/24, 39, 21, 28, 3, 
2019/2/25, 30, 22, 24, 3, 
2019/2/26, 45, 14, 21, 5, 
2019/2/27, 27, 16, 24, 3, 
2019/2/28, 29, , , , 
2019/3/4, 29, 15, 24, 2, 
2019/3/5, 29, 17, 23, 3, 
2019/3/6, 31, 19, 31, 3, 
2019/3/7, 29, 21, 17, 6, 
2019/3/8, 38, 20, 30, 6, 
2019/3/9, 37, 22, 28, 4, 
2019/3/10, 38, 15, 27, 2, 
2019/3/11, 24, 13, 25, 5, 
2019/3/12, 26, 20, 31, 5, 
2019/3/13, 30, 15, 24, 4, 
2019/3/14, 26, 13, 25, 3, 
2019/3/15, 21, 21, 25, 5, 
2019/3/16, 26, 19, 36, 4, 
2019/3/17, 35, 15, 28, 2, 
2019/3/18, 30, 20, 24, 4, 
2019/3/19, 34, 20, 21, 4, 
2019/3/20, 29, 30, 25, 6, 
2019/3/21, 32, 27, 15, 4, 
2019/3/22, 17, 22, 26, 5, 
2019/3/23, 27, 16, 37, 5, 
2019/3/24, 31, 21, 34, 4, 
2019/3/25, 46, 24, 35, 6, 
2019/3/26, 51, 38, 60, 8, 
2019/3/27, 65, 30, 43, 5, 
2019/3/28, 52, 30, 25, 4, 
2019/3/29, 42, , , , 
2018/10/2, 55, 40, 39, 11, 
2018/10/3, 58, 49, 52, 9, 
2018/10/4, 72, 26, 30, 6, 
2018/10/5, 43, , , , 
2018/10/10, 47, 15, , 5, 
2018/10/11, 35, 13, , 5, 
2018/10/12, 17, 13, 28, 4, 
2018/10/13, 30, 32, 36, 5, 
2018/10/14, 54, 15, 39, 3, 
2018/10/15, 30, 16, 43, 5, 
2018/10/16, 38, , , , 
2018/10/18, 46, 19, 47, 4, 
2018/10/19, 33, 19, 29, 4, 
2018/10/20, 24, 18, 42, 3, 
2018/10/21, 26, 21, 35, 3, 
2018/10/22, 40, 28, 38, 6, 
2018/10/23, 44, 41, 49, 8, 
2018/10/24, 70, 17, 19, 8, 
2018/10/25, 38, 14, 18, 8, 
2018/10/26, 33, 21, 31, 5, 
2018/10/27, 39, 20, 20, 3, 
2018/10/28, 25, 11, 26, 1, 
2018/10/29, 22, 18, 33, 6, 
2018/10/30, 34, 30, 40, 8, 
2018/10/31, 55, 38, 32, 8, 
2018/11/1, 59, 26, 35, 7, 
2018/11/2, 42, 30, 50, 7, 
2018/11/3, 55, 29, 32, 4, 
2018/11/4, 48, 13, 33, 3, 
2018/11/5, 22, 18, 29, 5, 
2018/11/6, 28, 21, 32, 5, 
2018/11/7, 36, 22, 29, 6, 
2018/11/8, 41, 8, 13, 5, 
2018/11/9, 16, 8, 20, 3, 
2018/11/10, 15, 9, 21, 3, 
2018/11/11, 20, 16, 23, 4, 
2018/11/12, 31, 23, 34, 5, 
2018/11/13, 49, 30, 31, 5, 
2018/11/14, 47, 37, 20, 8, 
2018/11/15, 55, 27, 33, 4, 
2018/11/16, 39, 25, 52, 4, 
2018/11/17, 43, 21, 29, 3, 
2018/11/18, 33, 22, 23, 2, 
2018/11/19, 31, 5, 18, 4, 
2018/11/20, 13, 12, 27, 5, 
2018/11/21, 28, 15, 29, 4, 
2018/11/22, 27, 18, 26, 5, 
2018/11/23, 40, 18, 20, 5, 
2018/11/24, 34, 10, 20, 2, 
2018/11/25, 21, 8, 23, 1, 
2018/11/26, 18, 16, 39, 5, 
2018/11/27, 32, 19, 46, 5, 
2018/11/28, 37, 22, 38, 5, 
2018/11/29, 44, 25, 37, 6, 
2018/11/30, 52, 33, 42, 6, 
2018/12/1, 58, 8, 18, 6, 
2018/12/2, 19, 9, 28, , 
2018/12/3, 23, 11, 37, 5, 
2018/12/4, 26, 22, 36, 5, 
2018/12/5, 43, 34, 34, 7, 
2018/12/6, 51, 37, 49, 7, 
2018/12/7, 63, 29, 40, 6, 
2018/12/8, 52, 15, 24, 2, 
2018/12/9, 20, 17, 29, 2, 
2018/12/10, 25, 25, 30, 5, 
2018/12/11, 38, 30, 37, 6, 
2018/12/12, 48, 33, 36, 7, 
2018/12/13, 49, 34, 34, 6, 
2018/12/14, 49, 26, 38, 5, 
2018/12/15, 46, 24, 32, 4, 
2018/12/16, 41, 17, 42, 3, 
2018/12/17, 35, 31, 37, 6, 
2018/12/18, 53, 27, 38, 5, 
2018/12/19, 48, 23, 39, 4, 
2018/12/20, 30, 25, 56, 7, 
2018/12/21, 46, 30, 47, 5, 
2018/12/22, 49, 21, 38, 4, 
2018/12/23, 32, 10, 27, 2, 
2018/12/24, 28, 11, 32, 3, 
2018/12/25, 27, 15, 30, 1, 
2018/12/26, 27, 13, 32, 2, 
2018/12/27, 26, 15, 39, 4, 
2018/12/28, 36, 16, 33, 4, 
2018/12/29, 40, 18, 41, 4, 
2018/12/30, 43, 20, 42, 3, 
2018/12/31, 52, , , , 
2018/7/2, 76, 54, 29, 12, 
2018/7/3, 71, 64, 45, 11, 
2018/7/4, 87, 41, 32, 12, 
2018/7/5, 62, 62, 39, 12, 
2018/7/6, 85, 60, 47, 11, 
2018/7/7, 84, 59, 37, 10, 
2018/7/8, 96, 99, 31, 10, 
2018/7/9, 154, 60, 31, 9, 
2018/7/10, 91, 18, 16, 5, 
2018/7/11, 23, 27, 23, 7, 
2018/7/12, 40, 42, 24, 12, 
2018/7/13, 63, 76, 31, 20, 
2018/7/14, 124, 66, 34, 13, 
2018/7/15, 105, 52, 34, 8, 
2018/7/16, 87, 59, 41, 12, 
2018/7/17, 77, 71, 39, 18, 
2018/7/18, 103, 63, 30, 11, 
2018/7/19, 78, 56, 31, 10, 
2018/7/20, 64, 64, 31, 13, 
2018/7/21, 82, 67, 39, 11, 
2018/7/22, 89, 40, 38, 6, 
2018/7/23, 59, 49, 36, 9, 
2018/7/24, 79, 62, 38, 11, 
2018/7/25, 90, 45, 34, 8, 
2018/7/26, 66, 53, 33, 11, 
2018/7/27, 78, 62, 34, 11, 
2018/7/28, 77, 60, 33, 11, 
2018/7/29, 75, 64, 31, 9, 
2018/7/30, 84, 68, 35, 10, 
2018/7/31, 92, 18, 22, 7, 
2018/8/1, 40, 10, 11, 9, 
2018/8/2, 25, 18, 19, 11, 
2018/8/3, 42, 15, 4, 9, 
2018/8/4, 45, 11, 20, 6, 
2018/8/5, 33, 17, 18, 6, 
2018/8/6, 30, 13, 8, 13, 
2018/8/7, 37, 17, 23, 12, 
2018/8/8, 40, 31, 16, 11, 
2018/8/9, 61, 10, 14, 3, 
2018/8/10, 24, , , , 
2018/8/13, 43, 24, 29, 9, 
2018/8/14, 40, 35, 32, 13, 
2018/8/15, 58, 44, 34, 9, 
2018/8/16, 67, 26, 28, 8, 
2018/8/17, 45, 20, 27, 8, 
2018/8/18, 34, 27, 37, 6, 
2018/8/19, 44, 32, 35, 7, 
2018/8/20, 59, 44, 39, 10, 
2018/8/21, 64, 48, 42, 9, 
2018/8/22, 73, 41, 29, 8, 
2018/8/23, 55, 49, 40, 11, 
2018/8/24, 74, 49, 29, 11, 
2018/8/25, 64, 21, 22, 7, 
2018/8/26, 45, 13, 24, 5, 
2018/8/27, 32, 16, 27, 8, 
2018/8/28, 31, 34, 36, 8, 
2018/8/29, 49, 40, 34, 8, 
2018/8/30, 57, 43, 30, 9, 
2018/8/31, 52, 48, 32, 11, 
2018/9/1, 59, 54, 39, 8, 
2018/9/2, 74, 53, 37, 7, 
2018/9/3, 87, 24, 17, 5, 
2018/9/4, 37, 16, 17, 5, 
2018/9/5, 27, 17, 25, 6, 
2018/9/6, 24, 28, 36, 9, 
2018/9/7, 48, 37, 46, 8, 
2018/9/8, 59, 39, 52, 7, 
2018/9/9, 65, 40, 51, 6, 
2018/9/10, 75, 39, 49, 7, 
2018/9/11, 65, 46, 54, 8, 
2018/9/12, 66, 43, 43, 7, 
2018/9/13, 65, 47, 40, 6, 
2018/9/14, 68, 28, 15, 9, 
2018/9/15, 64, 27, 33, 7, 
2018/9/16, 58, 12, 34, 4, 
2018/9/17, 30, 12, 15, 4, 
2018/9/18, 29, 21, 22, 2, 
2018/9/19, 39, 21, 33, 10, 
2018/9/20, 41, 13, 26, 7, 
2018/9/21, 28, 14, 33, 8, 
2018/9/22, 31, 23, 43, 6, 
2018/9/23, 50, 38, 60, 7, 
2018/9/24, 66, 38, 57, 9, 
2018/9/25, 63, 43, 60, 6, 
2018/9/26, 76, 45, 44, 9, 
2018/9/27, 74, 36, 39, 11, 
2018/9/28, 67, 33, 36, 8, 
2018/9/29, 62, 26, 45, 2, 
2018/9/30, 50, 38, 33, 4, 
2018/10/1, 60, 30, 37, 7, 
2018/4/2, 33, 15, 16, 5, 
2018/4/3, 23, 17, 16, 4, 
2018/4/4, 26, 19, 36, 7, 
2018/4/5, 37, 28, 40, 8, 
2018/4/6, 51, 26, 35, 8, 
2018/4/7, 52, 25, 34, 5, 
2018/4/8, 49, 22, 31, 4, 
2018/4/9, 49, 25, 41, 6, 
2018/4/10, 51, 24, 33, 6, 
2018/4/11, 49, 30, 38, 8, 
2018/4/12, 61, 34, 27, 9, 
2018/4/13, 56, 31, 33, 6, 
2018/4/14, 45, 23, 48, 4, 
2018/4/15, 49, 12, 21, 3, 
2018/4/16, 20, 15, 22, 4, 
2018/4/17, 21, 17, 26, 5, 
2018/4/18, 29, 26, 31, 7, 
2018/4/19, 45, 49, 7, 8, 
2018/4/20, 68, 37, 27, 10, 
2018/4/21, 56, 33, 49, 6, 
2018/4/22, 57, 36, 34, 4, 
2018/4/23, 65, 40, 37, 7, 
2018/4/24, 69, 43, 40, 9, 
2018/4/25, 74, 34, 31, 6, 
2018/4/26, 65, 41, 33, 6, 
2018/4/27, 70, 34, 33, 8, 
2018/4/28, 66, 43, 40, 7, 
2018/4/29, 72, 42, 33, 6, 
2018/4/30, 66, 45, 28, 8, 
2018/5/1, 60, 52, 46, 6, 
2018/5/2, 73, 40, 43, 7, 
2018/5/3, 71, 37, 33, 8, 
2018/5/4, 61, 53, 39, 8, 
2018/5/5, 67, , , , 
2018/5/8, 53, 32, 28, 6, 
2018/5/9, 41, 28, 29, 8, 
2018/5/10, 39, 44, 27, 8, 
2018/5/11, 60, 50, 23, 8, 
2018/5/12, 59, 45, 27, 7, 
2018/5/13, 56, 29, 29, 5, 
2018/5/14, 50, 39, 29, 7, 
2018/5/15, 57, 44, 11, 9, 
2018/5/16, 76, 28, 19, 8, 
2018/5/17, 55, 28, 36, 8, 
2018/5/18, 54, 35, 22, 7, 
2018/5/19, 57, 23, 13, 5, 
2018/5/20, 29, 12, 20, 4, 
2018/5/21, 18, 22, 23, 9, 
2018/5/22, 39, 36, 34, 12, 
2018/5/23, 56, 46, 54, 13, 
2018/5/24, 77, 40, 37, 10, 
2018/5/25, 76, 38, 31, 7, 
2018/5/26, 67, 36, 32, 6, 
2018/5/27, 76, 28, 27, 4, 
2018/5/28, 65, 28, 24, 4, 
2018/5/29, 63, 28, 22, 3, 
2018/5/30, 53, 32, 25, 5, 
2018/5/31, 57, 32, 28, 7, 
2018/6/1, 59, 38, 26, 9, 
2018/6/2, 55, 49, 27, 9, 
2018/6/3, 63, 32, 18, 5, 
2018/6/4, 55, 24, 17, 10, 
2018/6/5, 41, 40, 16, 11, 
2018/6/6, 65, 44, 24, 11, 
2018/6/7, 68, 46, 19, 9, 
2018/6/8, 68, 17, 13, 5, 
2018/6/9, 31, 34, 25, 9, 
2018/6/10, 63, 37, , 7, 
2018/6/11, 62, 38, 24, , 
2018/6/12, 61, 37, 16, 7, 
2018/6/13, 50, 26, 13, 8, 
2018/6/14, 50, 14, 17, 7, 
2018/6/15, 31, 21, 19, 8, 
2018/6/16, 32, 13, 16, 6, 
2018/6/17, 19, 17, 27, 4, 
2018/6/18, 31, 21, 21, 7, 
2018/6/19, 34, 34, 26, 9, 
2018/6/20, 55, 42, 19, 12, 
2018/6/21, 70, 54, 21, 11, 
2018/6/22, 67, 53, 28, 11, 
2018/6/23, 70, 51, 28, 9, 
2018/6/24, 73, 47, 24, 12, 
2018/6/25, 62, 48, 26, 8, 
2018/6/26, 60, 54, 35, 13, 
2018/6/27, 72, 59, 40, 14, 
2018/6/28, 81, 59, 34, 19, 
2018/6/29, 84, 56, 30, 10, 
2018/6/30, 73, 56, 35, 8, 
2018/7/1, 68, 57, 35, 7, 
2018/1/2, 23, , 14, 2, 
2018/1/3, 18, , 15, 2, 
2018/1/4, 21, , 44, 5, 
2018/1/5, 27, , 32, 3, 
2018/1/6, 32, , 22, 2, 
2018/1/7, 27, , 26, 2, 
2018/1/8, 23, , 20, 4, 
2018/1/9, 18, , 22, 5, 
2018/1/10, 27, , 27, 4, 
2018/1/11, 42, 27, 34, 5, 
2018/1/12, 54, 15, 23, 3, 
2018/1/13, 28, 11, 23, 2, 
2018/1/14, 19, 12, 19, 2, 
2018/1/15, 25, 10, 23, 2, 
2018/1/16, 22, 12, 23, 3, 
2018/1/17, 24, 16, 40, 3, 
2018/1/18, 31, 19, 29, 4, 
2018/1/19, 33, 14, 32, 3, 
2018/1/20, 28, 15, 47, 3, 
2018/1/21, 34, 12, 34, 2, 
2018/1/22, 26, 23, 34, 6, 
2018/1/23, 46, 23, 32, 4, 
2018/1/24, 44, 17, 39, 3, 
2018/1/25, 30, 22, 48, 5, 
2018/1/26, 47, 20, 37, 4, 
2018/1/27, 32, 21, 39, 3, 
2018/1/28, 34, 14, 23, 2, 
2018/1/29, 31, 15, 26, 4, 
2018/1/30, 28, 12, 14, 5, 
2018/1/31, 20, 15, 29, 4, 
2018/2/1, 24, 13, 40, 4, 
2018/2/2, 26, 18, 31, 4, 
2018/2/3, 29, 21, 33, 3, 
2018/2/4, 28, 20, 30, 2, 
2018/2/5, 33, 19, 34, 4, 
2018/2/6, 32, 14, 28, 4, 
2018/2/7, 25, 25, 27, 4, 
2018/2/8, 34, 26, 41, 5, 
2018/2/9, 48, 29, 39, 5, 
2018/2/10, 50, 24, 23, 4, 
2018/2/11, 44, 14, 21, 2, 
2018/2/12, 31, 15, 22, 3, 
2018/2/13, 23, 16, 24, 2, 
2018/2/14, 16, 13, 14, 5, 
2018/2/15, 21, 17, 14, 6, 
2018/2/16, 23, 17, 38, 5, 
2018/2/17, 27, 19, 32, 4, 
2018/2/18, 34, 12, 17, 3, 
2018/2/19, 26, 16, 21, 3, 
2018/2/20, 24, 14, 15, 3, 
2018/2/21, 23, 14, 21, 4, 
2018/2/22, 22, 22, 23, 5, 
2018/2/23, 34, 20, 43, 6, 
2018/2/24, 37, 22, 39, 4, 
2018/2/25, 34, 16, 30, 3, 
2018/2/26, 36, 18, 21, 5, 
2018/2/27, 38, 12, 20, 3, 
2018/2/28, 20, 22, 27, 6, 
2018/3/1, 39, 29, 43, 4, 
2018/3/2, 63, , , , 
2018/3/21, 50, 14, 30, 4, 
2018/3/22, 26, 14, 36, 5, 
2018/3/23, 33, 28, 39, 6, 
2018/3/24, 52, 38, 25, 4, 
2018/3/25, 44, 19, 22, 3, 
2018/3/26, 28, 19, 18, 5, 
2018/3/27, 29, 17, 21, 5, 
2018/3/28, 25, 23, 35, 4, 
2018/3/29, 38, 24, 39, 5, 
2018/3/30, 42, 21, 33, 4, 
2018/3/31, 42, 17, 24, 3, 
2018/4/1, 31, 16, 20, 2, 
2017/10/2, 37, 18, 23, 7, 
2017/10/3, 37, 14, 25, 10, 
2017/10/4, 24, 20, 37, 10, 
2017/10/5, 41, 31, 42, 10, 
2017/10/6, 55, 38, 43, 8, 
2017/10/7, 61, 18, 26, 6, 
2017/10/8, 34, 19, 31, 4, 
2017/10/9, 43, 35, 44, 10, 
2017/10/10, 63, 47, 47, 11, 
2017/10/11, 77, 44, 49, 10, 
2017/10/12, 81, 42, 53, 7, 
2017/10/27, 45, , 31, 8, 
2017/10/28, 52, , 35, 5, 
2017/10/29, 33, , 26, 5, 
2017/10/30, 40, , 16, 7, 
2017/10/31, 41, , 25, 5, 
2017/11/1, 29, , 46, 5, 
2017/11/2, 34, , 10, 5, 
2017/11/3, 31, , , , 
2017/11/5, 22, , 14, 3, 
2017/11/6, 20, 22, 36, 7, 
2017/11/7, 37, 18, 41, 6, 
2017/11/8, 35, 26, 33, 6, 
2017/11/9, 42, 28, 34, 8, 
2017/11/10, 57, 19, 27, 4, 
2017/11/11, 35, 13, 26, 4, 
2017/11/12, 21, 14, 35, 6, 
2017/11/13, 30, 23, 40, 7, 
2017/11/14, 40, 28, 55, 8, 
2017/11/15, 43, 38, 41, 7, 
2017/11/16, 53, 33, 33, 6, 
2017/11/17, 43, 23, 30, 6, 
2017/11/18, 41, 20, 31, 4, 
2017/11/19, 40, 13, 26, 2, 
2017/11/20, 23, 12, 30, 5, 
2017/11/21, 26, 14, 24, 5, 
2017/11/22, 23, 13, 26, 5, 
2017/11/23, 25, 14, 44, 6, 
2017/11/24, 29, 27, 46, 8, 
2017/11/25, 52, 28, 36, 7, 
2017/11/26, 47, 12, 28, 2, 
2017/11/27, 22, 14, 23, 5, 
2017/11/28, 26, 26, 40, 7, 
2017/11/29, 37, 20, 46, 6, 
2017/11/30, 37, 24, 39, 6, 
2017/12/1, 44, 18, 35, 6, 
2017/12/2, 47, 14, 36, 4, 
2017/12/3, 33, 13, 31, 3, 
2017/12/4, 26, 19, 33, 6, 
2017/12/5, 35, 29, 44, 6, 
2017/12/6, 54, 24, 34, 7, 
2017/12/7, 41, 21, 25, 6, 
2017/12/8, 39, 18, 28, 5, 
2017/12/9, 34, 14, 41, 4, 
2017/12/10, 33, 22, 36, 5, 
2017/12/11, 45, 29, 39, 5, 
2017/12/12, 42, 19, 39, 5, 
2017/12/13, 36, 19, 50, 6, 
2017/12/14, 41, 15, 54, 8, 
2017/12/15, 66, 19, 32, 6, 
2017/12/16, 48, 3, 32, 5, 
2017/12/17, 43, , 25, 2, 
2017/12/18, 29, , 30, 4, 
2017/12/19, 31, , 38, 5, 
2017/12/20, 43, , 33, 6, 
2017/12/21, 43, , 22, 5, 
2017/12/22, 26, , 25, 4, 
2017/12/23, 39, , 23, 4, 
2017/12/24, 29, , 24, 2, 
2017/12/25, 22, , 24, 3, 
2017/12/26, 25, , 24, 3, 
2017/12/27, 22, , 26, 4, 
2017/12/28, 22, , 35, 6, 
2017/12/29, 41, , 30, 4, 
2017/12/30, 28, , 21, 1, 
2017/12/31, 16, , 9, 2, 
2018/1/1, 27, , 6, 2, 
2017/7/2, 66, , 23, 4, 
2017/7/3, 33, , 22, 5, 
2017/7/4, 28, 3, 18, 6, 
2017/7/5, 32, 4, 23, 8, 
2017/7/6, 41, 1, 16, 9, 
2017/7/7, 36, 1, 6, 12, 
2017/7/8, 36, 3, 24, 8, 
2017/7/9, 47, 2, 26, 6, 
2017/7/10, 50, 3, 23, 8, 
2017/7/11, 52, 32, 27, 12, 
2017/7/12, 67, 46, 33, 11, 
2017/7/13, 73, 47, 30, 14, 
2017/7/14, 77, 45, 30, 11, 
2017/7/15, 68, 38, 24, 7, 
2017/7/16, 51, 37, 23, 6, 
2017/7/17, 43, 44, 28, 9, 
2017/7/18, 54, 33, 13, 7, 
2017/7/19, 38, 25, 18, 8, 
2017/7/20, 35, 39, 26, 11, 
2017/7/21, 60, 50, 29, 12, 
2017/7/22, 69, 49, 40, 10, 
2017/7/23, 68, 49, 26, 7, 
2017/7/24, 83, 43, 30, 10, 
2017/7/25, 64, 49, 25, 11, 
2017/7/26, 64, 51, 33, 9, 
2017/7/27, 66, 47, 33, 11, 
2017/7/28, 74, 39, 29, 8, 
2017/7/29, 64, 43, 30, 8, 
2017/7/30, 70, 41, 26, 8, 
2017/7/31, 58, 48, 27, 10, 
2017/8/1, 72, 51, 24, 10, 
2017/8/2, 63, 55, 1, 12, 
2017/8/3, 63, 56, , 17, 
2017/8/4, 64, 24, , , 
2017/8/5, 35, 20, , , 
2017/8/6, 29, 25, , , 
2017/8/7, 39, 43, , , 
2017/8/8, 60, 62, , , 
2017/8/9, 80, 65, , , 
2017/8/10, 85, 56, 33, 11, 
2017/8/11, 81, 39, 37, 12, 
2017/8/12, 59, 53, 48, 8, 
2017/8/13, 79, 63, 40, 11, 
2017/8/14, 89, 47, 29, , 
2017/8/15, 63, 31, 15, , 
2017/8/16, 53, 21, 5, , 
2017/8/17, 50, 20, 6, , 
2017/8/18, 48, 25, 4, , 
2017/8/19, 58, 18, 8, , 
2017/8/20, 49, 19, 16, , 
2017/8/21, 38, 9, 21, , 
2017/8/22, 16, 15, 28, , 
2017/8/23, 29, 31, 39, , 
2017/8/24, 52, 37, 36, , 
2017/8/25, 65, 41, 37, , 
2017/8/26, 66, 45, 46, , 
2017/8/27, 77, 43, 51, , 
2017/8/28, 65, 50, 53, , 
2017/8/29, 74, 55, 56, , 
2017/8/30, 69, 68, 36, 27, 
2017/8/31, 78, 51, 33, 9, 
2017/9/2, 49, 38, 42, 5, 
2017/9/3, 57, 32, 36, 5, 
2017/9/4, 66, 46, 33, 8, 
2017/9/5, 83, 55, 36, 10, 
2017/9/6, 74, , , , 
2017/9/11, 83, 48, 38, 8, 
2017/9/12, 68, 52, 52, 10, 
2017/9/13, 79, 63, 49, 9, 
2017/9/14, 89, 62, 37, 11, 
2017/9/15, 80, 63, 45, 12, 
2017/9/16, 100, 57, 64, 10, 
2017/9/17, 88, 62, 49, 9, 
2017/9/18, 97, 55, 55, 9, 
2017/9/19, 98, 53, 71, 10, 
2017/9/20, 88, 56, 59, 11, 
2017/9/21, 104, 53, 55, 10, 
2017/9/22, 71, 61, 49, 9, 
2017/9/23, 88, 61, 51, 8, 
2017/9/24, 86, 41, 47, 3, 
2017/9/25, 67, 42, 56, 7, 
2017/9/26, 72, 57, 60, 9, 
2017/9/27, 83, 60, 51, 15, 
2017/9/28, 103, 61, 61, 7, 
2017/9/29, 91, 34, 46, 8, 
2017/9/30, 64, 19, 29, 6, 
2017/10/1, 52, 15, 35, 4, 
2017/4/2, 25, 19, 29, 3, 
2017/4/3, 26, 27, 30, 8, 
2017/4/4, 42, 35, 39, 8, 
2017/4/5, 59, 50, 33, 9, 
2017/4/6, 61, 29, 15, 7, 
2017/4/7, 45, 15, 23, 6, 
2017/4/8, 31, 20, 37, 8, 
2017/4/9, 48, 15, 23, 4, 
2017/4/10, 33, 24, 28, 8, 
2017/4/11, 41, 35, 34, 8, 
2017/4/12, 60, 22, 20, 6, 
2017/4/13, 33, 13, 22, 4, 
2017/4/14, 18, 21, 31, 4, 
2017/4/15, 37, 29, 34, 6, 
2017/4/16, 52, 35, 41, 6, 
2017/4/17, 63, 26, 21, 6, 
2017/4/18, 39, 26, 28, 7, 
2017/4/19, 33, 24, 32, 6, 
2017/4/20, 32, 31, 30, 8, 
2017/4/21, 48, 21, 16, 4, 
2017/4/22, 35, 8, 5, 6, 
2017/4/23, 9, , , , 
2017/5/5, 55, 11, 18, 4, 
2017/5/6, 27, 12, 24, 6, 
2017/5/7, 29, 12, 28, 4, 
2017/5/8, 31, 22, 24, 8, 
2017/5/9, 47, 28, 28, 8, 
2017/5/10, 46, 29, 28, 8, 
2017/5/11, 48, 21, 26, 8, 
2017/5/12, 40, 28, 31, 9, 
2017/5/13, 46, 43, 3, 13, 
2017/5/14, 69, , , , 
2017/5/19, 61, 10, 6, 7, 
2017/5/20, 28, 18, 20, 7, 
2017/5/21, 37, 17, 9, 6, 
2017/5/22, 39, 12, 17, 6, 
2017/5/23, 22, 18, 28, 9, 
2017/5/24, 38, 32, 27, 11, 
2017/5/25, 58, 27, 29, 8, 
2017/5/26, 49, 34, 33, 10, 
2017/5/27, 50, 41, 49, 9, 
2017/5/28, 68, 32, 33, 6, 
2017/5/29, 59, 31, 23, 10, 
2017/5/30, 61, 40, 31, 10, 
2017/5/31, 59, 37, 26, 10, 
2017/6/1, 57, 32, 7, 8, 
2017/6/2, 46, 20, 20, 6, 
2017/6/3, 34, 32, 32, 10, 
2017/6/4, 58, 40, 30, 8, 
2017/6/5, 62, 23, 10, 8, 
2017/6/6, 42, 27, 26, 9, 
2017/6/7, 52, 32, 30, 9, 
2017/6/8, 54, 35, 26, 9, 
2017/6/9, 52, , 14, 7, 
2017/6/10, 31, , 22, 4, 
2017/6/11, 22, , 31, 9, 
2017/6/12, 51, , 15, 13, 
2017/6/13, 74, , 4, 13, 
2017/6/14, 68, , 21, 11, 
2017/6/15, 44, , 27, 7, 
2017/6/16, 45, , 21, 7, 
2017/6/17, 45, , 26, 7, 
2017/6/18, 47, , 19, 8, 
2017/6/19, 55, , 24, 9, 
2017/6/20, 51, , 14, 7, 
2017/6/21, 19, , 21, 10, 
2017/6/22, 37, , 25, 7, 
2017/6/23, 44, , 25, 7, 
2017/6/24, 48, , 24, 7, 
2017/6/25, 56, , 29, 6, 
2017/6/26, 59, , 24, 10, 
2017/6/27, 56, , 22, 8, 
2017/6/28, 44, , 22, 10, 
2017/6/29, 62, 3, 23, 10, 
2017/6/30, 76, , 26, 13, 
2017/7/1, 68, , 28, 8, 
2017/1/3, 27, 19, 39, 6, 
2017/1/4, 37, 18, 30, 3, 
2017/1/5, 30, 17, 28, 4, 
2017/1/6, 34, 14, 30, 4, 
2017/1/7, 22, 14, 34, 3, 
2017/1/17, 38, 9, 22, 3, 
2017/1/18, 17, 11, 18, 4, 
2017/1/19, 18, 14, 19, 5, 
2017/1/20, 21, 11, 29, 5, 
2017/1/21, 21, 16, 27, 4, 
2017/1/22, 26, 14, 24, 3, 
2017/1/23, 24, 16, 26, 3, 
2017/1/24, 21, 16, 23, 3, 
2017/1/25, 25, 18, 18, 4, 
2017/1/26, 26, 16, 15, 4, 
2017/1/27, 22, 19, 16, 5, 
2017/1/28, 26, 23, 34, 5, 
2017/1/29, 37, 17, 34, 2, 
2017/1/30, 28, 21, 20, 5, 
2017/1/31, 46, 18, 24, 6, 
2017/2/1, 35, 18, 28, 4, 
2017/2/2, 32, 12, 21, 4, 
2017/2/3, 23, 11, 21, 3, 
2017/2/4, 20, 16, 19, 3, 
2017/2/5, 23, 19, 22, 3, 
2017/2/6, 33, 18, 24, 4, 
2017/2/7, 32, 22, 40, 6, 
2017/2/8, 38, 19, 45, 5, 
2017/2/9, 39, 26, 41, 5, 
2017/2/10, 37, 19, 32, 4, 
2017/2/11, 37, 19, 27, 4, 
2017/2/12, 37, 18, 25, 3, 
2017/2/13, 31, 19, 26, 3, 
2017/2/14, 27, 21, 30, 4, 
2017/2/15, 28, 30, 35, 5, 
2017/2/16, 44, 30, 33, 8, 
2017/2/17, 50, 42, 41, 9, 
2017/2/18, 67, 25, 40, 5, 
2017/2/19, 45, 26, 40, 4, 
2017/2/20, 53, 33, 42, 5, 
2017/2/21, 57, 34, 40, 5, 
2017/2/22, 59, 32, 30, 6, 
2017/2/23, 69, 31, 30, 6, 
2017/2/24, 41, 25, 29, 5, 
2017/2/25, 40, 15, 23, 5, 
2017/2/26, 27, 14, 22, 3, 
2017/2/27, 23, 15, 26, 4, 
2017/2/28, 26, 20, 27, 4, 
2017/3/1, 41, 15, 23, 3, 
2017/3/2, 25, 14, 15, 5, 
2017/3/3, 25, 18, 20, 5, 
2017/3/4, 28, 17, 21, 3, 
2017/3/5, 24, 11, 17, 1, 
2017/3/6, 21, 17, 21, 4, 
2017/3/7, 22, 22, 38, 6, 
2017/3/8, 35, 18, 30, 5, 
2017/3/9, 34, 23, 1, 15, 
2017/3/10, 33, 27, , , 
2017/3/11, 38, 23, , , 
2017/3/12, 39, 23, 8, , 
2017/3/13, 43, 27, , , 
2017/3/14, 41, 22, , , 
2017/3/15, 30, 21, , , 
2017/3/16, 34, 21, 23, 7, 
2017/3/17, 38, 26, 30, 5, 
2017/3/18, 38, 20, 25, 4, 
2017/3/19, 20, 17, 22, 4, 
2017/3/20, 24, 20, 33, 5, 
2017/3/21, 20, 28, 34, 6, 
2017/3/22, 28, 36, 35, 6, 
2017/3/23, 38, 27, 38, 7, 
2017/3/24, 44, 29, 35, 9, 
2017/3/25, 56, 30, 37, 7, 
2017/3/26, 53, 23, 27, 4, 
2017/3/27, 36, 29, 17, 8, 
2017/3/28, 38, 17, 26, 6, 
2017/3/29, 29, 20, 31, 5, 
2017/3/30, 27, 17, 27, 5, 
2017/3/31, 27, 23, 27, 6, 
2017/4/1, 27, 16, 33, 4, 
2016/10/2, 44, 27, 38, 4, 
2016/10/3, 44, 24, 12, 11, 
2016/10/4, 49, 16, 29, 7, 
2016/10/5, 34, 18, 35, 8, 
2016/10/6, 24, 33, 32, 7, 
2016/10/7, 43, 19, 19, 7, 
2016/10/8, 24, 25, 36, 6, 
2016/10/27, 77, 20, 28, 6, 
2016/10/28, 31, 18, 26, 6, 
2016/10/29, 28, 18, 41, 5, 
2016/10/30, 32, 16, 38, 3, 
2016/10/31, 34, 31, 36, 6, 
2016/11/1, 43, 28, 35, 4, 
2016/11/2, 35, 25, 33, 4, 
2016/11/3, 34, 17, 20, 7, 
2016/11/4, 30, 17, 33, 8, 
2016/11/5, 33, 19, 39, 6, 
2016/11/6, 37, 17, 32, 3, 
2016/11/7, 28, 22, 42, 6, 
2016/11/8, 39, 29, 38, 6, 
2016/11/9, 51, 31, 34, 5, 
2016/11/10, 48, 21, 32, 6, 
2016/11/11, 36, 30, 39, 7, 
2016/11/12, 57, 12, 25, 4, 
2016/11/13, 22, 7, 17, 3, 
2016/11/14, 16, 8, 25, 5, 
2016/11/15, 17, 9, 25, 3, 
2016/11/16, 21, 20, 30, 6, 
2016/11/17, 31, 22, 35, 6, 
2016/11/18, 37, 14, 21, 6, 
2016/11/19, 27, 17, 27, 4, 
2016/11/20, 25, 22, 35, 4, 
2016/11/21, 33, 33, 36, 6, 
2016/11/22, 53, 38, 36, 11, 
2016/11/23, 61, 31, 29, 7, 
2016/11/24, 55, 39, 59, 8, 
2016/11/25, 68, 51, 45, 7, 
2016/11/26, 60, 42, 40, 6, 
2016/11/27, 66, 38, 34, 5, 
2016/11/28, 61, 24, 27, 6, 
2016/11/29, 37, 16, 32, 4, 
2016/11/30, 26, 19, 25, 4, 
2016/12/1, 25, 27, 31, , 
2016/12/2, 40, 34, 48, , 
2016/12/3, 52, 31, 26, , 
2016/12/4, 53, 12, 24, , 
2016/12/5, 20, 14, 26, , 
2016/12/6, 21, 23, 40, , 
2016/12/7, 39, 32, 36, 9, 
2016/12/8, 44, 18, 30, 5, 
2016/12/9, 34, 17, 27, 6, 
2016/12/10, 29, 18, 23, 4, 
2016/12/11, 35, 17, 16, 2, 
2016/12/12, 23, 14, 17, 4, 
2016/12/13, 27, 28, 23, 7, 
2016/12/14, 49, 22, 26, 5, 
2016/12/15, 34, 21, 27, 5, 
2016/12/16, 23, 21, 33, 5, 
2016/12/17, 30, 18, 32, 3, 
2016/12/18, 32, 19, 27, 3, 
2016/12/19, 33, 15, 22, 5, 
2016/12/20, 25, 14, 24, 4, 
2016/12/21, 19, 15, 26, 7, 
2016/12/22, 26, 14, 33, 6, 
2016/12/23, 24, 20, 33, 6, 
2016/12/24, 32, 13, 40, 3, 
2016/12/25, 24, 27, 44, 3, 
2016/12/26, 41, 15, 36, 3, 
2016/12/27, 20, 19, 32, 4, 
2016/12/28, 35, 20, 38, 4, 
2016/12/29, 35, 16, 37, 4, 
2016/12/30, 29, 13, 31, 3, 
2016/12/31, 26, 17, 27, 3, 
2017/1/1, 34, 14, 24, 2, 
2017/1/2, 28, 14, 26, 3, 
2016/7/2, 57, 43, 24, 7, 
2016/7/3, 48, 37, 22, 6, 
2016/7/4, 48, 46, 24, 9, 
2016/7/5, 63, 52, 21, 9, 
2016/7/6, 58, 55, 22, 7, 
2016/7/7, 51, 25, 19, 8, 
2016/7/8, 31, 50, 22, 12, 
2016/7/9, 60, 58, 44, 15, 
2016/7/10, 95, 59, 30, 10, 
2016/7/11, 83, 57, 29, 12, 
2016/7/12, 67, 60, 32, 13, 
2016/7/13, 78, 57, 43, 13, 
2016/7/14, 76, 60, 33, 12, 
2016/7/15, 73, 63, 36, 14, 
2016/7/16, 81, 50, 17, 10, 
2016/7/17, 66, 16, 20, 5, 
2016/7/18, 24, 27, 24, 11, 
2016/7/19, 46, 40, 14, 13, 
2016/7/20, 67, 46, 25, 10, 
2016/7/21, 79, 39, 26, 11, 
2016/7/22, 63, 42, 29, 12, 
2016/7/23, 74, 52, 40, 11, 
2016/7/24, 84, 52, 30, 7, 
2016/7/25, 74, 54, 35, 9, 
2016/7/26, 70, 52, 24, 11, 
2016/7/27, 70, 60, 30, 12, 
2016/7/28, 72, 49, 33, 12, 
2016/7/29, 61, 49, 29, 11, 
2016/7/30, 72, 43, 35, 9, 
2016/7/31, 74, 50, 31, 6, 
2016/8/1, 75, 45, 23, 11, 
2016/8/2, 57, 59, 37, 12, 
2016/8/3, 71, 50, 36, 10, 
2016/8/4, 60, 51, 36, 11, 
2016/8/5, 77, 54, 31, 9, 
2016/8/6, 73, 54, 33, 9, 
2016/8/7, 67, 63, 47, 8, 
2016/8/8, 80, 49, 40, 11, 
2016/8/9, 67, 44, 27, 9, 
2016/8/10, 58, 31, 21, 8, 
2016/8/11, 42, 32, 21, 6, 
2016/8/12, 50, 41, 32, 10, 
2016/8/13, 52, 43, 41, 9, 
2016/8/14, 63, 71, 41, 11, 
2016/8/15, 94, 81, 29, 14, 
2016/8/16, 95, 31, 7, 9, 
2016/8/17, 64, , , , 
2016/8/19, 57, 39, 40, 6, 
2016/8/20, 51, 24, 14, 5, 
2016/8/21, 49, 11, 20, 3, 
2016/8/22, 23, 9, 21, 6, 
2016/8/23, 19, 22, 29, 9, 
2016/8/24, 33, 30, 54, 8, 
2016/8/25, 59, 47, 42, 14, 
2016/8/26, 73, 50, 50, 11, 
2016/8/27, 77, 47, 41, 8, 
2016/8/28, 70, 52, 31, 7, 
2016/8/29, 61, 53, 34, 10, 
2016/8/30, 64, 54, 42, 7, 
2016/8/31, 69, 20, 22, 6, 
2016/9/1, 31, 19, 38, 8, 
2016/9/2, 34, 33, 45, 9, 
2016/9/3, 58, 30, 33, 7, 
2016/9/4, 55, 30, 17, 6, 
2016/9/5, 49, 44, 43, 9, 
2016/9/6, 64, 70, 20, 4, 
2016/9/7, 25, 57, 21, 4, 
2016/9/8, 28, 40, 28, 10, 
2016/9/9, 35, 59, 41, 11, 
2016/9/10, 62, 40, 48, 7, 
2016/9/11, 59, 46, 40, 7, 
2016/9/12, 66, 55, 35, 9, 
2016/9/13, 72, 73, 34, 9, 
2016/9/14, 73, 70, 31, 11, 
2016/9/15, 105, 44, 34, 11, 
2016/9/16, 56, 48, 40, 13, 
2016/9/17, 67, 47, 43, 17, 
2016/9/18, 75, 66, 46, 11, 
2016/9/19, 92, 28, 37, 8, 
2016/9/20, 53, 27, 25, 6, 
2016/9/21, 43, 18, 31, 5, 
2016/9/22, 26, 23, 40, 6, 
2016/9/23, 33, 47, 50, 12, 
2016/9/24, 73, 39, 44, 5, 
2016/9/25, 52, 23, 26, 4, 
2016/9/26, 39, 24, 36, 6, 
2016/9/27, 35, 43, 40, 9, 
2016/9/28, 53, 53, 50, 13, 
2016/9/29, 73, 57, 49, 10, 
2016/9/30, 78, 47, 51, 8, 
2016/10/1, 55, 28, 39, 5, 
2016/4/2, 68, 34, 42, 6, 
2016/4/3, 60, 38, 44, 5, 
2016/4/4, 67, 41, 64, 6, 
2016/4/5, 68, 34, 49, 5, 
2016/4/6, 55, 40, 32, 5, 
2016/4/7, 62, , , , 
2016/4/9, 88, 57, 52, 8, 
2016/4/10, 81, 45, 48, 5, 
2016/4/11, 69, 46, 47, 8, 
2016/4/12, 77, 46, 44, 8, 
2016/4/13, 75, 43, 37, 6, 
2016/4/14, 66, 53, 30, 9, 
2016/4/15, 69, 55, 36, 11, 
2016/4/16, 70, 50, 39, 6, 
2016/4/17, 64, 68, 8, 7, 
2016/4/18, 84, 47, 27, 7, 
2016/4/19, 45, 56, 29, 7, 
2016/4/20, 65, 55, 35, 10, 
2016/4/21, 69, 54, 27, 7, 
2016/4/22, 65, 55, 42, 8, 
2016/4/23, 67, 48, 33, 6, 
2016/4/24, 70, 51, 30, 5, 
2016/4/25, 57, 57, 31, 7, 
2016/4/26, 59, 32, 15, 6, 
2016/4/27, 34, 16, 10, 4, 
2016/4/28, 22, 22, 24, 9, 
2016/4/29, 41, 32, 16, 9, 
2016/4/30, 50, 47, , 10, 
2016/5/1, 79, , , , 
2016/5/4, 65, 54, 37, 15, 
2016/5/5, 85, 49, 31, 13, 
2016/5/6, 82, 57, 40, 14, 
2016/5/7, 91, 63, 34, 13, 
2016/5/8, 95, 46, 30, 8, 
2016/5/9, 79, 39, 27, 9, 
2016/5/10, 60, 25, 14, 8, 
2016/5/11, 36, 24, 22, 10, 
2016/5/12, 43, 28, 21, 8, 
2016/5/13, 45, 36, 29, 10, 
2016/5/14, 51, 30, 28, 7, 
2016/5/15, 38, 34, 23, 5, 
2016/5/16, 54, 30, 20, 5, 
2016/5/17, 39, 20, 15, 7, 
2016/5/18, 28, 25, 3, 10, 
2016/5/19, 46, 16, 5, 12, 
2016/5/20, 38, 25, 23, 9, 
2016/5/21, 46, 14, 14, 5, 
2016/5/22, 24, 17, 22, 6, 
2016/5/23, 29, 12, 12, 6, 
2016/5/24, 18, 17, 17, 8, 
2016/5/25, 29, 24, 24, 8, 
2016/5/26, 37, 29, 28, 9, 
2016/5/27, 51, 40, 36, 11, 
2016/5/28, 69, 36, 34, 8, 
2016/5/29, 62, 24, 11, 5, 
2016/5/30, 46, 16, 4, 9, 
2016/5/31, 31, 15, 16, 7, 
2016/6/1, 31, 15, 18, 6, 
2016/6/2, 31, 15, 14, 5, 
2016/6/3, 28, 9, 11, 4, 
2016/6/4, 16, 7, 3, 9, 
2016/6/5, 30, , , , 
2016/6/7, 33, 15, 9, 6, 
2016/6/8, 20, 16, 15, 9, 
2016/6/9, 34, 19, 15, 9, 
2016/6/10, 39, 33, 16, 13, 
2016/6/11, 65, 27, 24, 9, 
2016/6/12, 53, 30, 23, 8, 
2016/6/13, 58, 20, 2, 8, 
2016/6/14, 37, 30, , 10, 
2016/6/15, 50, 40, , 13, 
2016/6/16, 63, 46, , 14, 
2016/6/17, 69, 51, , 15, 
2016/6/18, 72, 51, , 11, 
2016/6/19, 76, 40, , 11, 
2016/6/20, 78, 40, , 12, 
2016/6/21, 70, 22, 17, 10, 
2016/6/22, 38, 35, 21, 8, 
2016/6/23, 50, 44, 24, 14, 
2016/6/24, 66, 41, 34, 14, 
2016/6/25, 68, 39, 31, 9, 
2016/6/26, 73, 38, 27, 7, 
2016/6/27, 77, 37, 24, 9, 
2016/6/28, 55, 46, 23, 11, 
2016/6/29, 58, 48, 23, 10, 
2016/6/30, 59, 41, 19, 11, 
2016/7/1, 58, 39, 22, 10, 
2016/1/5, 27, 21, 34, 1, 
2016/1/6, 32, 27, 35, , 
2016/1/7, 48, 33, 45, , 
2016/1/8, 59, 33, 37, , 
2016/1/9, 55, 20, 23, , 
2016/1/10, 40, 10, 15, , 
2016/1/11, 20, 10, 15, , 
2016/1/12, 18, 8, 12, , 
2016/1/13, 14, 15, 19, , 
2016/1/14, 27, 13, 24, , 
2016/1/15, 30, 10, 12, , 
2016/1/16, 25, 20, 32, , 
2016/1/17, 27, 18, 31, , 
2016/1/18, 28, 20, 28, 1, 
2016/1/19, 33, 17, 27, 6, 
2016/1/20, 34, 21, 35, 3, 
2016/1/21, 31, 21, 7, 12, 
2016/1/22, 33, 23, 31, 4, 
2016/1/23, 38, 25, 29, 4, 
2016/1/24, 37, 24, 27, 3, 
2016/1/25, 48, 18, 24, 4, 
2016/1/26, 32, 20, 25, 4, 
2016/1/27, 31, 26, 27, 6, 
2016/1/28, 47, 27, 39, 6, 
2016/1/29, 40, 16, 20, 4, 
2016/1/30, 37, 16, 21, 3, 
2016/1/31, 27, 18, 27, 4, 
2016/2/1, 31, 26, 32, 5, 
2016/2/2, 38, 38, 61, 7, 
2016/2/3, 62, 32, 43, 5, 
2016/2/4, 54, 31, 43, 5, 
2016/2/5, 57, 34, 41, 7, 
2016/2/6, 57, 25, 50, 4, 
2016/2/7, 52, 20, 39, 2, 
2016/2/8, 39, 15, 35, 2, 
2016/2/9, 26, 17, 28, 4, 
2016/2/10, 29, 23, 29, 4, 
2016/2/11, 38, 29, 32, 4, 
2016/2/12, 50, 22, 42, 4, 
2016/2/13, 33, 33, 34, 5, 
2016/2/14, 50, 34, 38, 3, 
2016/2/15, 62, 28, 29, 4, 
2016/2/16, 39, 16, 21, 3, 
2016/2/17, 20, 26, 24, 5, 
2016/2/18, 37, 20, 29, 4, 
2016/2/19, 36, 19, 28, 4, 
2016/2/20, 28, 20, 26, 2, 
2016/2/21, 29, 12, 22, 2, 
2016/2/22, 27, 18, 19, 3, 
2016/2/23, 23, 18, 23, 4, 
2016/2/24, 26, 21, 22, 5, 
2016/2/25, 30, 24, 28, 4, 
2016/2/26, 35, 23, 23, 4, 
2016/2/27, 30, 22, 21, 5, 
2016/2/28, 37, 16, 20, 1, 
2016/2/29, 17, 15, 17, 6, 
2016/3/1, 22, 12, 9, 6, 
2016/3/2, 22, 23, 24, 5, 
2016/3/3, 27, 20, 20, 3, 
2016/3/4, 29, 23, 18, 4, 
2016/3/5, 27, 21, 23, 2, 
2016/3/6, 25, 19, 21, 2, 
2016/3/7, 21, 25, 27, 4, 
2016/3/8, 32, 21, 35, 3, 
2016/3/9, 36, 32, 34, 6, 
2016/3/10, 51, 26, 18, 3, 
2016/3/11, 37, 18, 15, 4, 
2016/3/12, 23, 21, 25, 4, 
2016/3/13, 30, 15, 30, 3, 
2016/3/14, 33, 19, 34, 5, 
2016/3/15, 33, 22, 29, 6, 
2016/3/16, 44, 19, 21, 8, 
2016/3/17, 37, 21, 34, 5, 
2016/3/18, 36, 24, 34, 6, 
2016/3/19, 43, 26, 40, 6, 
2016/3/20, 53, 25, 45, 5, 
2016/3/21, 52, 32, 33, 6, 
2016/3/22, 51, 39, 20, 9, 
2016/3/23, 54, 29, 36, 7, 
2016/3/24, 50, 22, 39, 7, 
2016/3/25, 40, 19, 21, 3, 
2016/3/26, 34, 16, 17, 2, 
2016/3/27, 24, 18, 19, 2, 
2016/3/28, 26, 23, 27, 5, 
2016/3/29, 32, 26, 34, 7, 
2016/3/30, 40, 36, 35, 6, 
2016/3/31, 63, 34, 38, 7, 
2016/4/1, 60, 43, 48, 9, 
2015/10/2, 59, 47, 50, , 
2015/10/3, 74, 29, 42, , 
2015/10/4, 45, 19, 28, , 
2015/10/5, 38, 30, 38, , 
2015/10/6, 42, 34, 55, , 
2015/10/7, 48, 50, 52, , 
2015/10/8, 67, 58, 48, , 
2015/10/9, 75, 54, 66, , 
2015/10/10, 72, 21, 39, , 
2015/10/11, 34, 36, 40, , 
2015/10/12, 58, 14, 32, , 
2015/10/13, 25, 38, 49, , 
2015/10/14, 42, 49, 53, , 
2015/10/15, 72, 65, 54, , 
2015/10/16, 99, 68, 77, , 
2015/10/17, 97, 56, 67, , 
2015/10/18, 79, 34, 35, , 
2015/10/19, 34, 39, 65, , 
2015/10/20, 52, 72, 54, , 
2015/10/21, 102, 54, 49, , 
2015/10/22, 92, 46, 49, 8, 
2015/10/23, 81, 27, 34, 7, 
2015/10/24, 52, 20, 50, 6, 
2015/10/25, 44, , , , 
2015/10/30, 17, , , , 
2015/11/4, 24, 23, 33, 5, 
2015/11/5, 34, 17, 25, 3, 
2015/11/6, 29, 22, 19, 4, 
2015/11/7, 33, 12, 23, 3, 
2015/11/8, 21, 23, 23, , 
2015/11/9, 42, 29, 41, , 
2015/11/10, 50, 35, 60, , 
2015/11/11, 54, 39, 49, , 
2015/11/12, 62, 43, 66, , 
2015/11/13, 63, 49, 63, 8, 
2015/11/14, 77, 28, 43, 3, 
2015/11/15, 40, 15, 41, 1, 
2015/11/16, 23, 23, 42, 5, 
2015/11/17, 43, 29, 37, 6, 
2015/11/18, 45, 29, 33, 5, 
2015/11/19, 48, 33, 36, 6, 
2015/11/20, 57, 19, 28, 4, 
2015/11/21, 34, 23, 37, 4, 
2015/11/22, 47, 23, 35, , 
2015/11/23, 39, 23, 18, , 
2015/11/24, 42, 20, 20, , 
2015/11/25, 34, 19, 22, , 
2015/11/26, 28, 23, 39, , 
2015/11/27, 42, 28, 54, , 
2015/11/28, 47, 42, 39, , 
2015/11/29, 61, 20, 25, , 
2015/11/30, 31, 20, 34, 8, 
2015/12/1, 28, 23, 37, 5, 
2015/12/2, 35, 31, 46, 6, 
2015/12/3, 51, 22, 35, 5, 
2015/12/4, 36, 30, 37, 7, 
2015/12/5, 52, 33, 33, 6, 
2015/12/6, 44, 23, 32, 3, 
2015/12/7, 42, 16, 34, 4, 
2015/12/8, 27, 22, 45, 13, 
2015/12/9, 43, 31, 29, , 
2015/12/10, 47, 26, 27, , 
2015/12/11, 43, 22, 32, , 
2015/12/12, 34, 31, 31, , 
2015/12/13, 53, 21, 32, , 
2015/12/14, 37, 25, 39, , 
2015/12/15, 42, 23, 31, , 
2015/12/16, 42, 21, 35, 7, 
2015/12/17, 32, 18, 47, 4, 
2015/12/18, 35, 29, 43, 5, 
2015/12/19, 42, 24, 37, 3, 
2015/12/20, 37, 17, 38, 3, 
2015/12/21, 34, 26, 40, 4, 
2015/12/22, 43, 22, 34, 3, 
2015/12/23, 39, 25, 31, 4, 
2015/12/24, 48, 19, 29, 2, 
2015/12/25, 35, 21, 31, 2, 
2015/12/26, 44, 13, 29, 1, 
2015/12/27, 23, 14, 24, 1, 
2015/12/28, 25, 13, 23, 1, 
2015/12/29, 19, 9, 22, 1, 
2015/12/30, 15, 10, 18, 1, 
2015/12/31, 16, , , , 
2016/1/4, 21, 17, 31, 3, 
2015/7/2, 45, 38, 6, 12, 
2015/7/3, 70, 22, 5, 10, 
2015/7/4, 43, 28, 16, 8, 
2015/7/5, 50, 16, 14, 5, 
2015/7/6, 25, 21, 20, 8, 
2015/7/7, 38, 28, 5, 9, 
2015/7/8, 54, 21, 9, 7, 
2015/7/9, 46, 15, 14, 5, 
2015/7/10, 24, 16, 20, 6, 
2015/7/11, 32, 19, 14, 8, 
2015/7/12, 34, 23, 23, 6, 
2015/7/13, 38, 30, 24, 7, 
2015/7/14, 38, 39, 26, 9, 
2015/7/15, 48, 55, 27, 19, 
2015/7/16, 75, 48, 29, 12, 
2015/7/17, 71, 47, 17, 12, 
2015/7/18, 68, 27, 24, 8, 
2015/7/19, 47, 36, 24, 7, 
2015/7/20, 50, 39, 21, 9, 
2015/7/21, 45, 42, 16, 11, 
2015/7/22, 53, 33, 22, 12, 
2015/7/23, 43, 43, 26, 10, 
2015/7/24, 58, 44, 26, 9, 
2015/7/25, 62, 27, 21, 9, 
2015/7/26, 55, 26, 22, 8, 
2015/7/27, 54, 25, 23, 13, 
2015/7/28, 54, 34, 34, 15, 
2015/7/29, 62, 40, 29, 13, 
2015/7/30, 62, 51, 50, 19, 
2015/7/31, 81, 52, 36, 13, 
2015/8/1, 74, 45, 44, 10, 
2015/8/2, 70, 43, 29, 9, 
2015/8/3, 59, 46, 27, 11, 
2015/8/4, 57, 53, 41, 12, 
2015/8/5, 67, 52, 35, , 
2015/8/6, 67, 73, 36, , 
2015/8/7, 78, 56, 37, , 
2015/8/8, 78, 56, 49, , 
2015/8/9, 76, 46, 38, , 
2015/8/10, 74, 47, 28, , 
2015/8/11, 62, 52, 35, , 
2015/8/12, 72, 57, 40, , 
2015/8/13, 71, 64, 38, , 
2015/8/14, 72, 61, 34, , 
2015/8/15, 71, 46, 27, , 
2015/8/16, 56, 53, 41, , 
2015/8/17, 75, 50, 33, , 
2015/8/18, 72, 54, 25, , 
2015/8/19, 67, 73, 33, , 
2015/8/20, 85, 44, 26, , 
2015/8/21, 58, 32, 34, , 
2015/8/22, 42, 46, 37, , 
2015/8/23, 63, 70, 53, , 
2015/8/24, 84, 42, 24, , 
2015/8/25, 59, 17, 12, , 
2015/8/26, 39, 15, 2, , 
2015/8/27, 41, , , , 
2015/8/29, 44, 28, 43, , 
2015/8/30, 52, 38, 44, , 
2015/8/31, 56, 50, 42, , 
2015/9/1, 68, 58, 43, , 
2015/9/2, 78, 28, 44, , 
2015/9/3, 38, 42, 44, , 
2015/9/4, 62, 49, 27, , 
2015/9/5, 74, 24, 31, , 
2015/9/6, 45, 33, 33, , 
2015/9/7, 53, 45, 34, , 
2015/9/8, 72, 25, 19, , 
2015/9/9, 59, 20, 27, , 
2015/9/10, 38, 25, 21, , 
2015/9/11, 50, 15, 23, , 
2015/9/12, 33, 19, 25, , 
2015/9/13, 38, 15, 34, , 
2015/9/14, 35, 22, 37, , 
2015/9/15, 43, 27, 3, , 
2015/9/16, 56, , , , 
2015/9/19, 71, 62, 49, , 
2015/9/20, 79, 56, 57, , 
2015/9/21, 72, 63, 70, , 
2015/9/22, 80, 72, 61, , 
2015/9/23, 86, 70, 69, , 
2015/9/24, 98, 79, 62, , 
2015/9/25, 100, 92, 56, , 
2015/9/26, 120, 19, 40, , 
2015/9/27, 47, 41, 51, , 
2015/9/28, 72, 29, 33, , 
2015/9/29, 51, 40, 41, , 
2015/9/30, 72, 26, 38, , 
2015/10/1, 48, 45, 55, , 
2015/4/2, 51, 32, 42, 9, 
2015/4/3, 52, 31, 36, 7, 
2015/4/4, 60, 28, 12, 4, 
2015/4/5, 54, 18, , 9, 
2015/4/6, 33, 18, 6, , 
2015/4/7, 22, 21, , , 
2015/4/8, 24, 28, 6, , 
2015/4/9, 40, 33, 6, , 
2015/4/10, 57, 40, 6, , 
2015/4/11, 65, 34, , , 
2015/4/12, 60, 32, , , 
2015/4/13, 64, 40, , , 
2015/4/14, 68, 51, , , 
2015/4/15, 74, 38, , , 
2015/4/16, 61, 24, , , 
2015/4/17, 40, 41, , , 
2015/4/18, 62, 44, , , 
2015/4/19, 69, 39, , , 
2015/4/20, 59, 23, , , 
2015/4/21, 37, 24, , , 
2015/4/22, 35, 18, , 10, 
2015/4/23, 32, 28, 19, 8, 
2015/4/24, 44, 30, 26, 9, 
2015/4/25, 40, 24, 25, 6, 
2015/4/26, 35, 19, 25, 4, 
2015/4/27, 32, 28, 29, 6, 
2015/4/28, 41, 40, 31, 10, 
2015/4/29, 62, 38, 26, 10, 
2015/4/30, 50, 27, 27, 10, 
2015/5/1, 35, 29, 31, 6, 
2015/5/2, 45, 37, 29, 6, 
2015/5/3, 62, , , , 
2015/5/6, 37, 36, 18, 11, 
2015/5/7, 55, 32, 21, 11, 
2015/5/8, 59, 24, 25, 9, 
2015/5/9, 35, 28, 28, 6, 
2015/5/10, 44, 33, 22, 6, 
2015/5/11, 49, 15, 14, 6, 
2015/5/12, 21, 13, 18, 6, 
2015/5/13, 24, 16, 15, 9, 
2015/5/14, 27, 23, 21, 8, 
2015/5/15, 40, 25, 19, 10, 
2015/5/16, 45, 28, 24, 7, 
2015/5/17, 48, 30, 21, 5, 
2015/5/18, 51, 39, 9, 11, 
2015/5/19, 62, 26, 12, 9, 
2015/5/20, 49, 31, 13, 9, 
2015/5/21, 50, 27, 20, 8, 
2015/5/22, 47, 31, 24, 8, 
2015/5/23, 50, 36, 17, 7, 
2015/5/24, 53, 33, 21, 5, 
2015/5/25, 49, 38, 27, 10, 
2015/5/26, 53, 43, 44, 10, 
2015/5/27, 71, 46, 29, 8, 
2015/5/28, 63, 30, 6, 9, 
2015/5/29, 40, 18, 15, 5, 
2015/5/30, 29, 20, 18, , 
2015/5/31, 38, 10, 10, , 
2015/6/1, 24, 21, 10, 10, 
2015/6/2, 41, 23, 7, 12, 
2015/6/3, 43, 34, 19, , 
2015/6/4, 67, 22, 27, 8, 
2015/6/5, 51, 25, 23, 9, 
2015/6/6, 46, 29, 21, , 
2015/6/7, 42, 25, 21, , 
2015/6/8, 38, 36, 20, 9, 
2015/6/9, 45, 44, 24, 14, 
2015/6/10, 57, 46, 24, 12, 
2015/6/11, 62, 50, 25, 11, 
2015/6/12, 62, 49, 26, , 
2015/6/13, 69, 40, 28, , 
2015/6/14, 62, 48, 24, , 
2015/6/15, 59, 29, 7, 9, 
2015/6/16, 39, 29, 18, 10, 
2015/6/17, 52, 40, 21, 16, 
2015/6/18, 63, 45, 24, , 
2015/6/19, 61, 16, 16, 4, 
2015/6/20, 19, 20, 27, 4, 
2015/6/21, 29, 24, 24, 5, 
2015/6/22, 41, 31, 22, 7, 
2015/6/23, 47, 48, 21, 11, 
2015/6/24, 53, 21, 16, 8, 
2015/6/25, 32, 20, 22, 8, 
2015/6/26, 32, 28, 26, 10, 
2015/6/27, 45, 24, 24, 7, 
2015/6/28, 39, 26, 25, 5, 
2015/6/29, 37, 40, 23, 9, 
2015/6/30, 50, 38, 19, 9, 
2015/7/1, 47, 29, 7, 10, 
2015/1/2, 38, 18, 33, 3, 
2015/1/3, 25, 15, 15, 3, 
2015/1/4, 32, 23, 34, 4, 
2015/1/5, 27, 22, 13, 6, 
2015/1/6, 38, 15, 38, 4, 
2015/1/7, 29, 26, 16, 4, 
2015/1/8, 43, 15, 47, 3, 
2015/1/9, 28, 31, 49, 6, 
2015/1/10, 38, 21, 22, 4, 
2015/1/11, 40, 22, 51, 4, 
2015/1/12, 47, 23, 57, 6, 
2015/1/13, 39, 32, 70, 3, 
2015/1/14, 51, 40, 79, 8, 
2015/1/15, 73, 34, 69, 7, 
2015/1/16, 62, 32, 61, 6, 
2015/1/17, 58, 40, 67, 7, 
2015/1/18, 79, 31, 67, 4, 
2015/1/19, 58, 35, 56, 8, 
2015/1/20, 69, 39, 64, 8, 
2015/1/21, 62, 20, 61, 7, 
2015/1/22, 36, 11, 37, 3, 
2015/1/23, 20, 15, 47, 6, 
2015/1/24, 35, 16, 49, 4, 
2015/1/25, 33, 13, 41, 2, 
2015/1/26, 28, , , , 
2015/1/29, 30, 20, 19, 8, 
2015/1/30, 33, 16, 27, 6, 
2015/1/31, 26, 15, 44, 4, 
2015/2/1, 26, 16, 38, 4, 
2015/2/2, 37, 19, 32, 6, 
2015/2/3, 40, 19, 45, 6, 
2015/2/4, 34, 23, 31, 6, 
2015/2/5, 45, 15, 20, 8, 
2015/2/6, 27, 18, 27, 6, 
2015/2/7, 30, 26, 33, 5, 
2015/2/8, 35, 18, 32, 3, 
2015/2/9, 35, 15, 25, 5, 
2015/2/10, 20, 14, 19, 5, 
2015/2/11, 22, 15, 27, 5, 
2015/2/12, 22, 28, 24, 8, 
2015/2/13, 40, 25, 18, 8, 
2015/2/14, 36, 27, 32, 6, 
2015/2/15, 39, 20, 30, 4, 
2015/2/16, 32, 17, 28, 4, 
2015/2/17, 23, 12, 24, 4, 
2015/2/18, 25, 11, 24, 3, 
2015/2/19, 16, 17, 22, 4, 
2015/2/20, 21, 19, 26, 4, 
2015/2/21, 23, 27, 39, 6, 
2015/2/22, 43, 28, 39, 4, 
2015/2/23, 54, 29, 36, 7, 
2015/2/24, 49, 31, 34, 7, 
2015/2/25, 49, 23, 27, 6, 
2015/2/26, 35, 18, 29, 7, 
2015/2/27, 26, 26, 28, 8, 
2015/2/28, 41, 16, 33, 5, 
2015/3/1, 25, 20, 31, 3, 
2015/3/2, 33, 25, 35, 5, 
2015/3/3, 37, 34, 40, 7, 
2015/3/4, 56, 56, 37, 7, 
2015/3/5, 59, 36, 32, 9, 
2015/3/6, 60, 20, 32, 7, 
2015/3/7, 35, 19, 27, 6, 
2015/3/8, 41, 14, 19, 3, 
2015/3/9, 23, 16, 15, 6, 
2015/3/10, 20, 16, 18, 6, 
2015/3/11, 23, 17, 18, 5, 
2015/3/12, 20, 22, 17, 6, 
2015/3/13, 23, 20, 19, 8, 
2015/3/14, 28, 19, 18, 5, 
2015/3/15, 26, 20, 14, 4, 
2015/3/16, 28, , , , 
2015/3/18, 46, 34, 6, 9, 
2015/3/19, 49, 25, 19, 8, 
2015/3/20, 36, 25, 25, 8, 
2015/3/21, 43, 16, 22, 3, 
2015/3/22, 22, 20, 25, 4, 
2015/3/23, 24, 25, 37, 9, 
2015/3/24, 38, 26, 38, 9, 
2015/3/25, 42, 26, 35, 9, 
2015/3/26, 46, 32, 38, 9, 
2015/3/27, 60, 33, 47, 8, 
2015/3/28, 59, 36, 56, 6, 
2015/3/29, 59, 31, 36, 5, 
2015/3/30, 63, 22, 16, 6, 
2015/3/31, 38, 24, 21, 7, 
2015/4/1, 31, 31, 39, 9, 
2014/10/2, 53, 18, 33, 6, 
2014/10/3, 24, 24, 30, 8, 
2014/10/4, 30, 17, 29, 4, 
2014/10/5, 27, 17, 34, 3, 
2014/10/6, 31, 26, 34, 8, 
2014/10/7, 43, 52, 40, 14, 
2014/10/8, 73, 53, 57, 11, 
2014/10/9, 82, 52, 44, 13, 
2014/10/10, 76, 61, 43, 18, 
2014/10/11, 89, 56, 61, 11, 
2014/10/12, 80, 71, 69, 10, 
2014/10/13, 150, 65, 66, 16, 
2014/10/14, 114, 73, 62, 18, 
2014/10/15, 117, 58, 75, 10, 
2014/10/16, 104, 66, 87, 16, 
2014/10/17, 128, 65, 89, 12, 
2014/10/18, 108, 59, 82, 8, 
2014/10/19, 94, 62, 67, 8, 
2014/10/20, 121, 27, 38, 10, 
2014/10/21, 53, 26, 38, 8, 
2014/10/22, 38, 30, 46, 8, 
2014/10/23, 47, 36, 57, 9, 
2014/10/24, 59, 47, 58, 10, 
2014/10/25, 84, 25, 38, 7, 
2014/10/26, 59, 21, 47, 6, 
2014/10/27, 42, 20, 43, 7, 
2014/10/28, 44, 26, 49, 10, 
2014/10/29, 51, 33, 53, 9, 
2014/10/30, 57, 53, 56, 16, 
2014/10/31, 74, 45, 48, 7, 
2014/11/1, 53, 34, 45, 6, 
2014/11/2, 48, 26, 50, 5, 
2014/11/3, 48, 22, 41, 7, 
2014/11/4, 45, 16, 34, 6, 
2014/11/5, 33, 15, 27, 7, 
2014/11/6, 28, 17, 55, 8, 
2014/11/7, 34, 30, 44, 9, 
2014/11/8, 58, 13, 38, 5, 
2014/11/9, 27, 15, 43, 4, 
2014/11/10, 35, 17, 46, 7, 
2014/11/11, 38, 28, 52, 10, 
2014/11/12, 52, 37, 45, 11, 
2014/11/13, 64, 28, 36, 10, 
2014/11/14, 51, 17, 44, 8, 
2014/11/15, 30, 14, 42, 5, 
2014/11/16, 28, 12, 36, 3, 
2014/11/17, 25, 23, 42, 8, 
2014/11/18, 39, 31, 60, 9, 
2014/11/19, 50, 39, 46, 10, 
2014/11/20, 57, 41, 36, 10, 
2014/11/21, 66, 42, 53, 8, 
2014/11/22, 70, 29, 33, 8, 
2014/11/23, 59, 15, 36, 5, 
2014/11/24, 34, 18, 34, 10, 
2014/11/25, 42, 16, 31, 6, 
2014/11/26, 32, 12, 19, 6, 
2014/11/27, 26, 29, 38, 7, 
2014/11/28, 36, 19, 49, 9, 
2014/11/29, 38, 17, 36, 6, 
2014/11/30, 31, 15, 29, 4, 
2014/12/1, 30, 14, 34, 6, 
2014/12/2, 23, 18, 34, 4, 
2014/12/3, 28, 24, 32, 7, 
2014/12/4, 36, 26, 30, 9, 
2014/12/5, 44, 17, 36, 8, 
2014/12/6, 28, 17, 35, 6, 
2014/12/7, 29, 15, 33, 4, 
2014/12/8, 32, 20, 35, 5, 
2014/12/9, 33, 19, 33, 4, 
2014/12/10, 32, 12, 20, 5, 
2014/12/11, 24, 15, 30, 4, 
2014/12/12, 25, 15, 30, 4, 
2014/12/13, 27, 8, 24, 2, 
2014/12/14, 15, 13, 29, 4, 
2014/12/15, 29, 21, 56, 7, 
2014/12/16, 37, 27, 42, 7, 
2014/12/17, 42, 31, 45, 9, 
2014/12/18, 58, 34, 56, 10, 
2014/12/19, 63, 24, 31, 7, 
2014/12/20, 48, 9, 34, 2, 
2014/12/21, 23, 13, 25, 3, 
2014/12/22, 21, 12, 12, 3, 
2014/12/23, 22, 14, , 8, 
2014/12/24, 17, 11, 47, 4, 
2014/12/25, 25, 17, 36, 4, 
2014/12/26, 35, 19, 46, 5, 
2014/12/27, 43, 23, 44, 6, 
2014/12/28, 44, 22, 43, 4, 
2014/12/29, 38, , , , 
2014/7/2, 57, 66, 27, 17, 
2014/7/3, 87, 61, 35, 12, 
2014/7/4, 79, 62, 34, 14, 
2014/7/5, 84, 56, 32, 10, 
2014/7/6, 76, 46, 25, 8, 
2014/7/7, 63, 63, 12, 15, 
2014/7/8, 84, 25, 17, 10, 
2014/7/9, 51, 18, 12, 9, 
2014/7/10, 36, 17, 13, 9, 
2014/7/11, 41, 16, 15, 12, 
2014/7/12, 34, 20, 24, 8, 
2014/7/13, 44, 19, 27, 6, 
2014/7/14, 43, 29, 27, 9, 
2014/7/15, 56, 38, 33, 9, 
2014/7/16, 63, 41, 31, 10, 
2014/7/17, 62, 64, 29, 15, 
2014/7/18, 75, 34, 20, 10, 
2014/7/19, 46, 21, 28, 9, 
2014/7/20, 33, 36, 32, 10, 
2014/7/21, 66, 47, 29, 14, 
2014/7/22, 77, 59, 32, 16, 
2014/7/23, 92, 51, 31, 8, 
2014/7/24, 66, 42, 9, 10, 
2014/7/25, 64, 16, 12, 6, 
2014/7/26, 28, 22, 10, 7, 
2014/7/27, 45, 29, 2, 12, 
2014/7/28, 67, 20, 20, 11, 
2014/7/29, 32, 19, 23, 9, 
2014/7/30, 43, 23, 26, 11, 
2014/7/31, 50, 40, 29, 15, 
2014/8/1, 64, 49, 29, 15, 
2014/8/2, 65, 54, 35, 14, 
2014/8/3, 87, 50, 41, 11, 
2014/8/4, 76, 60, 27, 16, 
2014/8/5, 75, 36, 28, 10, 
2014/8/6, 46, 46, 34, 14, 
2014/8/7, 61, 62, 37, 15, 
2014/8/8, 79, 59, 37, 15, 
2014/8/9, 79, 28, 33, 9, 
2014/8/10, 43, 37, 35, 6, 
2014/8/11, 63, 52, 32, 13, 
2014/8/12, 69, 64, 34, 18, 
2014/8/13, 88, 45, 10, 15, 
2014/8/14, 67, 13, 16, 7, 
2014/8/15, 19, 24, 32, 11, 
2014/8/16, 44, 40, 34, 10, 
2014/8/17, 67, 29, 21, 10, 
2014/8/18, 57, 25, 37, 10, 
2014/8/19, 54, 28, 36, 12, 
2014/8/20, 58, 38, 38, 12, 
2014/8/21, 74, 48, 41, 11, 
2014/8/22, 78, 59, 45, 18, 
2014/8/23, 94, 53, 58, 11, 
2014/8/24, 89, 65, 39, 9, 
2014/8/25, 111, 68, 34, 16, 
2014/8/26, 104, 64, 35, 11, 
2014/8/27, 95, 27, 26, 10, 
2014/8/28, 44, 45, 34, 16, 
2014/8/29, 68, 36, 33, 13, 
2014/8/30, 62, 41, 43, 11, 
2014/8/31, 75, 55, 32, 7, 
2014/9/1, 109, 22, 27, 12, 
2014/9/8, 55, 47, 46, 9, 
2014/9/9, 73, 52, 39, 10, 
2014/9/10, 70, 60, 37, 10, 
2014/9/11, 81, 60, 41, 12, 
2014/9/12, 84, 50, 51, 12, 
2014/9/13, 87, 50, 58, 9, 
2014/9/14, 81, 57, 43, 9, 
2014/9/15, 93, 70, 44, 12, 
2014/9/16, 98, 61, 39, 14, 
2014/9/17, 94, 47, 59, 12, 
2014/9/18, 74, 55, 63, 15, 
2014/9/19, 88, 47, 30, 12, 
2014/9/20, 81, 26, 25, 6, 
2014/9/21, 66, 12, 30, 4, 
2014/9/22, 29, 22, 38, 8, 
2014/9/23, 42, 30, 46, 10, 
2014/9/24, 46, 53, 47, 9, 
2014/9/25, 74, 24, 39, 8, 
2014/9/26, 59, 27, 30, 11, 
2014/9/27, 62, 20, 26, 10, 
2014/9/28, 45, 18, 39, 6, 
2014/9/29, 38, 38, 38, 8, 
2014/9/30, 61, 27, 41, 10, 
2014/10/1, 42, 31, 35, 12, 
2014/4/2, 48, 28, 35, 9, 
2014/4/3, 50, 29, 52, 9, 
2014/4/4, 50, 22, 28, 8, 
2014/4/5, 35, 19, 40, 5, 
2014/4/6, 30, 29, 38, 4, 
2014/4/7, 54, 41, 48, 13, 
2014/4/8, 66, 48, 57, 15, 
2014/4/9, 75, 62, 41, 13, 
2014/4/10, 77, 36, 5, 11, 
2014/4/11, 49, 38, 47, 9, 
2014/4/12, 61, 37, 36, 6, 
2014/4/13, 52, 15, 27, 5, 
2014/4/14, 24, 22, 20, 10, 
2014/4/15, 29, 12, 14, 10, 
2014/4/16, 31, 28, 24, 13, 
2014/4/17, 39, 28, 32, 11, 
2014/4/18, 55, 24, 38, 7, 
2014/4/19, 53, 26, 39, 7, 
2014/4/20, 46, 17, 38, 4, 
2014/4/21, 36, 16, 32, 5, 
2014/4/22, 29, 25, 9, 10, 
2014/4/23, 61, , , , 
2014/4/25, 30, 66, 27, 9, 
2014/4/26, 35, 22, 27, 7, 
2014/4/27, 38, 26, 31, 6, 
2014/4/28, 37, 19, 25, 8, 
2014/4/29, 31, 20, 33, 6, 
2014/4/30, 37, 37, 28, 9, 
2014/5/1, 52, 37, 26, 6, 
2014/5/2, 47, 39, 29, 11, 
2014/5/3, 61, 49, 49, 12, 
2014/5/4, 83, 36, 29, 4, 
2014/5/5, 58, 43, 33, 12, 
2014/5/6, 62, 55, 34, 11, 
2014/5/7, 74, 62, 35, 12, 
2014/5/8, 81, 63, 31, 14, 
2014/5/9, 78, 49, 29, 11, 
2014/5/10, 69, 24, 27, 7, 
2014/5/11, 35, 15, 27, 4, 
2014/5/12, 29, 36, 30, 8, 
2014/5/13, 57, 52, 26, 14, 
2014/5/14, 76, 62, 37, 14, 
2014/5/15, 83, 50, 36, 13, 
2014/5/16, 82, 70, 31, 19, 
2014/5/17, 101, 39, 43, 9, 
2014/5/18, 72, 41, 33, 8, 
2014/5/19, 73, 50, 41, 14, 
2014/5/20, 82, 50, 38, 14, 
2014/5/21, 91, 61, 28, 11, 
2014/5/22, 83, 43, 20, 8, 
2014/5/23, 56, 12, 13, 8, 
2014/5/24, 25, 14, 11, 9, 
2014/5/25, 21, 13, 10, 7, 
2014/5/26, 33, 29, 11, 7, 
2014/5/27, 39, 19, 10, 7, 
2014/5/28, 27, 17, 13, 10, 
2014/5/29, 29, 25, 20, 12, 
2014/5/30, 45, 25, 28, 10, 
2014/5/31, 51, 32, 24, 9, 
2014/6/1, 55, 29, 13, 6, 
2014/6/2, 49, 22, 17, 9, 
2014/6/3, 37, 39, 23, 14, 
2014/6/4, 68, 49, 28, 16, 
2014/6/5, 75, 48, 24, 11, 
2014/6/6, 68, 49, 6, 15, 
2014/6/7, 74, 44, 30, 9, 
2014/6/8, 65, 42, 29, 6, 
2014/6/9, 55, 47, 33, 15, 
2014/6/10, 70, 23, 18, 12, 
2014/6/11, 36, 26, 26, 9, 
2014/6/12, 41, 32, 23, 7, 
2014/6/13, 53, 23, 4, 7, 
2014/6/14, 37, , , , 
2014/6/26, 78, 57, 28, 15, 
2014/6/27, 76, 58, 32, 13, 
2014/6/28, 81, 58, 32, 12, 
2014/6/29, 88, 41, 15, 4, 
2014/6/30, 53, 30, 21, 9, 
2014/7/1, 38, 43, 21, 14, 
2014/1/23, 27, 17, 23, , 
2014/1/24, 23, 23, , , 
2014/1/25, 34, , , , 
2014/1/28, 47, , , , 
2014/2/6, 51, 37, 48, 7, 
2014/2/7, 55, 38, 49, 8, 
2014/2/8, 55, 29, 52, 6, 
2014/2/9, 42, 25, 50, 4, 
2014/2/10, 49, 38, 61, 7, 
2014/2/11, 63, 35, 33, 7, 
2014/2/12, 62, 27, 35, 7, 
2014/2/13, 41, 36, 42, 9, 
2014/2/14, 59, 20, 46, 7, 
2014/2/15, 45, 13, 30, 6, 
2014/2/16, 24, , , , 
2014/2/18, 33, 20, 36, 6, 
2014/2/19, 29, 24, 35, 6, 
2014/2/20, 36, 22, 38, 6, 
2014/2/21, 38, 32, 35, 10, 
2014/2/22, 51, 21, 28, 4, 
2014/2/23, 38, 17, 29, 4, 
2014/2/24, 33, 16, 24, 7, 
2014/2/25, 26, 20, 35, 7, 
2014/2/26, 38, 25, 38, 10, 
2014/2/27, 40, 30, 43, 9, 
2014/2/28, 47, 14, 36, 6, 
2014/3/1, 27, 10, 31, 3, 
2014/3/2, 18, 15, 37, 3, 
2014/3/3, 33, 15, 38, 4, 
2014/3/4, 35, 16, 28, 4, 
2014/3/5, 29, 16, 18, 7, 
2014/3/6, 33, 23, 25, 7, 
2014/3/14, 59, 28, 35, 9, 
2014/3/15, 48, 29, 30, 7, 
2014/3/16, 43, 22, 38, 4, 
2014/3/17, 36, 36, 34, 9, 
2014/3/18, 42, 39, 53, 10, 
2014/3/19, 57, 26, 48, 6, 
2014/3/20, 47, 35, 34, 9, 
2014/3/21, 47, 20, 24, 6, 
2014/3/22, 30, 22, 21, 4, 
2014/3/23, 29, 8, 34, 2, 
2014/3/24, 14, 20, 34, 9, 
2014/3/25, 36, 24, 49, 9, 
2014/3/26, 41, 25, 35, 8, 
2014/3/27, 36, 21, 43, 7, 
2014/3/28, 33, 25, 40, 8, 
2014/3/29, 46, 24, 35, 5, 
2014/3/30, 44, 25, 24, 5, 
2014/3/31, 48, 17, 30, 4, 
2014/4/1, 27, 29, 44, 8, 
2021/5/2, , 25, 6, 5, 
2021/5/3, , 25, 6, 5, 
2021/5/4, , 39, 30, 8, 
2021/5/5, , 35, 26, 13, 
2021/5/6, , 44, 38, 16, 
2021/5/7, , 59, 35, 18, 
2021/5/8, , 21, 21, 5, 
2021/5/9, , 18, 28, 10, 
2021/5/10, , 18, 17, , 
2021/5/11, , 27, 27, , 
2021/5/12, , 50, 28, , 
2021/5/13, , 49, 27, , 
2021/5/14, , 10, 20, , 
2021/5/15, , 18, 24, , 
2021/5/16, , 27, 25, , 
2021/5/17, , 23, 27, , 
2021/5/18, , 33, 21, , 
2021/4/7, , 13, 30, 4, 
2021/4/8, , 13, 35, 4, 
2021/4/9, , 16, 26, 5, 
2021/4/10, , 25, 28, 5, 
2021/4/11, , 29, 27, 5, 
2021/4/12, , 34, 29, 8, 
2021/4/13, , 15, 17, 5, 
2021/4/14, , 20, 31, 5, 
2021/4/15, , 25, 32, 5, 
2021/4/16, , 31, 28, 5, 
2021/4/17, , 29, 22, 5, 
2021/4/18, , 11, 28, 2, 
2021/4/19, , 9, 16, 4, 
2021/4/20, , 12, 15, 4, 
2021/4/21, , 12, 18, 3, 
2021/4/22, , 14, 20, 4, 
2021/4/23, , 19, 23, 6, 
2021/4/24, , 30, 39, 7, 
2021/4/25, , 30, 33, 6, 
2021/4/26, , 33, 34, 8, 
2021/4/27, , 21, 28, 6, 
2021/4/28, , 20, 24, 5, 
2021/4/29, , 19, 29, 6, 
2021/4/30, , 22, 26, 6, 
2021/5/1, , 20, 33, 5, 
2020/11/9, , 44, 46, 5, 
2020/11/23, , 27, 38, 6, 
2020/4/1, , 29, 7, , 
2020/1/1, , 22, 31, 3, 
2019/10/10, , 30, 40, 4, 
2019/11/21, , 38, 45, 5, 2
2019/12/10, , 19, 16, 6, 
2019/7/2, , 67, 26, 11, 
2019/4/1, , 31, 25, 6, 
2019/4/16, , 21, 19, 5, 
2019/4/26, , 33, 36, 7, 
2019/6/30, , 30, 22, 5, 
2019/7/1, , 46, 24, 9, 
2019/1/1, , 20, 24, 2, 
2019/3/3, , 17, 23, 2, 
2018/10/9, , 20, 37, 12, 
2018/10/17, , 26, 37, 5, 
2018/8/12, , 23, 29, 6, 
2018/5/7, , 29, 35, 6, 
2018/3/20, , 27, 40, 5, 
2017/10/13, , 40, 50, 8, 
2017/10/14, , 32, 62, 4, 
2017/10/15, , 16, 34, 3, 
2017/10/16, , 22, 41, 6, 
2017/10/17, , 30, 42, 6, 
2017/10/18, , 49, 41, 8, 
2017/10/19, , 50, 40, 7, 
2017/10/20, , 44, 54, 7, 
2017/10/21, , 33, 40, 8, 
2017/10/22, , 28, 23, 5, 
2017/10/23, , 14, 20, 8, 
2017/10/24, , 21, 50, 7, 
2017/10/25, , 33, 48, 7, 
2017/10/26, , 11, 24, 6, 
2017/9/1, , 32, 42, 7, 
2017/9/10, , 49, 20, 9, 
2017/5/4, , 37, 22, 9, 
2017/5/18, , 26, 6, 11, 
2017/1/8, , 17, 32, 3, 
2017/1/9, , 18, 31, 3, 
2017/1/10, , 10, 27, 4, 
2017/1/11, , 12, 34, 3, 
2017/1/12, , 16, 25, 5, 
2017/1/13, , 16, 34, 4, 
2017/1/14, , 15, 33, 3, 
2017/1/15, , 12, 29, 2, 
2017/1/16, , 15, 17, 4, 
2016/10/9, , 32, 41, 6, 
2016/10/10, , 26, 41, 7, 
2016/10/11, , 39, 46, 8, 
2016/10/12, , 27, 37, 5, 
2016/10/13, , 19, 25, 6, 
2016/10/14, , 19, 22, 6, 
2016/10/15, , 19, 33, 5, 
2016/10/16, , 26, 43, 4, 
2016/10/17, , 39, 24, 10, 
2016/10/18, , 46, 63, 11, 
2016/10/19, , 49, 44, 11, 
2016/10/20, , 35, 46, 7, 
2016/10/21, , 19, 39, 7, 
2016/10/22, , 16, 35, 5, 
2016/10/23, , 15, 38, 3, 
2016/10/24, , 29, 39, 8, 
2016/10/25, , 15, 23, 7, 
2016/10/26, , 29, 40, 8, 
2016/8/18, , 34, 50, 8, 
2016/4/8, , 62, 53, 9, 
2016/5/3, , 46, 11, 28, 
2016/6/6, , 23, 3, 10, 
2015/10/29, , 13, 8, 6, 
2015/11/3, , 17, 27, 2, 
2016/1/3, , 12, 22, 2, 
2015/8/28, , 26, 40, , 
2015/9/18, , 55, 47, , 
2015/5/5, , 20, 25, 9, 
2015/1/1, , 19, 12, 3, 
2015/1/28, , 17, 26, 7, 
2015/3/17, , 25, 18, 8, 
2014/9/2, , 34, 45, 13, 
2014/9/3, , 13, 33, 7, 
2014/9/4, , 13, 29, 9, 
2014/9/5, , 16, 27, 10, 
2014/9/6, , 32, 35, 7, 
2014/9/7, , 38, 36, 6, 
2014/4/24, , 24, 19, 8, 
2014/6/25, , 58, 24, 16, 
2014/1/22, , 22, , 5, 
2014/1/27, , 27, , , 
2014/2/5, , 38, 54, , 
2014/2/17, , 18, 38, 9, 
2014/3/7, , 19, 30, 5, 
2014/3/8, , 15, 36, 6, 
2014/3/9, , 15, 30, 4, 
2014/3/10, , 24, 30, 6, 
2014/3/11, , 30, 30, 6, 
2014/3/12, , 19, 27, 9, 
2014/3/13, , 31, 30, 9, 
2017/11/4, , , 31, 3, 
2019/12/9, , , , , 1