date, pm25, pm10, o3, no2, co
2021/5/2, 31, 16, , , 
2021/5/3, 49, 24, , , 
2021/5/4, 72, 42, , , 
2021/5/5, 72, 50, , , 
2021/5/6, 91, 45, , , 
2021/5/7, 85, 5, , , 
2021/5/8, 12, 11, , , 
2021/5/9, 26, 13, , , 
2021/5/10, 29, 21, , , 
2021/5/11, 42, 27, , , 
2021/5/12, 56, 12, , , 
2021/5/13, 20, 9, , , 
2021/5/14, 23, 16, , , 
2021/5/15, 28, 21, , , 
2021/5/16, 40, 27, , , 
2021/5/17, 56, 30, , , 
2021/5/18, 62, 20, , , 
2021/5/19, 34, 28, , , 
2021/5/20, 60, 37, , , 
2021/5/21, 77, 45, , , 
2021/5/22, 82, , , , 
2021/4/8, 30, 15, , , 
2021/4/9, 31, 18, , , 
2021/4/10, 46, 26, , , 
2021/4/11, 58, 36, , , 
2021/4/12, 83, 43, , , 
2021/4/13, 56, 34, , , 
2021/4/14, 18, 14, , , 
2021/4/15, 26, 22, , , 
2021/4/16, 33, 29, , , 
2021/4/17, 58, 39, , , 
2021/4/18, 56, 33, , , 
2021/4/19, 24, 8, , , 
2021/4/20, 14, 7, , , 
2021/4/21, 18, 8, , , 
2021/4/22, 14, 7, , , 
2021/4/23, 21, 9, , , 
2021/4/24, 24, 9, , , 
2021/4/25, 21, 10, , , 
2021/4/26, 51, 23, , , 
2021/4/27, 39, 19, , , 
2021/4/28, 24, 10, , , 
2021/4/29, 28, 16, , , 
2021/4/30, 26, 11, , , 
2021/5/1, 24, 14, , , 
2021/2/2, 48, 28, , , 
2021/2/3, 56, 32, , , 
2021/2/4, 61, 35, , , 
2021/2/5, 64, 12, , , 
2021/2/6, 23, 18, , , 
2021/2/7, 38, 15, , , 
2021/2/8, 29, 16, , , 
2021/2/9, 29, 14, , , 
2021/2/10, 29, 15, , , 
2021/2/11, 30, 21, , , 
2021/2/12, 44, 21, , , 
2021/2/13, 45, 16, , , 
2021/2/14, 40, 20, , , 
2021/2/15, 45, 22, , , 
2021/2/16, 46, 21, , , 
2021/2/17, 44, 22, , , 
2021/2/18, 48, 27, , , 
2021/2/19, 50, 21, , , 
2021/2/20, 50, 18, , , 
2021/2/21, 44, 15, , , 
2021/2/22, 41, 15, , , 
2021/2/23, 37, 26, , , 
2021/2/24, 50, 33, , , 
2021/2/25, 66, 19, , , 
2021/2/26, 50, 14, , , 
2021/2/27, 35, 14, , , 
2021/2/28, 34, 17, , , 
2021/1/5, 34, 23, , , 
2021/1/6, 48, 24, , , 
2021/1/7, 49, 16, , , 
2021/1/8, 35, 17, , , 
2021/1/9, 39, 15, , , 
2021/1/10, 40, 28, , , 
2021/1/11, 47, 19, , , 
2021/1/12, 39, 22, , , 
2021/1/13, 57, 13, , , 
2021/1/14, 29, 13, , , 
2021/1/15, 28, 21, , , 
2021/1/16, 53, 25, , , 
2021/1/17, 55, 20, , , 
2021/1/18, 33, 18, , , 
2021/1/19, 36, 11, , , 
2021/1/20, 29, 21, , , 
2021/1/21, 43, 21, , , 
2021/1/22, 46, 27, , , 
2021/1/23, 48, 26, , , 
2021/1/24, 49, 21, , , 
2021/1/25, 48, 36, , , 
2021/1/26, 50, 25, , , 
2021/1/27, 49, 35, , , 
2021/1/28, 66, 26, , , 
2021/1/29, 47, 40, , , 
2021/1/30, 74, 34, , , 
2021/1/31, 60, 33, , , 
2021/2/1, 64, 25, , , 
2020/10/2, 88, , 31, , 
2020/10/3, 120, 34, 28, , 
2020/10/4, 50, 5, 18, , 
2020/10/5, 19, , , , 
2020/10/6, 46, , , , 
2020/10/7, 67, , , , 
2020/10/8, 68, , , , 
2020/10/9, 57, , , , 
2020/10/10, 43, , , , 
2020/10/11, 31, , 25, , 
2020/10/12, 38, , 18, , 
2020/10/13, 43, , , , 
2020/10/14, 71, , 13, , 
2020/10/15, 75, , , , 
2020/10/16, 37, , , , 
2020/10/17, 23, , , , 
2020/10/18, 21, , 22, , 
2020/10/19, 33, , 8, , 
2020/10/20, 57, , 8, , 
2020/10/21, 72, , 28, , 
2020/10/22, 58, , 19, , 
2020/10/23, 33, , 13, , 
2020/10/24, 39, , , , 
2020/10/25, 61, , , , 
2020/10/26, 53, , 17, , 
2020/10/27, 35, , 6, , 
2020/10/28, 57, , , , 
2020/10/29, 67, , , , 
2020/10/30, 59, , , , 
2020/10/31, 17, , , , 
2020/11/1, 12, , , , 
2020/11/2, 20, , , , 
2020/11/3, 19, , , , 
2020/11/4, 27, , , , 
2020/11/5, 20, , , , 
2020/11/6, 17, , , , 
2020/11/7, 24, , , , 
2020/11/8, 35, , , , 
2020/11/9, 51, , , , 
2020/11/10, 50, , , , 
2020/11/11, 34, , , , 
2020/11/12, 46, , , , 
2020/11/13, 40, , , , 
2020/11/14, 46, , , , 
2020/11/15, 45, , , , 
2020/11/16, 47, , , , 
2020/11/17, 49, , , , 
2020/11/18, 26, , , , 
2020/11/19, 24, , , , 
2020/11/20, 14, , , , 
2020/11/21, 19, , , , 
2020/11/22, 33, , , , 
2020/11/23, 28, , , , 
2020/11/24, 28, , , , 
2020/11/25, 37, , , , 
2020/11/26, 54, , , , 
2020/11/27, 54, , , , 
2020/11/28, 50, , , , 
2020/11/29, 49, , , , 
2020/11/30, 62, , , , 
2020/12/1, 45, , , , 
2020/12/2, 38, , , , 
2020/12/3, 38, , , , 
2020/12/4, 49, , , , 
2020/12/5, 39, , , , 
2020/12/6, 23, , , , 
2020/12/7, 27, , , , 
2020/12/8, 21, , , , 
2020/12/9, 22, , , , 
2020/12/10, 35, , , , 
2020/12/11, 28, , , , 
2020/12/12, 41, , , , 
2020/12/13, 36, 15, , , 
2020/12/14, 35, 15, , , 
2020/12/15, 34, 20, , , 
2020/12/16, 43, 22, , , 
2020/12/17, 50, 19, , , 
2020/12/18, 39, 18, , , 
2020/12/19, 37, 25, , , 
2020/12/20, 50, 15, , , 
2020/12/21, 38, 19, , , 
2020/12/22, 44, 9, , , 
2020/12/23, 24, 16, , , 
2020/12/24, 22, 13, , , 
2020/12/25, 30, 11, , , 
2020/12/26, 25, 14, , , 
2020/12/27, 24, 13, , , 
2020/12/28, 31, 15, , , 
2020/12/29, 38, 14, , , 
2020/12/30, 28, 14, , , 
2020/12/31, 37, 19, , , 
2021/1/1, 44, 17, , , 
2021/1/2, 43, 7, , , 
2021/1/3, 21, 9, , , 
2021/1/4, 25, 23, , , 
2020/7/2, 38, 31, 15, , 
2020/7/3, 49, 18, 17, , 
2020/7/4, 30, 34, 22, , 
2020/7/5, 60, 57, 17, , 
2020/7/6, 100, 41, 22, , 
2020/7/7, 59, 49, 15, , 
2020/7/8, 80, 53, 19, , 
2020/7/9, 54, 29, 15, , 
2020/7/10, 47, 30, 18, , 
2020/7/11, 47, 52, 16, , 
2020/7/12, 79, 53, 22, , 
2020/7/13, 87, 54, 16, , 
2020/7/14, 78, 13, 15, , 
2020/7/15, 23, 10, 15, , 
2020/7/16, 18, 23, 15, , 
2020/7/17, 44, 43, 17, , 
2020/7/18, 76, 40, 29, , 
2020/7/19, 81, 42, 31, , 
2020/7/20, 76, 60, 17, , 
2020/7/21, 97, 56, 20, , 
2020/7/22, 86, 58, 37, , 
2020/7/23, 98, 55, 35, , 
2020/7/24, 84, 58, 20, , 
2020/7/25, 82, 60, 26, , 
2020/7/26, 77, 14, 16, , 
2020/7/27, 29, 38, 19, , 
2020/7/28, 56, 57, 25, , 
2020/7/29, 84, 8, 20, , 
2020/7/30, 15, 5, 19, , 
2020/7/31, 14, 16, 17, , 
2020/8/1, 25, 26, 21, , 
2020/8/2, 47, 27, 25, , 
2020/8/3, 41, 36, 20, , 
2020/8/4, 55, 31, 29, , 
2020/8/5, 54, 37, 29, , 
2020/8/6, 59, 43, 27, , 
2020/8/7, 66, 47, 26, , 
2020/8/8, 74, 53, 40, , 
2020/8/9, 79, 42, 34, , 
2020/8/10, 71, 63, 27, , 
2020/8/11, 91, 68, 19, , 
2020/8/12, 98, 55, 24, , 
2020/8/13, 74, 61, 22, , 
2020/8/14, 94, 67, 25, , 
2020/8/15, 87, 62, 19, , 
2020/8/16, 68, 27, 16, , 
2020/8/17, 42, 28, 6, , 
2020/8/18, 38, 27, 5, , 
2020/8/19, 48, 18, 20, , 
2020/8/20, 35, 16, 19, , 
2020/8/21, 19, 5, 21, , 
2020/8/22, 10, 8, 19, , 
2020/8/23, 19, 26, 19, , 
2020/8/24, 26, 44, 19, , 
2020/8/25, 29, 52, 17, , 
2020/8/26, 36, 43, 21, , 
2020/8/27, 38, , 25, , 
2020/8/28, 57, , 37, , 
2020/8/29, 68, , 38, , 
2020/8/30, 82, , 31, , 
2020/8/31, 89, , 24, , 
2020/9/1, 29, , 20, , 
2020/9/2, 40, , 15, , 
2020/9/3, 45, , 24, , 
2020/9/4, 70, , 21, , 
2020/9/5, 80, , 37, , 
2020/9/6, 51, , 32, , 
2020/9/7, 83, , 39, , 
2020/9/8, 63, , 29, , 
2020/9/9, 56, , 29, , 
2020/9/10, 65, , 36, , 
2020/9/11, 72, , 44, , 
2020/9/12, 94, , 40, , 
2020/9/13, 123, , 57, , 
2020/9/14, 91, , 41, , 
2020/9/15, 104, , 20, , 
2020/9/16, 17, , 31, , 
2020/9/17, 56, , 24, , 
2020/9/18, 70, , 10, , 
2020/9/19, 102, , 35, , 
2020/9/20, 125, , 27, , 
2020/9/21, 22, , 18, , 
2020/9/22, 13, , 18, , 
2020/9/23, 16, , , , 
2020/9/24, 25, , , , 
2020/9/25, 45, , , , 
2020/9/26, 67, , , , 
2020/9/27, 93, , 17, , 
2020/9/28, 96, , , , 
2020/9/29, 66, , 21, , 
2020/9/30, 35, , , , 
2020/10/1, 69, , , , 
2020/4/2, 40, 30, 23, , 4
2020/4/3, 54, 30, 17, , 2
2020/4/4, 52, 22, 18, , 1
2020/4/5, 29, 21, 31, , 1
2020/4/6, 37, 36, 27, , 4
2020/4/7, 70, 17, 20, , 1
2020/4/8, 38, 7, 16, , 1
2020/4/9, 20, 16, 18, , 1
2020/4/10, 28, 18, 23, , 1
2020/4/11, 33, 16, 20, , 1
2020/4/12, 29, 13, 21, , 1
2020/4/13, 30, 23, 29, , 2
2020/4/14, 42, 30, 10, , 4
2020/4/15, 55, 32, 16, , 5
2020/4/16, 62, 28, 23, , 2
2020/4/17, 56, 17, 21, , 1
2020/4/18, 29, 13, 16, , 1
2020/4/19, 28, 14, 19, , 1
2020/4/20, 31, 14, 21, , 1
2020/4/21, 31, 20, 28, , 1
2020/4/22, 38, 20, 22, , 1
2020/4/23, 44, 20, 24, , 1
2020/4/24, 39, 23, 27, , 2
2020/4/25, 50, 38, 36, , 3
2020/4/26, 73, 38, 35, , 5
2020/4/27, 86, 21, 25, , 1
2020/4/28, 40, 20, 25, , 2
2020/4/29, 35, 34, 28, , 60
2020/4/30, 63, 59, 25, , 
2020/5/1, 101, 41, 26, , 
2020/5/2, 81, 30, 21, , 
2020/5/3, 62, 16, 18, , 
2020/5/4, 30, 20, 20, , 
2020/5/5, 34, 51, 20, , 
2020/5/6, 90, 48, 21, , 
2020/5/7, 81, 12, 16, , 
2020/5/8, 18, 11, 13, , 
2020/5/9, 22, 20, 20, , 
2020/5/10, 37, 31, 25, , 
2020/5/11, 58, 45, 20, , 
2020/5/12, 72, 56, 34, , 
2020/5/13, 95, 62, 9, , 
2020/5/14, 106, 22, 15, , 
2020/5/15, 45, 11, 15, , 
2020/5/16, 20, 17, 19, , 
2020/5/17, 36, 26, 36, , 
2020/5/18, 62, 35, 29, , 
2020/5/19, 69, 26, 20, , 
2020/5/20, 52, 29, 26, , 
2020/5/21, 58, 40, 19, , 
2020/5/22, 73, 58, 9, , 
2020/5/23, 77, 27, 10, , 
2020/5/24, 37, 16, 11, , 
2020/5/25, 25, 29, 14, , 
2020/5/26, 33, 40, 12, , 
2020/5/27, 54, 33, 18, , 
2020/5/28, 49, 28, 16, , 
2020/5/29, 47, 49, 32, , 
2020/5/30, 83, 74, 24, , 
2020/5/31, 125, 66, 27, , 
2020/6/1, 99, 69, 26, , 
2020/6/2, 131, 26, 9, , 
2020/6/3, 60, 16, 13, , 
2020/6/4, 35, 11, 14, , 
2020/6/5, 27, 35, 9, , 
2020/6/6, 70, 45, 9, , 
2020/6/7, 71, 26, 11, , 
2020/6/8, 44, 34, 10, , 
2020/6/9, 52, 52, 4, , 
2020/6/10, 81, 42, 6, , 
2020/6/11, 67, 57, 14, , 
2020/6/12, 85, 55, 19, , 
2020/6/13, 83, 65, 25, , 
2020/6/14, 114, 7, 16, , 
2020/6/15, 15, 11, 12, , 
2020/6/16, 20, 19, 14, , 
2020/6/17, 37, 32, 19, , 
2020/6/18, 50, 49, 11, , 
2020/6/19, 61, 60, 12, , 
2020/6/20, 82, 62, 19, , 
2020/6/21, 90, 65, 14, , 
2020/6/22, 130, 53, 33, , 
2020/6/23, 87, 60, 11, , 
2020/6/24, 97, 70, 15, , 
2020/6/25, 90, 64, 14, , 
2020/6/26, 82, 15, 13, , 
2020/6/27, 30, 5, 18, , 
2020/6/28, 12, 5, 16, , 
2020/6/29, 20, 20, 13, , 
2020/6/30, 40, 44, 13, , 
2020/7/1, 45, 29, 10, , 
2020/1/2, 86, 16, 18, , 2
2020/1/3, 39, 6, 15, , 1
2020/1/4, 19, 9, 19, , 1
2020/1/5, 17, 15, 19, , 1
2020/1/6, 25, 20, 21, , 3
2020/1/7, 35, 33, 28, , 5
2020/1/8, 54, 19, 20, , 4
2020/1/9, 39, 20, 12, , 3
2020/1/10, 30, 35, 21, , 5
2020/1/26, 31, 30, 33, , 6
2020/1/27, 58, 40, 41, , 5
2020/1/28, 64, 42, 38, , 4
2020/1/29, 70, 29, 27, , 3
2020/1/30, 51, 22, 19, , 3
2020/1/31, 32, 24, 11, , 4
2020/2/1, 33, 17, 13, , 3
2020/2/2, 31, 10, 18, , 2
2020/2/3, 28, 9, 17, , 2
2020/2/4, 24, 9, 15, , 1
2020/2/5, 17, 14, 17, , 2
2020/2/6, 24, 20, 26, , 2
2020/2/7, 42, 23, 25, , 3
2020/2/8, 46, 21, 27, , 5
2020/2/9, 39, 22, 15, , 7
2020/2/10, 45, 7, 15, , 1
2020/2/11, 20, 9, 13, , 1
2020/2/12, 18, 11, 10, , 1
2020/2/13, 19, 7, 15, , 1
2020/2/14, 21, 15, 23, , 1
2020/2/15, 33, 27, 27, , 4
2020/2/16, 48, 34, 32, , 4
2020/2/17, 70, 36, 51, , 3
2020/2/18, 74, 29, 52, , 5
2020/2/19, 55, 28, 24, , 5
2020/2/20, 50, 31, 19, , 5
2020/2/21, 59, 15, 15, , 2
2020/2/22, 31, 14, 17, , 2
2020/2/23, 32, 17, 18, , 1
2020/2/24, 27, 26, 35, , 2
2020/2/25, 51, 19, 23, , 3
2020/2/26, 44, 14, 19, , 5
2020/2/27, 31, 14, 18, , 1
2020/2/28, 22, 17, 10, , 1
2020/2/29, 20, 8, 13, , 1
2020/3/1, 20, 6, 14, , 1
2020/3/2, 18, 86, 16, , 1
2020/3/3, 14, 7, 13, , 1
2020/3/4, 18, 15, 13, , 1
2020/3/5, 24, 15, 13, , 1
2020/3/6, 26, 20, 18, , 1
2020/3/7, 29, 22, 24, , 1
2020/3/8, 45, 22, 29, , 2
2020/3/9, 43, 24, 36, , 1
2020/3/10, 49, 31, 45, , 2
2020/3/11, 57, 30, 31, , 1
2020/3/12, 58, 28, 25, , 1
2020/3/13, 51, 39, 45, , 2
2020/3/14, 69, 34, 45, , 2
2020/3/15, 67, 35, 28, , 5
2020/3/16, 62, 31, 21, , 3
2020/3/17, 47, 17, 26, , 3
2020/3/18, 31, 26, 39, , 3
2020/3/19, 56, 38, 20, , 5
2020/3/20, 67, 17, 16, , 3
2020/3/21, 31, 14, 19, , 1
2020/3/22, 31, 13, 22, , 1
2020/3/23, 27, 14, 18, , 1
2020/3/24, 26, 14, 17, , 1
2020/3/25, 27, 15, 21, , 1
2020/3/26, 30, 19, 27, , 1
2020/3/27, 33, 24, 31, , 1
2020/3/28, 47, 26, 34, , 2
2020/3/29, 48, 29, 6, , 2
2020/3/30, 64, , , , 
2019/10/2, 70, , 7, 12, 9
2019/10/3, 82, , 16, 8, 3
2019/10/4, 57, , 19, 11, 3
2019/10/5, 78, , 15, 10, 8
2019/10/6, 89, , 26, 6, 1
2019/10/7, 30, , 17, 4, 1
2019/10/8, 21, 33, 23, 7, 2
2019/10/9, 23, , 21, 6, 2
2019/10/10, 19, , 31, 5, 
2019/10/13, 54, 41, 43, 7, 
2019/10/14, 75, 37, 50, 8, 
2019/10/15, 65, 19, 48, 3, 
2019/10/16, 30, 20, 47, 6, 
2019/10/17, 38, 29, 45, 8, 
2019/10/18, 55, 36, 42, 6, 
2019/10/19, 70, 12, 49, 4, 
2019/10/20, 29, 15, 36, 3, 
2019/10/21, 24, 29, 17, 4, 
2019/10/22, 47, 20, 28, 4, 
2019/10/23, 39, 23, 40, 6, 
2019/10/24, 41, 28, 49, 7, 
2019/10/25, 50, 37, 39, 7, 
2019/10/26, 62, 29, 68, 10, 
2019/10/27, 61, 36, 37, 5, 
2019/10/28, 58, 34, 31, 6, 
2019/10/29, 51, 44, 40, 6, 
2019/10/30, 66, 38, 44, 7, 
2019/10/31, 63, 27, 45, 6, 
2019/11/1, 54, 24, 41, 5, 
2019/11/2, 48, 27, 36, 4, 
2019/11/3, 54, 39, 39, 5, 
2019/11/4, 70, 23, 39, 5, 
2019/11/5, 45, 33, 30, 5, 2
2019/11/6, 50, 11, 23, 5, 1
2019/11/7, 23, 17, 16, 6, 2
2019/11/8, 37, 18, 17, 4, 2
2019/11/9, 35, 8, 11, 5, 2
2019/11/10, 19, 20, 18, 4, 4
2019/11/11, 44, 11, 23, 4, 2
2019/11/12, 28, 15, 13, 4, 2
2019/11/13, 26, 26, 24, 4, 2
2019/11/14, 39, 33, 15, 4, 7
2019/11/15, 55, 15, 22, 3, 2
2019/11/16, 31, 19, 19, 3, 2
2019/11/17, 34, 22, 26, 3, 2
2019/11/18, 37, 17, 16, 7, 1
2019/11/19, 37, 13, 19, 5, 2
2019/11/20, 31, 14, 20, 5, 2
2019/11/21, 38, 24, 41, 5, 2
2019/11/22, 50, 33, 30, 4, 5
2019/11/23, 59, 18, 26, 2, 3
2019/11/24, 39, 17, 19, 2, 2
2019/11/25, 23, 21, 20, 4, 2
2019/11/26, 35, 35, 42, 5, 2
2019/11/27, 53, 37, 13, 4, 7
2019/11/28, 58, 11, 24, 2, 2
2019/11/29, 24, 28, 20, 4, 2
2019/11/30, 44, 33, 38, 2, 5
2019/12/1, 62, 22, 27, 2, 5
2019/12/2, 51, 14, 20, 3, 1
2019/12/3, 26, 24, 13, 5, 1
2019/12/4, 40, 31, 24, 3, 3
2019/12/5, 58, 34, 15, 2, 7
2019/12/6, 54, 16, 22, 4, 2
2019/12/7, 34, 20, 32, 3, 3
2019/12/8, 38, 21, 31, 3, 3
2019/12/9, 38, 33, 25, 3, 3
2019/12/10, 60, 28, 10, 4, 5
2019/12/11, 56, 26, 27, 5, 5
2019/12/12, 54, 25, 22, 5, 5
2019/12/13, 44, 25, 25, 3, 6
2019/12/14, 52, 20, 22, , 2
2019/12/15, 48, 20, 24, , 5
2019/12/16, 41, 36, 26, , 5
2019/12/17, 59, 21, 26, , 3
2019/12/18, 40, 13, 22, , 3
2019/12/19, 35, 11, 20, , 2
2019/12/20, 24, 34, 22, , 4
2019/12/21, 69, 31, 25, , 7
2019/12/22, 45, 18, 17, , 5
2019/12/23, 32, 17, 20, , 2
2019/12/24, 39, 15, 26, , 2
2019/12/25, 25, 28, 32, , 4
2019/12/26, 55, 25, 28, , 2
2019/12/27, 51, 24, 24, , 1
2019/12/28, 47, 26, 38, , 2
2019/12/29, 52, 25, 33, , 2
2019/12/30, 52, , , , 
2019/7/2, 90, 50, 27, 14, 7
2019/7/3, 85, 56, 26, 11, 8
2019/7/4, 93, 7, 20, 7, 3
2019/7/5, 21, 7, 12, 3, 4
2019/7/6, 18, 14, 22, 5, 3
2019/7/7, 38, 13, 27, 7, 3
2019/7/8, 32, 18, 29, 11, 3
2019/7/9, 42, 24, 32, 10, 4
2019/7/10, 54, 37, 32, 15, 6
2019/7/11, 75, 46, 39, 19, 9
2019/7/12, 93, 58, 35, 16, 12
2019/7/13, 119, 61, 42, 14, 12
2019/7/14, 113, 70, 36, 13, 13
2019/7/15, 129, 33, 35, 12, 4
2019/7/16, 66, 12, 26, 5, 2
2019/7/17, 28, 19, 23, 6, 3
2019/7/18, 42, 17, 30, 10, 3
2019/7/19, 37, 34, 28, 8, 6
2019/7/20, 62, 40, 26, 7, 8
2019/7/21, 77, 38, 23, 5, 9
2019/7/22, 74, 42, 22, 8, 7
2019/7/23, 74, 52, 23, 9, 8
2019/7/24, 94, 54, 26, 12, 9
2019/7/25, 102, 37, 26, 14, 4
2019/7/26, 80, 43, 30, 14, 6
2019/7/27, 85, 44, 30, 12, 8
2019/7/28, 82, 14, 32, 11, 1
2019/7/29, 31, 33, 28, 10, 3
2019/7/30, 65, 43, 24, 11, 7
2019/7/31, 81, 34, 33, 12, 6
2019/8/1, 66, 47, 34, 14, 7
2019/8/2, 91, 62, 31, 7, 10
2019/8/3, 134, 7, 21, 3, 1
2019/8/4, 29, 9, 10, 4, 1
2019/8/5, 21, 9, 11, 5, 1
2019/8/6, 32, , , 9, 
2019/8/10, 60, 59, 27, 8, 27
2019/8/11, 105, 24, 23, 11, 4
2019/8/12, 52, 53, 23, 10, 7
2019/8/13, 96, 41, 20, 11, 8
2019/8/14, 82, 6, 21, 4, 1
2019/8/15, 11, 21, 17, 7, 2
2019/8/16, 36, 41, 22, 11, 5
2019/8/17, 69, 57, 24, 10, 9
2019/8/18, 90, 59, 34, 10, 9
2019/8/19, 92, 7, 24, 12, 1
2019/8/20, 18, 4, 18, 7, 1
2019/8/21, 11, 7, 17, 8, 1
2019/8/22, 16, 14, 19, 6, 1
2019/8/23, 22, 13, 21, 7, 2
2019/8/24, 22, 11, 22, 6, 1
2019/8/25, 34, 17, 22, 4, 2
2019/8/26, 31, 28, 25, 10, 3
2019/8/27, 39, 37, 35, 8, 3
2019/8/28, 63, 30, 24, 8, 2
2019/8/29, 52, 45, 41, 9, 4
2019/8/30, 78, 62, 31, 11, 8
2019/8/31, 96, 63, 31, 9, 10
2019/9/1, 95, 20, 18, 3, 6
2019/9/2, 52, 8, 17, 6, 2
2019/9/3, 23, 24, 10, 11, 4
2019/9/4, 55, 7, 18, 8, 1
2019/9/5, 14, 5, 19, 5, 1
2019/9/6, 13, 13, 17, 7, 3
2019/9/7, 32, 34, 28, 6, 10
2019/9/8, 67, 46, 43, 8, 10
2019/9/9, 71, 58, 24, 8, 10
2019/9/10, 84, 62, 39, 12, 8
2019/9/11, 94, 65, 67, 16, 8
2019/9/12, 109, 70, 39, 18, 11
2019/9/13, 138, 8, 25, 9, 1
2019/9/14, 12, 11, 20, 8, 2
2019/9/15, 30, 34, 51, 9, 8
2019/9/16, 91, 51, 33, 11, 11
2019/9/17, 98, 61, 32, 13, 13
2019/9/18, 120, 49, 34, 12, 10
2019/9/19, 123, 40, 33, 16, 6
2019/9/20, 77, 46, 24, 10, 7
2019/9/21, 99, 4, 20, 5, 1
2019/9/22, 12, 3, 20, 2, 1
2019/9/23, 10, , 19, 3, 2
2019/9/24, 26, 29, 21, 7, 2
2019/9/25, 58, 22, 20, 9, 1
2019/9/26, 40, 8, 19, 7, 2
2019/9/27, 28, , , 7, 
2019/9/28, 32, , , 5, 
2019/9/29, 27, , 12, 4, 3
2019/9/30, 53, , 10, 10, 4
2019/10/1, 62, , 14, 10, 4
2019/4/2, 43, 25, 29, 6, 2
2019/4/3, 48, 44, 45, 9, 6
2019/4/4, 82, 60, 49, 11, 9
2019/4/5, 107, 64, 22, 4, 10
2019/4/6, 108, 20, 19, 5, 3
2019/4/7, 35, 18, 16, 3, 7
2019/4/8, 39, 8, 11, 3, 4
2019/4/9, 21, 4, 15, 4, 2
2019/4/10, 12, 8, 16, 3, 1
2019/4/11, 16, 18, 44, 5, 4
2019/4/12, 39, 34, 30, 10, 5
2019/4/13, 65, 33, 48, 5, 4
2019/4/14, 68, 23, 12, 3, 7
2019/4/15, 54, 29, 27, 5, 5
2019/4/16, 55, 31, 18, 4, 5
2019/4/17, 53, 15, 15, 7, 3
2019/4/18, 29, 17, 19, 9, 4
2019/4/19, 29, 22, 33, 8, 5
2019/4/20, 42, 44, 28, 10, 10
2019/4/21, 81, 47, 31, 8, 10
2019/4/22, 94, 37, 33, 10, 4
2019/4/23, 80, 23, 21, 12, 3
2019/4/24, 50, 25, 27, 8, 3
2019/4/25, 55, 35, 34, 9, 4
2019/4/26, 69, 38, 28, 12, 5
2019/4/27, 73, 48, 21, 8, 10
2019/4/28, 86, 40, 19, 5, 9
2019/4/29, 68, 14, 13, 5, 3
2019/4/30, 24, 24, 30, 9, 5
2019/5/1, 47, 31, 29, 8, 6
2019/5/2, 67, 49, 26, 11, 8
2019/5/3, 97, 52, 26, 7, 8
2019/5/4, 102, 47, 37, 6, 7
2019/5/5, 94, 33, 35, 7, 4
2019/5/6, 72, 45, 19, 9, 6
2019/5/7, 87, 12, 17, 9, 1
2019/5/8, 28, 13, 14, 5, 2
2019/5/9, 23, 25, 13, 5, 3
2019/5/10, 42, 41, 15, 5, 6
2019/5/11, 74, 49, 20, 5, 11
2019/5/12, 79, 30, 27, 7, 8
2019/5/13, 63, 19, 19, 7, 3
2019/5/14, 41, 33, 16, 3, 5
2019/5/15, 59, 9, 16, 7, 1
2019/5/16, 16, 5, 15, 5, 1
2019/5/17, 17, 8, 13, 5, 2
2019/5/18, 21, 8, 11, 4, 2
2019/5/19, 22, 16, 16, 7, 4
2019/5/20, 28, 21, 11, 11, 4
2019/5/21, 45, 50, 12, 14, 8
2019/5/22, 92, 49, 19, 13, 8
2019/5/23, 86, 53, 21, 15, 9
2019/5/24, 93, 31, 13, 6, 5
2019/5/25, 58, 13, 14, 7, 3
2019/5/26, 27, 21, 17, 10, 3
2019/5/27, 43, 42, 11, 18, 8
2019/5/28, 79, 57, , 12, 11
2019/5/29, 90, 16, 13, 12, 4
2019/5/30, 104, 28, 9, 11, 6
2019/5/31, 57, 45, 12, 8, 9
2019/6/1, 71, 13, 6, 10, 5
2019/6/2, 34, 10, 8, 7, 5
2019/6/3, 27, 12, 8, 6, 3
2019/6/4, 30, 9, 21, 7, 1
2019/6/5, 20, 11, 16, 9, 2
2019/6/6, 23, 26, 11, 12, 4
2019/6/7, 40, 48, 10, 14, 9
2019/6/8, 74, 50, 20, 15, 12
2019/6/9, 101, 32, 1, 10, 7
2019/6/10, 66, 37, , 11, 6
2019/6/11, 70, 24, 24, 14, 39
2019/6/12, 127, 42, 2, 14, 39
2019/6/13, 106, 63, 20, 12, 
2019/6/14, 124, 49, 23, 11, 
2019/6/15, 83, 43, 26, 11, 
2019/6/16, 77, 38, 27, 11, 
2019/6/17, 76, 29, 27, 13, 3
2019/6/18, 64, 44, 24, 13, 5
2019/6/19, 84, 58, 29, 14, 9
2019/6/20, 104, 39, 30, 12, 9
2019/6/21, 80, 22, 28, 10, 2
2019/6/22, 43, 32, 30, 10, 4
2019/6/23, 66, 52, 29, 10, 11
2019/6/24, 105, 64, 26, 13, 12
2019/6/25, 106, 57, 22, 9, 7
2019/6/26, 69, 50, 24, 8, 7
2019/6/27, 69, 20, 20, 10, 3
2019/6/28, 42, 47, 25, 12, 7
2019/6/29, 88, 53, 23, 9, 11
2019/6/30, 93, 60, 23, 8, 14
2019/7/1, 102, 51, 27, 13, 9
2019/2/14, 15, 8, 24, 3, 1
2019/2/26, 45, 23, 21, 15, 5
2019/2/27, 28, 12, 15, 18, 5
2019/3/4, 38, 17, 29, 1, 7
2019/3/5, 41, 20, 30, 1, 7
2019/3/6, 59, 30, 42, 1, 9
2019/3/7, 61, 28, 35, 3, 8
2019/3/8, 65, 36, 19, 2, 12
2019/3/9, 58, 35, 22, 5, 9
2019/3/10, 71, 37, 31, 5, 10
2019/3/11, 21, 12, 20, 2, 4
2019/3/12, 18, 8, 14, 4, 4
2019/3/13, 40, 18, 31, 4, 5
2019/3/14, 54, 30, 24, 4, 8
2019/3/15, 53, 30, 20, 4, 8
2019/3/16, 30, 16, 19, 4, 6
2019/3/17, 32, 14, 24, 3, 5
2019/3/18, 37, 13, 30, 2, 6
2019/3/19, 52, 26, 23, 4, 9
2019/3/20, 48, 26, 19, 4, 7
2019/3/21, 23, 11, 19, 3, 4
2019/3/22, 18, 6, 17, 3, 3
2019/3/23, 32, 16, 12, 4, 2
2019/3/24, 49, 23, 37, 3, 3
2019/3/25, 55, 24, 31, 5, 3
2019/3/26, 76, 43, 39, 9, 6
2019/3/27, 49, 22, 27, 10, 2
2019/3/28, 52, 26, 31, 6, 2
2019/3/29, 29, 15, 13, 4, 2
2019/3/30, 30, 15, 14, 4, 2
2019/3/31, 38, 19, 23, 4, 2
2019/4/1, 40, 19, 32, 3, 3
2018/10/2, 77, 52, 39, 15, 8
2018/10/3, 85, 43, 35, 17, 6
2018/10/4, 71, 13, 24, 3, 2
2018/10/5, 24, 10, 21, 6, 1
2018/10/6, 20, 18, 20, 9, 2
2018/10/7, 32, 18, 16, 9, 4
2018/10/8, 37, 30, 9, 22, 10
2018/10/9, 61, 38, 31, 19, 5
2018/10/10, 60, 37, 26, 9, 5
2018/10/11, 54, 6, 22, 4, 1
2018/10/12, 13, 18, 22, 5, 2
2018/10/13, 28, 46, 32, 13, 7
2018/10/14, 65, 10, 21, 3, 2
2018/10/15, 20, 17, 16, 10, 2
2018/10/16, 38, , , , 
2018/10/18, 64, 32, 32, 6, 4
2018/10/19, 46, 13, 26, 3, 1
2018/10/20, 25, 24, 27, 3, 2
2018/10/21, 26, 20, 23, 3, 2
2018/10/22, 26, 35, 35, 8, 2
2018/10/23, 52, 53, 34, 7, 5
2018/10/24, 80, 12, 23, 6, 2
2018/10/25, 26, 20, 17, 4, 3
2018/10/26, 46, 37, 27, 5, 3
2018/10/27, 59, 27, 23, 2, 4
2018/10/28, 38, 14, 25, 3, 1
2018/10/29, 19, 22, 21, 5, 2
2018/10/30, 33, 40, 40, 7, 2
2018/10/31, 59, 46, 32, 6, 5
2018/11/1, 67, 39, 27, 3, 5
2018/11/2, 52, 26, 32, 5, 2
2018/11/3, 48, 54, 34, 4, 4
2018/11/4, 56, 19, 22, 2, 2
2018/11/5, 23, , 21, 4, 1
2018/11/6, 26, , 20, 4, 2
2018/11/7, 42, , 20, 5, 1
2018/11/8, 29, 13, 19, 3, 1
2018/11/9, 19, 26, 22, 3, 2
2018/11/10, 39, 28, 31, 2, 3
2018/11/11, 45, 27, 25, 3, 2
2018/11/12, 52, 39, 37, 6, 3
2018/11/13, 71, 43, 38, 5, 3
2018/11/14, 62, 47, 28, 16, 
2018/12/13, 64, 45, 41, 22, 6
2018/12/14, 97, 52, 44, 22, 10
2018/12/15, 90, 37, 37, 14, 5
2018/12/16, 81, 35, 42, 6, 3
2018/12/17, 93, 44, 49, 14, 4
2018/12/18, 113, 26, 38, 14, 4
2018/12/19, 68, 25, 41, 11, 3
2018/12/20, 76, 37, 66, 13, 4
2018/12/21, 90, 35, 38, 16, 5
2018/7/2, 107, 75, 31, 22, 9
2018/7/3, 122, 54, 23, 11, 6
2018/7/4, 90, 19, 19, 12, 3
2018/7/5, 36, 60, 37, 24, 7
2018/7/6, 92, 76, 31, 23, 10
2018/7/7, 113, 66, 30, 20, 7
2018/7/8, 108, 76, 35, 13, 10
2018/7/9, 119, 23, 25, 4, 2
2018/7/10, 43, 10, 20, 4, 1
2018/7/11, 19, 17, 24, 3, 1
2018/7/12, 20, 32, 28, 13, 3
2018/7/13, 47, 58, 27, 21, 6
2018/7/14, 93, 77, 35, 26, 10
2018/7/15, 119, 90, 34, 19, 16
2018/7/16, 125, 81, 34, 25, 12
2018/7/17, 123, 54, 31, 16, 4
2018/7/18, 81, 72, 31, 23, 7
2018/7/19, 107, 73, 36, 21, 8
2018/7/20, 110, 90, 30, 26, 11
2018/7/21, 123, 69, 23, 14, 12
2018/7/22, 93, 15, 20, 7, 2
2018/7/23, 32, 54, 28, 21, 5
2018/7/24, 82, 33, 24, 6, 2
2018/7/25, 51, 29, 22, 10, 2
2018/7/26, 48, 50, 26, 17, 4
2018/7/27, 76, 64, 29, 22, 7
2018/7/28, 92, 73, 38, 21, 9
2018/7/29, 103, 99, 29, 21, 14
2018/7/30, 129, 58, 21, 11, 6
2018/7/31, 86, 14, 21, 7, 2
2018/8/1, 34, 10, 21, 6, 2
2018/8/2, 20, 22, 14, 11, 2
2018/8/3, 34, 32, 5, 20, 8
2018/8/4, 59, 40, 9, 15, 7
2018/8/5, 56, 27, 12, 9, 4
2018/8/6, 44, 17, 10, 13, 3
2018/8/7, 41, 25, 15, 10, 2
2018/8/8, 40, 69, 17, 19, 5
2018/8/9, 83, 50, 17, 14, 4
2018/8/10, 53, 54, 19, 15, 4
2018/8/11, 48, 45, 22, 12, 4
2018/8/12, 50, 25, 22, 4, 2
2018/8/13, 34, 35, 19, 10, 2
2018/8/14, 41, 47, 27, 18, 4
2018/8/15, 69, 21, 21, 6, 2
2018/8/16, 36, 13, 21, 4, 1
2018/8/17, 23, 15, 20, 4, 1
2018/8/18, 22, 22, 19, 8, 2
2018/8/19, 36, 41, 30, 12, 4
2018/8/20, 68, 65, 22, 16, 7
2018/8/21, 76, 42, 24, 13, 3
2018/8/22, 59, 47, 28, 20, 3
2018/8/23, 78, 72, 44, 26, 8
2018/8/24, 117, 74, 28, 23, 7
2018/8/25, 101, 34, 20, 11, 4
2018/8/26, 49, 11, 20, 2, 1
2018/8/27, 16, 16, 19, 8, 2
2018/8/28, 19, 32, 23, 12, 2
2018/8/29, 50, 48, 28, 19, 4
2018/8/30, 72, 61, 23, 19, 6
2018/8/31, 76, 78, 27, 25, 9
2018/9/1, 104, 67, 38, 17, 6
2018/9/2, 101, 53, 30, 13, 6
2018/9/3, 82, 39, 20, 15, 5
2018/9/4, 57, 13, 20, 4, 1
2018/9/5, 19, 16, 21, 4, 1
2018/9/6, 23, 32, 19, 10, 2
2018/9/7, 39, 36, 40, 8, 3
2018/9/8, 53, 38, 32, 6, 2
2018/9/9, 70, 37, 33, 4, 2
2018/9/10, 65, 36, 26, 8, 2
2018/9/11, 52, 35, 24, 7, 1
2018/9/12, 43, 30, 20, 8, 2
2018/9/13, 49, 36, 27, 9, 2
2018/9/14, 58, 31, 14, 20, 7
2018/9/15, 65, 26, 23, 7, 3
2018/9/16, 45, 11, 24, 1, 1
2018/9/17, 13, 37, 16, 18, 6
2018/9/18, 52, 53, 21, 19, 6
2018/9/19, 64, 47, 28, 16, 5
2018/9/20, 62, 35, 18, 23, 5
2018/9/21, 51, 27, 27, 9, 3
2018/9/22, 48, 37, 35, 12, 5
2018/9/23, 66, 44, 40, 9, 4
2018/9/24, 72, 52, 45, 15, 5
2018/9/25, 85, 37, 32, 10, 2
2018/9/26, 67, 45, 34, 14, 3
2018/9/27, 73, 40, 25, 14, 5
2018/9/28, 74, 20, 22, 7, 2
2018/9/29, 43, 25, 25, 7, 2
2018/9/30, 52, 40, 32, 13, 6
2018/10/1, 73, 50, 22, 25, 10
2018/4/2, 49, 27, 16, 14, 6
2018/4/3, 54, 25, 19, 8, 3
2018/4/4, 40, 22, 22, 8, 3
2018/4/5, 33, 34, 35, 10, 4
2018/4/6, 50, 31, 26, 7, 2
2018/4/7, 45, 37, 44, 11, 4
2018/4/8, 57, 26, 31, 5, 4
2018/4/9, 42, 32, 38, 12, 4
2018/4/10, 53, 38, 44, 12, 3
2018/4/11, 55, 40, 36, 13, 3
2018/4/12, 62, 51, 40, 19, 5
2018/4/13, 78, 46, 55, 14, 5
2018/4/14, 71, 30, 28, 4, 2
2018/4/15, 41, 7, 21, 4, 2
2018/4/16, 15, 16, 19, 8, 2
2018/4/17, 27, 21, 18, 10, 3
2018/4/18, 36, 31, 29, 14, 4
2018/4/19, 45, 44, 36, 16, 6
2018/4/20, 66, 44, 26, 17, 6
2018/4/21, 69, 40, 39, 9, 5
2018/4/22, 68, 37, 41, 7, 4
2018/4/23, 68, 43, 39, 13, 4
2018/4/24, 72, 40, 41, 12, 3
2018/4/25, 69, 48, 43, 17, 5
2018/4/26, 78, 53, 55, 17, 4
2018/4/27, 88, 42, 36, 12, 3
2018/4/28, 49, 45, 48, 11, 3
2018/4/29, 74, 38, 39, 11, 3
2018/4/30, 70, 54, 36, 16, 2
2018/5/1, 85, 46, 28, 10, 
2018/5/2, 82, 37, 26, 12, 
2018/5/3, 58, 47, 37, 13, 
2018/5/4, 70, 62, 42, 22, 
2018/5/5, 94, , , , 
2018/5/8, 29, 19, 17, 9, 
2018/5/9, 35, 27, 22, 10, 
2018/5/10, 38, 45, 28, 17, 
2018/5/11, 63, 68, 22, 25, 
2018/5/12, 97, 51, 20, 14, 1
2018/5/13, 67, 18, 23, 5, 2
2018/5/14, 28, 31, 20, 12, 2
2018/5/15, 49, 52, 12, 21, 8
2018/5/16, 77, 47, 25, 11, 6
2018/5/17, 72, 29, 21, 11, 2
2018/5/18, 49, 68, 21, 24, 9
2018/5/19, 91, 33, 15, 12, 5
2018/5/20, 45, 17, 19, 9, 3
2018/5/21, 30, 40, 26, 17, 5
2018/5/22, 64, 57, 37, 28, 6
2018/5/23, 97, 49, 32, 11, 4
2018/5/24, 81, 37, 29, 9, 3
2018/5/25, 61, 29, 25, 6, 3
2018/5/26, 57, 35, 33, 8, 3
2018/5/27, 67, 33, 33, 6, 2
2018/5/28, 70, 30, 28, 9, 3
2018/5/29, 56, 37, 28, 11, 3
2018/5/30, 64, 44, 29, 15, 4
2018/5/31, 72, 49, 30, 13, 6
2018/6/1, 79, 67, 24, 21, 9
2018/6/2, 108, 81, 21, 22, 11
2018/6/3, 118, 15, 22, 1, 2
2018/6/4, 27, 20, 21, 9, 2
2018/6/5, 36, 44, 13, 21, 8
2018/6/6, 74, 32, 10, 11, 4
2018/6/7, 48, 45, 13, 18, 7
2018/6/8, 74, 22, 13, 9, 2
2018/6/9, 37, 44, 17, 18, 7
2018/6/10, 79, 56, 17, 18, 13
2018/6/11, 92, 68, 18, 23, 13
2018/6/12, 94, 72, 16, 25, 11
2018/6/13, 94, 35, 13, 14, 4
2018/6/14, 51, 9, 19, 5, 1
2018/6/15, 15, 12, 19, 7, 1
2018/6/16, 20, 8, 22, 2, 1
2018/6/17, 15, 12, 18, 3, 2
2018/6/18, 22, 15, 16, 9, 2
2018/6/19, 30, 33, 19, 13, 2
2018/6/20, 54, 52, 22, 19, 5
2018/6/21, 68, 67, 20, 20, 8
2018/6/22, 91, 59, 21, 15, 7
2018/6/23, 92, 69, 20, 25, 12
2018/6/24, 97, 92, 24, 18, 18
2018/6/25, 118, 63, 20, 25, 8
2018/6/26, 84, 77, 18, 23, 8
2018/6/27, 106, 49, 25, 12, 5
2018/6/28, 79, 71, 25, 25, 7
2018/6/29, 106, 64, 31, 20, 6
2018/6/30, 86, 75, 31, 18, 11
2018/7/1, 116, 63, 50, 13, 5
2018/1/2, 96, 17, 19, 11, 5
2018/1/3, 35, 13, 18, 5, 3
2018/1/4, 23, 24, 28, 8, 3
2018/1/5, 38, 26, 49, 12, 3
2018/1/6, 50, 42, 26, 13, 6
2018/1/7, 74, 19, 21, 8, 4
2018/1/8, 45, 8, 22, 6, 3
2018/1/9, 22, 20, 25, 12, 5
2018/1/10, 42, 37, 42, 11, 4
2018/1/11, 65, 25, 28, 10, 4
2018/1/12, 51, 30, 27, 16, 6
2018/1/13, 53, 48, 22, 16, 8
2018/1/14, 68, 22, 26, 13, 7
2018/1/15, 41, 23, 25, 15, 5
2018/1/16, 45, 25, 30, 13, 4
2018/1/17, 42, 32, 48, 16, 6
2018/1/18, 65, 55, 35, 17, 6
2018/1/19, 78, 23, 25, 11, 5
2018/1/20, 45, 25, 43, 10, 5
2018/1/21, 57, 29, 48, 10, 6
2018/1/22, 62, 28, 45, 18, 6
2018/1/23, 60, 33, 35, 21, 7
2018/1/24, 61, 104, 36, 16, 6
2018/1/25, 53, 22, 29, 2, 3
2018/1/26, 35, 14, 22, 4, 2
2018/1/27, 27, 23, 19, 4, 3
2018/1/28, 36, 25, 35, 6, 4
2018/1/29, 47, 30, 23, 13, 6
2018/1/30, 55, 11, 19, 4, 2
2018/1/31, 17, 11, 20, 2, 2
2018/2/1, 18, 14, 17, 4, 2
2018/2/2, 20, 24, 20, 4, 2
2018/2/3, 18, 14, 15, 4, 2
2018/2/4, 19, 18, 23, 3, 2
2018/2/5, 31, 17, 17, 5, 2
2018/2/6, 26, 10, 16, 3, 1
2018/2/7, 17, 19, 20, 5, 2
2018/2/8, 27, 44, 40, 14, 5
2018/2/9, 64, 52, 51, 18, 6
2018/2/10, 76, 48, 26, 19, 9
2018/2/11, 70, 38, 29, 12, 7
2018/2/12, 61, 30, 23, 8, 5
2018/2/13, 46, 4, 22, 1, 2
2018/2/14, 13, 5, 19, 3, 2
2018/2/15, 13, 8, 17, 3, 2
2018/2/16, 16, 15, 16, 3, 2
2018/2/17, 20, 11, 16, 3, 2
2018/2/18, 18, 23, 25, 11, 5
2018/2/19, 47, 38, 26, 18, 7
2018/2/20, 60, 40, 18, 18, 7
2018/2/21, 54, 26, 22, 12, 4
2018/2/22, 43, 32, 28, 10, 4
2018/2/23, 51, 20, 24, 4, 2
2018/2/24, 35, 25, 28, 6, 3
2018/2/25, 38, 19, 27, 5, 3
2018/2/26, 36, 33, 30, 14, 4
2018/2/27, 48, 29, 21, 13, 5
2018/2/28, 51, 38, 35, 14, 4
2018/3/1, 68, 48, 38, 16, 5
2018/3/2, 84, 42, 27, 16, 5
2018/3/3, 77, , , , 
2018/3/7, 43, 21, 23, 8, 2
2018/3/8, 41, 11, 19, 6, 2
2018/3/9, 25, 29, 26, 10, 3
2018/3/10, 48, 31, 28, 10, 5
2018/3/11, 60, 43, 52, 9, 7
2018/3/12, 85, 49, 27, 10, 8
2018/3/13, 85, 19, 22, 8, 4
2018/3/14, 35, 39, 36, 15, 6
2018/3/15, 66, 36, 31, 23, 9
2018/3/16, 55, 29, 28, 7, 4
2018/3/17, 46, 34, 29, 9, 4
2018/3/18, 56, 34, 45, 7, 4
2018/3/19, 62, 52, 23, 18, 9
2018/3/20, 100, 30, 33, 10, 5
2018/3/27, 45, 29, 30, 13, 4
2018/3/28, 47, 42, 40, 20, 6
2018/3/29, 60, 45, 40, 13, 5
2018/3/30, 71, 30, 46, 12, 5
2018/3/31, 57, 33, 35, 15, 7
2018/4/1, 59, 32, 22, 15, 8
2017/10/2, 56, 33, 22, 20, 8
2017/10/3, 60, 21, 25, 13, 4
2017/10/4, 39, 25, 26, 12, 3
2017/10/5, 41, 41, 46, 18, 5
2017/10/6, 62, 54, 47, 24, 9
2017/10/7, 81, 17, 31, 16, 6
2017/10/8, 42, 25, 27, 10, 5
2017/10/9, 61, 36, 37, 14, 6
2017/10/10, 67, 44, 59, 17, 6
2017/10/11, 76, 48, 54, 20, 6
2017/10/12, 83, 33, 59, 10, 5
2017/10/13, 71, 35, 55, 18, 7
2017/10/14, 69, 25, 37, 7, 4
2017/10/15, 46, 8, 22, 4, 2
2017/10/16, 17, 16, 21, 8, 2
2017/10/17, 38, 26, 35, 10, 3
2017/10/18, 53, 41, 47, 19, 5
2017/10/19, 69, 56, 42, 20, 6
2017/10/20, 82, 20, 34, 7, 3
2017/10/21, 35, 42, 23, 26, 11
2017/10/22, 83, 33, 15, 17, 8
2017/10/23, 73, 13, 20, 5, 2
2017/10/24, 27, 26, 19, 9, 2
2017/10/25, 31, 31, 43, 13, 4
2017/10/26, 56, 28, 30, 22, 7
2017/10/27, 17, 35, 22, 23, 8
2017/11/8, 39, 28, 32, 10, 3
2017/11/9, 54, 31, 33, 15, 4
2017/11/10, 61, 49, 36, 17, 7
2017/11/11, 74, 16, 28, 6, 4
2017/11/12, 31, 33, 33, 9, 8
2017/11/13, 59, 28, 28, 6, 2
2017/11/14, 44, 34, 34, 13, 3
2017/11/15, 51, 40, 57, 12, 5
2017/11/16, 70, 59, 36, 22, 9
2017/11/17, 92, 36, 26, 24, 8
2017/11/18, 61, 30, 31, 17, 8
2017/11/19, 50, 13, 27, 6, 4
2017/11/20, 28, 11, 25, 7, 3
2017/11/21, 28, 26, 29, 19, 6
2017/11/22, 49, 36, 4, 36, 10
2017/11/23, 76, 20, 20, 10, 3
2017/11/24, 42, 35, 33, 15, 5
2017/11/25, 62, 44, 40, 12, 5
2017/11/26, 76, 27, 28, 13, 7
2017/11/27, 50, 18, 22, 14, 5
2017/11/28, 37, 10, 20, 5, 2
2017/11/29, 14, 21, 27, 8, 2
2017/11/30, 31, 26, 25, 9, 3
2017/12/1, 47, 17, 24, 6, 2
2017/12/2, 36, 11, 23, 6, 3
2017/12/3, 24, 18, 31, 6, 4
2017/12/4, 36, 30, 38, 10, 3
2017/12/5, 55, 21, 26, 5, 2
2017/12/6, 39, 27, 23, 9, 3
2017/12/7, 48, 38, 22, 15, 5
2017/12/8, 65, , , , 
2017/12/10, 31, 31, 28, 6, 3
2017/12/11, 52, 39, 29, 10, 7
2017/12/12, 66, 17, 18, 4, 2
2017/12/13, 22, 25, 25, 8, 3
2017/12/14, 44, 47, 44, 14, 4
2017/12/15, 74, 47, 35, 15, 6
2017/12/16, 76, 48, 49, 12, 5
2017/12/17, 84, 41, 38, 13, 7
2017/12/18, 65, 23, 30, 3, 2
2017/12/19, 31, 28, 33, 7, 3
2017/12/20, 50, 30, 41, 13, 4
2017/12/21, 54, 23, 18, 18, 7
2017/12/22, 43, 29, 18, 20, 9
2017/12/23, 52, 28, 26, 16, 8
2017/12/24, 41, 26, 21, 11, 8
2017/12/25, 55, 35, 17, 6, 5
2017/12/26, 53, 15, 28, 6, 3
2017/12/27, 31, 19, 22, 7, 3
2017/12/28, 36, 19, 17, 8, 3
2017/12/29, 43, 28, 18, 22, 9
2017/12/30, 55, 17, 19, 13, 8
2017/12/31, 37, 30, 12, 11, 9
2018/1/1, 66, 52, 10, 9, 8
2017/7/2, 51, 11, 22, 2, 2
2017/7/3, 19, 20, 20, 9, 2
2017/7/4, 29, 21, 21, 12, 3
2017/7/5, 26, 37, 21, 14, 5
2017/7/6, 55, 45, 25, 17, 6
2017/7/7, 68, 37, 20, 16, 5
2017/7/8, 64, 34, 26, 15, 6
2017/7/9, 61, 43, 25, 13, 7
2017/7/10, 80, 46, 20, 18, 7
2017/7/11, 78, 52, 31, 20, 7
2017/7/12, 84, 42, 23, 11, 4
2017/7/13, 71, 47, 29, 18, 4
2017/7/14, 86, 60, 29, 23, 8
2017/7/15, 97, 64, 18, 21, 13
2017/7/16, 86, 56, 21, 15, 11
2017/7/17, 72, 47, 23, 13, 7
2017/7/18, 67, 7, 21, 2, 1
2017/7/19, 12, 16, 22, , 2
2017/7/20, 30, 36, 19, 17, 4
2017/7/21, 62, 63, 23, 23, 9
2017/7/22, 96, 47, 26, 11, 11
2017/7/23, 61, , 33, 13, 7
2017/7/24, 74, , 24, 21, 6
2017/7/25, 60, , 34, 24, 8
2017/7/26, 88, , 33, 19, 8
2017/7/27, 88, , 28, 12, 4
2017/7/28, 70, , 29, 16, 4
2017/7/29, 72, , 29, 13, 5
2017/7/30, 68, , 27, 13, 5
2017/7/31, 64, 46, 22, 18, 6
2017/8/1, 81, 65, 16, 23, 8
2017/8/2, 102, 76, 18, 26, 8
2017/8/3, 115, 59, 19, 17, 5
2017/8/4, 81, 9, 25, 2, 1
2017/8/5, 17, 16, 25, 5, 2
2017/8/6, 22, 17, 26, 6, 2
2017/8/7, 24, 47, 26, 24, 6
2017/8/8, 66, 82, 23, 30, 12
2017/8/9, 116, 65, 37, 16, 6
2017/8/10, 94, 17, 21, 7, 1
2017/8/11, 32, 29, 23, 11, 2
2017/8/12, 46, 45, 33, 17, 6
2017/8/13, 81, 68, 32, 22, 12
2017/8/14, 103, 46, 23, 10, 4
2017/8/15, 68, 21, 21, 15, 6
2017/8/16, 39, 14, 16, 13, 4
2017/8/17, 39, 8, 21, 9, 2
2017/8/18, 21, 24, 19, 15, 4
2017/8/19, 45, 39, 4, 21, 15
2017/8/20, 83, 18, 24, 9, 4
2017/8/21, 40, 8, 27, 4, 1
2017/8/22, 14, 21, 21, 11, 2
2017/8/23, 33, 42, 29, 16, 4
2017/8/24, 66, 40, 27, 14, 3
2017/8/25, 66, 39, 33, 12, 3
2017/8/26, 65, 48, 41, 18, 6
2017/8/27, 80, 46, 57, 12, 6
2017/8/28, 82, 38, 36, 8, 2
2017/8/29, 68, 56, 51, 23, 4
2017/8/30, 106, 75, 44, 25, 9
2017/8/31, 113, 18, 33, 6, 2
2017/9/1, 38, 18, 21, 9, 2
2017/9/2, 30, 35, 36, 10, 3
2017/9/3, 55, 38, 46, 9, 3
2017/9/4, 61, 57, 36, 22, 6
2017/9/5, 79, 65, 49, 23, 8
2017/9/6, 101, , , , 
2017/9/11, 108, 64, 45, 21, 7
2017/9/12, 105, 57, 44, 15, 5
2017/9/13, 86, 60, 48, 24, 5
2017/9/14, 105, 86, 42, 27, 9
2017/9/15, 125, 78, 51, 23, 8
2017/9/16, 114, 46, 77, 10, 4
2017/9/17, 78, 45, 50, 11, 5
2017/9/18, 86, 32, 37, 7, 3
2017/9/19, 56, 46, 33, 10, 3
2017/9/20, 87, 46, 33, 11, 2
2017/9/21, 83, 58, 61, 19, 4
2017/9/22, 102, 74, 53, 26, 8
2017/9/23, 114, 69, 39, 15, 9
2017/9/24, 102, 28, 36, 1, 1
2017/9/25, 50, 40, 35, 8, 2
2017/9/26, 58, 45, 43, 13, 3
2017/9/27, 69, 58, 48, 20, 6
2017/9/28, 94, 43, 31, 8, 4
2017/9/29, 76, 24, 25, 9, 3
2017/9/30, 46, 25, 25, 17, 8
2017/10/1, 56, 28, 33, 14, 7
2017/4/2, 20, 11, 22, 3, 2
2017/4/3, 19, 24, 32, 10, 3
2017/4/4, 41, 35, 39, 13, 4
2017/4/5, 57, 54, 34, 25, 8
2017/4/6, 85, 40, 14, 21, 9
2017/4/7, 72, 7, 19, 5, 2
2017/4/8, 13, 14, 25, 7, 4
2017/4/9, 31, 11, 21, 4, 3
2017/4/10, 27, 34, 49, 16, 5
2017/4/11, 67, 30, 25, 12, 4
2017/4/12, 46, 11, 21, 3, 2
2017/4/13, 23, 12, 19, 5, 2
2017/4/14, 20, 18, 22, 7, 4
2017/4/15, 38, 25, 29, 9, 4
2017/4/16, 54, 38, 32, 12, 7
2017/4/17, 66, 11, 20, 3, 2
2017/4/18, 19, 17, 20, 7, 2
2017/4/19, 24, 19, 20, 10, 3
2017/4/20, 33, 40, 36, 21, 5
2017/4/21, 66, 40, 18, 15, 8
2017/4/22, 65, 12, 20, 6, 3
2017/4/23, 23, 17, 20, 4, 2
2017/4/24, 26, 28, 27, 14, 4
2017/4/25, 40, 37, 23, 19, 6
2017/4/26, 62, 31, 10, 18, 8
2017/4/27, 52, 15, 18, 5, 3
2017/4/28, 26, 19, 20, 6, 2
2017/4/29, 26, 17, 19, 8, 3
2017/4/30, 34, 17, 21, 6, 3
2017/5/1, 35, 19, 26, 6, 3
2017/5/2, 41, 29, 24, 14, 4
2017/5/3, 55, 41, 39, 16, 5
2017/5/4, 72, 50, 20, 23, 7
2017/5/5, 86, 28, 15, 21, 9
2017/5/6, 64, 16, 21, 9, 4
2017/5/7, 33, 10, 20, 4, 3
2017/5/8, 26, 25, 31, 13, 4
2017/5/9, 52, 38, 23, 20, 6
2017/5/10, 71, 18, 21, 4, 2
2017/5/11, 33, 15, 19, 8, 3
2017/5/12, 32, 25, 21, 13, 4
2017/5/13, 41, 48, 23, 21, 13
2017/5/14, 72, 41, 19, 11, 8
2017/5/15, 64, 20, 20, 6, 2
2017/5/16, 29, 22, 18, 9, 3
2017/5/17, 36, 27, 16, 11, 3
2017/5/18, 39, 28, 13, 13, 4
2017/5/19, 53, 14, 12, 13, 6
2017/5/20, 36, 24, 19, 14, 6
2017/5/21, 48, 24, 8, 12, 8
2017/5/22, 54, 8, 19, 5, 2
2017/5/23, 20, 15, 19, 7, 3
2017/5/24, 27, 45, 25, 25, 8
2017/5/25, 81, 46, 21, 22, 9
2017/5/26, 84, 61, 33, 21, 11
2017/5/27, 106, 35, 35, 8, 7
2017/5/28, 71, 17, 23, 5, 4
2017/5/29, 41, 42, 19, 20, 7
2017/5/30, 78, 17, 19, 7, 3
2017/5/31, 39, 36, 21, 18, 5
2017/6/1, 61, 48, 9, 17, 9
2017/6/2, 80, 19, 19, 8, 3
2017/6/3, 30, 30, 29, 12, 4
2017/6/4, 54, 54, 20, 21, 8
2017/6/5, 100, 29, 11, 20, 10
2017/6/6, 57, 30, 7, 24, 13
2017/6/7, 65, 43, 17, 25, 11
2017/6/8, 76, 53, 21, 24, 12
2017/6/9, 84, 30, 12, 15, 7
2017/6/10, 55, 22, 19, 13, 6
2017/6/11, 43, 52, 40, 14, 11
2017/6/12, 107, 57, 20, 23, 13
2017/6/13, 105, 45, 4, 25, 12
2017/6/14, 95, 14, 16, 9, 4
2017/6/15, 35, 21, 19, 8, 4
2017/6/16, 51, 42, 21, 17, 6
2017/6/17, 70, 68, 19, 19, 13
2017/6/18, 110, 68, 20, 19, 16
2017/6/19, 112, 52, 20, 13, 9
2017/6/20, 81, 4, 20, 4, 2
2017/6/21, 11, 14, 18, 9, 3
2017/6/22, 25, 21, 18, 12, 4
2017/6/23, 41, 42, 22, 15, 6
2017/6/24, 61, 31, 25, 12, 5
2017/6/25, 62, 27, 28, 8, 4
2017/6/26, 51, 38, 21, 16, 5
2017/6/27, 62, 41, 19, 20, 6
2017/6/28, 68, 49, 23, 20, 7
2017/6/29, 79, 55, 24, 20, 8
2017/6/30, 91, 65, 21, 20, 10
2017/7/1, 104, 26, 21, 5, 3
2017/1/3, 38, 21, 32, 11, 4
2017/1/4, 53, 28, 34, 19, 6
2017/1/5, 60, 31, 30, 18, 6
2017/1/6, 58, 18, 22, 11, 5
2017/1/7, 37, 13, 25, 5, 3
2017/1/8, 23, 20, 29, 10, 6
2017/1/9, 47, 32, 28, 16, 7
2017/1/10, 63, 17, 31, 10, 4
2017/1/11, 37, 26, 28, 14, 5
2017/1/12, 55, 12, 21, 4, 3
2017/1/13, 25, 11, 18, 4, 3
2017/1/14, 22, 25, 58, 10, 4
2017/1/15, 57, 20, 41, 6, 4
2017/1/16, 47, 18, 26, 14, 5
2017/1/17, 40, 17, 20, 18, 7
2017/1/18, 39, 19, 15, 20, 8
2017/1/19, 50, 14, 14, 10, 5
2017/1/20, 37, 14, 19, 15, 6
2017/1/21, 33, 16, 24, 13, 7
2017/1/22, 43, 15, 22, 15, 7
2017/1/23, 42, 26, 25, 21, 8
2017/1/24, 54, 27, 32, 17, 7
2017/1/25, 56, 16, 23, 12, 5
2017/1/26, 35, 23, 12, 18, 8
2017/1/27, 50, 20, 17, 9, 5
2017/1/28, 45, 18, 33, 8, 4
2017/1/29, 38, 22, 37, 5, 3
2017/1/30, 51, 26, 32, 10, 4
2017/1/31, 54, 26, 30, 10, 3
2017/2/1, 50, 29, 24, 19, 7
2017/2/2, 55, 30, 25, 20, 8
2017/2/3, 60, 23, 26, 19, 7
2017/2/4, 50, 22, 18, 15, 9
2017/2/5, 46, 27, 29, 11, 8
2017/2/6, 58, 30, 24, 16, 7
2017/2/7, 61, 18, 22, 8, 4
2017/2/8, 40, 24, 22, 7, 3
2017/2/9, 45, 21, 25, 8, 3
2017/2/10, 37, 23, 33, 9, 3
2017/2/11, 43, 29, 40, 11, 5
2017/2/12, 57, 28, 35, 12, 6
2017/2/13, 54, 36, 35, 16, 7
2017/2/14, 57, 32, 45, 15, 5
2017/2/15, 55, 36, 39, 13, 5
2017/2/16, 61, 42, 45, 15, 5
2017/2/17, 74, 47, 44, 16, 6
2017/2/18, 82, 50, 49, 17, 7
2017/2/19, 95, 41, 48, 9, 5
2017/2/20, 75, 39, 51, 11, 4
2017/2/21, 75, 37, 43, 10, 3
2017/2/22, 69, 40, 40, 16, 5
2017/2/23, 68, 44, 46, 17, 7
2017/2/24, 76, 23, 30, 17, 6
2017/2/25, 54, 27, 20, 18, 9
2017/2/26, 60, 28, 35, 10, 7
2017/2/27, 64, 27, 29, 11, 5
2017/2/28, 63, 32, 34, 13, 6
2017/3/1, 72, 37, 31, 19, 8
2017/3/2, 76, 21, 23, 14, 6
2017/3/3, 46, 24, 18, 16, 8
2017/3/4, 43, 20, 21, 14, 8
2017/3/5, 46, 15, 18, 6, 5
2017/3/6, 31, 22, 8, 10, 4
2017/3/7, 32, 16, 23, 10, 4
2017/3/8, 38, 17, 18, 10, 4
2017/3/9, 36, 33, , 14, 5
2017/3/10, 61, 39, , 18, 8
2017/3/11, 68, 28, , 3, 4
2017/3/12, 55, 30, , 14, 6
2017/3/13, 58, 14, 18, 6, 3
2017/3/14, 25, 13, 18, 9, 3
2017/3/15, 30, 24, 30, 12, 4
2017/3/16, 51, 41, 32, 18, 5
2017/3/17, 69, 28, 28, 9, 5
2017/3/18, 54, 6, 20, 4, 2
2017/3/19, 15, 4, 18, 4, 2
2017/3/20, 14, 12, 20, 6, 2
2017/3/21, 21, 14, 18, 5, 2
2017/3/22, 19, 20, 23, 7, 3
2017/3/23, 29, 27, 28, 11, 3
2017/3/24, 46, 39, 41, 14, 4
2017/3/25, 65, 29, 23, 7, 3
2017/3/26, 51, 16, 21, 4, 3
2017/3/27, 27, 22, 18, 5, 2
2017/3/28, 30, 16, 20, 6, 3
2017/3/29, 31, 13, 18, 5, 2
2017/3/30, 22, 14, 19, 4, 2
2017/3/31, 22, 10, 17, 4, 2
2017/4/1, 18, 14, 20, 3, 2
2016/10/2, 20, 10, 28, 6, 5
2016/10/3, 22, 17, 21, 17, 6
2016/10/4, 44, 26, 31, 9, 4
2016/10/5, 30, 10, 31, 10, 4
2016/10/6, 22, 22, 33, 14, 5
2016/10/7, 35, 6, 30, 2, 2
2016/10/8, 14, 15, 37, 12, 5
2016/10/9, 30, 16, 32, 5, 4
2016/10/10, 32, 21, 29, 11, 4
2016/10/11, 36, 23, 33, 13, 4
2016/10/12, 51, 33, 52, 16, 8
2016/10/13, 71, 28, 31, 24, 8
2016/10/14, 56, 31, 32, 28, 10
2016/10/15, 54, 23, 48, 15, 7
2016/10/16, 49, 37, 54, 20, 12
2016/10/17, 69, 37, 55, 21, 8
2016/10/18, 67, 33, 56, 18, 7
2016/10/19, 56, 41, 86, 21, 9
2016/10/20, 74, 30, 73, 23, 9
2016/10/21, 56, 7, 34, 5, 3
2016/10/22, 17, 5, 25, 3, 3
2016/10/23, 13, 9, 28, 7, 5
2016/10/24, 28, 27, 47, 7, 5
2016/10/25, 56, 20, 19, 22, 9
2016/10/26, 45, 34, , 20, 8
2016/10/27, 58, 25, , 24, 8
2016/10/28, 43, 23, 30, 10, 3
2016/10/29, 32, 17, 27, 6, 3
2016/10/30, 21, 13, 26, 7, 4
2016/10/31, 24, 34, 57, 17, 5
2016/11/1, 60, 47, 44, 30, 9
2016/11/2, 74, 37, 40, 22, 9
2016/11/3, 53, 12, 24, 9, 4
2016/11/4, 23, 12, 23, 9, 4
2016/11/5, 22, 18, 26, 10, 5
2016/11/6, 37, 18, 38, 9, 5
2016/11/7, 40, 28, 17, 13, 5
2016/11/8, 57, 37, , 17, 6
2016/11/9, 74, 34, 47, 25, 8
2016/11/10, 54, 26, 40, 25, 8
2016/11/11, 47, 35, 58, 23, 8
2016/11/12, 64, 6, 31, 3, 3
2016/11/13, 14, 5, 27, 6, 4
2016/11/14, 14, 9, 27, 11, 4
2016/11/15, 23, 5, 26, 2, 3
2016/11/16, 12, 23, 28, 15, 7
2016/11/17, 34, 19, 44, 13, 6
2016/11/18, 41, 11, 31, 7, 3
2016/11/19, 23, 13, 30, 4, 3
2016/11/20, 19, 23, 38, 8, 4
2016/11/21, 33, 35, 43, 20, 6
2016/11/22, 56, 37, 37, 14, 5
2016/11/23, 60, 28, 34, 15, 6
2016/11/24, 55, 29, 37, 12, 4
2016/11/25, 64, 28, 49, 11, 5
2016/11/26, 59, 34, 68, 16, 7
2016/11/27, 68, 43, 68, 16, 8
2016/11/28, 90, 33, 38, 26, 9
2016/11/29, 64, 13, 28, 24, 5
2016/11/30, 26, 13, 27, , 
2016/12/1, 24, 23, 19, , 
2016/12/2, 42, 32, 15, 10, 
2016/12/3, 59, 38, , 20, 8
2016/12/4, 61, 12, , 3, 3
2016/12/5, 23, 9, 20, 3, 1
2016/12/6, 10, 25, 25, , 3
2016/12/7, 43, 49, 40, , 9
2016/12/8, 87, 41, 36, , 9
2016/12/9, 77, 21, 24, , 4
2016/12/10, 31, 24, 30, 14, 7
2016/12/11, 59, 25, 8, 10, 8
2016/12/12, 46, 12, 19, 7, 3
2016/12/13, 24, 30, 20, 14, 6
2016/12/14, 59, 20, 21, 5, 3
2016/12/15, 36, 11, 14, 6, 2
2016/12/16, 22, 23, 11, 9, 2
2016/12/17, 38, 22, 22, 8, 3
2016/12/18, 44, 23, 30, 8, 4
2016/12/19, 54, 38, 17, 34, 8
2016/12/20, 67, 23, 25, 16, 5
2016/12/21, 31, 24, 30, 14, 5
2016/12/22, 44, 34, 33, 16, 6
2016/12/23, 51, 32, 43, 20, 7
2016/12/24, 62, 23, 37, 14, 6
2016/12/25, 47, 37, 30, 7, 5
2016/12/26, 67, 27, 45, 16, 5
2016/12/27, 57, 40, 40, 19, 6
2016/12/28, 74, 46, 61, 15, 6
2016/12/29, 82, 28, 57, 10, 4
2016/12/30, 63, 34, 33, 13, 6
2016/12/31, 73, 38, 30, 18, 10
2017/1/1, 78, 58, 24, 12, 10
2017/1/2, 100, 17, 24, 10, 4
2016/7/2, 68, 51, 30, 20, 12
2016/7/3, 86, 43, 32, 16, 12
2016/7/4, 85, 54, 24, 10, 9
2016/7/5, 73, 63, 5, 20, 11
2016/7/6, 96, 65, 7, 18, 11
2016/7/7, 89, 33, 6, 14, 6
2016/7/8, 51, 38, 8, 14, 6
2016/7/9, 61, 50, 10, 20, 11
2016/7/10, 84, 93, 7, 19, 24
2016/7/11, 129, 84, 7, 24, 21
2016/7/12, 126, 80, 8, 24, 13
2016/7/13, 128, 41, 12, 17, 6
2016/7/14, 70, 82, 8, 27, 18
2016/7/15, 131, 79, 7, 25, 15
2016/7/16, 119, 51, 7, 17, 11
2016/7/17, 89, 14, 9, , 4
2016/7/18, 31, 16, 23, 9, 2
2016/7/19, 24, 26, 11, 13, 4
2016/7/20, 49, 24, 9, 9, 3
2016/7/21, 50, 15, 10, 9, 3
2016/7/22, 31, 22, 11, 11, 4
2016/7/23, 52, 36, 11, 16, 7
2016/7/24, 69, 58, 14, 13, 16
2016/7/25, 100, 51, 7, 11, 7
2016/7/26, 86, 65, 23, 22, 12
2016/7/27, 108, 50, 31, 19, 8
2016/7/28, 75, 26, 24, 12, 3
2016/7/29, 42, 17, 21, 13, 3
2016/7/30, 32, 29, 30, 14, 6
2016/7/31, 62, 48, 60, 17, 8
2016/8/1, 91, 56, 24, 25, 12
2016/8/2, 91, 25, 23, 10, 5
2016/8/3, 49, 17, 25, 13, 5
2016/8/4, 38, 32, 30, 20, 6
2016/8/5, 63, 56, 36, 33, 11
2016/8/6, 95, 71, 32, 32, 16
2016/8/7, 104, 42, 31, 15, 10
2016/8/8, 66, 12, 28, 10, 3
2016/8/9, 19, 33, 19, 29, 10
2016/8/10, 55, 18, 28, 5, 3
2016/8/11, 35, 16, 23, 10, 3
2016/8/12, 32, 19, 23, 11, 3
2016/8/13, 25, 39, 41, 22, 9
2016/8/14, 61, 68, 53, 25, 20
2016/8/15, 111, 61, 31, 34, 14
2016/8/16, 107, 50, 25, 29, 12
2016/8/17, 77, 52, 34, 34, 12
2016/8/18, 81, 12, 27, 10, 5
2016/8/19, 31, 25, 33, 15, 6
2016/8/20, 36, 23, 20, 21, 10
2016/8/21, 62, 9, 30, 14, 5
2016/8/22, 13, 7, 27, 5, 2
2016/8/23, 27, 24, 26, 14, 4
2016/8/24, 37, 32, 34, 17, 4
2016/8/25, 54, 50, 39, 25, 8
2016/8/26, 80, 50, 49, 27, 10
2016/8/27, 81, 60, 54, 24, 12
2016/8/28, 93, 62, 40, 24, 15
2016/8/29, 103, 63, 47, 31, 11
2016/8/30, 98, 64, 45, 29, 12
2016/8/31, 100, 29, 20, 28, 10
2016/9/1, 52, 32, 30, 13, 6
2016/9/2, 43, 25, 30, 13, 4
2016/9/3, 47, 20, 33, 10, 6
2016/9/4, 48, 24, 21, 17, 9
2016/9/5, 74, 20, 24, 11, 5
2016/9/6, 54, 29, 17, 28, 11
2016/9/7, 35, 23, 21, 14, 8
2016/9/8, 138, 29, 35, 15, 6
2016/9/10, 57, 27, 39, 12, 5
2016/9/11, 55, 25, 48, 11, 7
2016/9/12, 58, 53, 40, 32, 10
2016/9/13, 89, 72, 36, 41, 14
2016/9/14, 104, 52, 34, 25, 8
2016/9/15, 94, 34, 33, 12, 4
2016/9/16, 51, 23, 24, 13, 4
2016/9/17, 40, 26, 45, 10, 5
2016/9/20, 68, 13, 29, 5, 3
2016/9/21, 26, 13, 36, 5, 3
2016/9/22, 20, 21, 31, 11, 4
2016/9/23, 39, 35, 45, 16, 5
2016/9/24, 57, 14, 32, 4, 3
2016/9/25, 27, 8, 31, 3, 4
2016/9/26, 21, 17, 31, 9, 3
2016/9/27, 30, 28, 35, 12, 4
2016/9/28, 43, 35, 51, 16, 4
2016/9/29, 58, 38, 36, 19, 6
2016/9/30, 63, 19, 27, 10, 4
2016/10/1, 37, 8, 27, 7, 4
2016/4/2, 54, 30, 45, 11, 5
2016/4/3, 59, 39, 42, 11, 7
2016/4/4, 73, 30, 32, 10, 4
2016/4/5, 59, 30, 31, 11, 4
2016/4/6, 50, 45, 60, 19, 5
2016/4/7, 75, 45, 35, 18, 7
2016/4/8, 82, 41, 28, 14, 6
2016/4/9, 70, 49, 65, 15, 7
2016/4/10, 92, 41, 32, 9, 6
2016/4/11, 74, 35, 31, 12, 5
2016/4/12, 63, 40, 50, 15, 6
2016/4/13, 72, 39, 51, 17, 5
2016/4/14, 68, 50, 34, 23, 7
2016/4/15, 77, 53, 45, 22, 8
2016/4/16, 88, 56, 66, 19, 9
2016/4/17, 99, 43, 43, 13, 9
2016/4/18, 84, 46, 38, 21, 7
2016/4/19, 82, 49, 29, 21, 7
2016/4/20, 68, 55, 39, 25, 8
2016/4/21, 80, 62, 34, 19, 10
2016/4/22, 95, 62, 32, 18, 12
2016/4/23, 96, 44, 35, 16, 8
2016/4/24, 68, 62, 37, 16, 12
2016/4/25, 101, 69, 27, 26, 12
2016/4/26, 104, 45, 17, 34, 7
2016/4/27, 65, 9, 15, 7, 3
2016/4/28, 20, 16, 18, 10, 2
2016/4/29, 29, 18, 19, 11, 3
2016/4/30, 27, 17, 27, 8, 3
2016/5/1, 31, 19, 24, 4, 3
2016/5/2, 34, 31, 25, 17, 4
2016/5/3, 52, 39, 41, 19, 5
2016/5/4, 66, 28, 28, 11, 4
2016/5/5, 54, 33, 21, 14, 4
2016/5/6, 57, 43, 41, 19, 6
2016/5/7, 74, 38, 28, 11, 5
2016/5/8, 72, 20, 22, 5, 4
2016/5/9, 39, 48, 23, 21, 8
2016/5/10, 80, 43, 17, 19, 7
2016/5/11, 67, 26, 18, 11, 4
2016/5/12, 45, 11, 20, 4, 2
2016/5/13, 17, 12, 17, 9, 3
2016/5/14, 23, 18, 20, 9, 4
2016/5/15, 33, 34, 24, 17, 9
2016/5/16, 57, 42, 19, 18, 7
2016/5/17, 60, 12, 17, 7, 3
2016/5/18, 24, 11, 14, 13, 4
2016/5/19, 26, 6, 18, 10, 3
2016/5/20, 17, 26, 19, 17, 6
2016/5/21, 47, 21, 10, 23, 13
2016/5/22, 49, 33, 11, 20, 15
2016/5/23, 65, 9, 17, 4, 3
2016/5/24, 21, 17, 20, 8, 3
2016/5/25, 31, 19, 20, 12, 4
2016/5/26, 36, 29, 32, 12, 6
2016/5/27, 57, 27, 27, 13, 4
2016/5/28, 53, 11, 21, 7, 3
2016/5/29, 29, 29, 22, 14, 7
2016/5/30, 56, 22, 14, 22, 9
2016/5/31, 47, 31, 16, 22, 9
2016/6/1, 52, 28, 13, 20, 8
2016/6/2, 53, 14, 19, 12, 5
2016/6/3, 32, 14, 13, 15, 6
2016/6/4, 31, 15, 14, 14, 6
2016/6/5, 37, 15, 9, 16, 12
2016/6/6, 38, 13, 12, 11, 5
2016/6/7, 29, 6, 20, 4, 2
2016/6/8, 14, 15, 20, 8, 5
2016/6/9, 30, 29, 20, 12, 6
2016/6/10, 48, 29, 18, 21, 6
2016/6/11, 61, 24, 25, 9, 5
2016/6/12, 48, 26, 25, 7, 5
2016/6/13, 58, 34, 22, , 7
2016/6/14, 58, 33, 21, , 6
2016/6/15, 53, 52, 24, , 11
2016/6/16, 91, 65, 25, , 14
2016/6/17, 115, 75, 24, 39, 17
2016/6/18, 113, 37, 26, 15, 9
2016/6/19, 77, 24, 36, 13, 6
2016/6/20, 57, 6, 22, 5, 2
2016/6/21, 13, 7, 22, 8, 3
2016/6/22, 17, 21, 19, 16, 6
2016/6/23, 43, 26, 25, 15, 9
2016/6/24, 51, 24, 21, 13, 4
2016/6/25, 44, 31, 22, 14, 5
2016/6/26, 63, 29, 31, 11, 6
2016/6/27, 65, 39, 24, 21, 6
2016/6/28, 73, 45, 24, 24, 7
2016/6/29, 73, 53, 19, 24, 9
2016/6/30, 83, 48, 19, 26, 9
2016/7/1, 73, 41, 19, 22, 8
2016/1/15, 7, , 7, , 
2016/1/16, 19, , , , 
2016/1/17, 29, , , , 
2016/1/18, 34, , 7, , 
2016/1/19, 47, , 8, , 
2016/1/20, 44, , 5, , 
2016/1/21, 26, , 10, , 
2016/1/22, 28, 22, , , 
2016/1/23, 37, 23, , , 
2016/1/24, 50, 29, , , 
2016/1/25, 60, 29, , , 
2016/1/26, 68, 27, , , 
2016/1/27, 64, 19, , , 
2016/1/28, 54, 12, 15, 6, 
2016/1/29, 45, , 15, 12, 
2016/2/2, 71, 25, 19, 4, 2
2016/2/3, 48, 30, 31, 9, 3
2016/2/4, 58, 27, 22, 10, 4
2016/2/5, 54, 43, 34, 17, 7
2016/2/6, 81, 17, 18, 3, 3
2016/2/7, 42, 20, 20, 6, 4
2016/2/8, 47, 27, 33, 10, 5
2016/2/9, 57, 25, 22, 11, 6
2016/2/10, 53, 33, 19, 11, 7
2016/2/11, 62, 12, 14, 6, 2
2016/2/12, 29, 21, 21, 9, 2
2016/2/13, 36, 27, 32, 9, 4
2016/2/14, 51, 30, 29, 10, 6
2016/2/15, 64, 28, 18, 17, 6
2016/2/16, 60, 26, 21, 19, 7
2016/2/17, 46, 26, 18, 16, 8
2016/2/18, 49, 29, 16, 15, 8
2016/2/19, 59, 42, 30, 19, 9
2016/2/20, 78, 38, 31, 16, 9
2016/2/21, 69, 14, 18, 13, 7
2016/2/22, 46, 17, 9, 16, 7
2016/2/23, 46, 33, 13, 22, 9
2016/2/24, 61, 42, 18, 25, 9
2016/2/25, 68, 43, 21, 26, 9
2016/2/26, 67, 38, 21, 23, 10
2016/2/27, 62, 36, 16, 19, 12
2016/2/28, 60, 19, 12, 12, 8
2016/2/29, 37, 11, 13, 4, 2
2016/3/1, 20, 13, 11, 8, 3
2016/3/2, 28, 24, 17, 15, 5
2016/3/3, 48, 25, 12, 19, 9
2016/3/4, 53, 24, 17, 14, 6
2016/3/5, 44, 29, 21, 14, 8
2016/3/6, 53, 31, 26, 11, 7
2016/3/7, 72, 26, 26, 14, 7
2016/3/8, 60, 29, 31, 13, 5
2016/3/9, 65, 36, 36, 17, 6
2016/3/10, 68, 32, 11, 22, 10
2016/3/11, 61, 19, 11, 17, 8
2016/3/12, 41, 17, 19, 6, 4
2016/3/13, 34, 11, 17, 3, 2
2016/3/14, 21, 10, 18, 7, 2
2016/3/15, 25, 24, 30, 11, 3
2016/3/16, 50, 18, 15, 10, 3
2016/3/17, 43, 19, 24, 9, 3
2016/3/18, 37, 28, 38, 13, 5
2016/3/19, 54, 28, 49, 12, 5
2016/3/20, 56, 23, 27, 4, 3
2016/3/21, 49, 33, 36, 14, 4
2016/3/22, 59, 53, 22, 25, 10
2016/3/23, 91, 25, 21, 11, 5
2016/3/24, 47, 18, 26, 11, 4
2016/3/25, 42, 16, 27, 13, 6
2016/3/26, 39, 24, 19, 17, 10
2016/3/27, 47, 18, 21, 12, 3
2016/3/28, 40, 25, 24, 15, 6
2016/3/29, 59, 26, 27, 12, 4
2016/3/30, 54, 27, 27, 11, 4
2016/3/31, 55, 38, 43, 17, 6
2016/4/1, 72, 27, 27, 11, 4
2015/10/2, 41, , 35, 16, 
2015/10/3, 82, 11, 21, 10, 3
2015/10/4, 44, 6, 17, 3, 2
2015/10/5, 16, 8, 16, 4, 2
2015/10/6, 21, 27, 15, 10, 3
2015/10/7, 49, 46, 35, 17, 5
2015/10/8, 73, 64, 38, 24, 8
2015/10/9, 96, 38, 29, 12, 5
2015/10/10, 69, 28, 25, 14, 7
2015/10/11, 54, 35, 36, 6, 4
2015/10/12, 86, 17, 29, 3, 3
2015/10/13, 32, 22, 23, 12, 4
2015/10/14, 45, 41, 26, 13, 6
2015/10/15, 80, 65, 35, 23, 9
2015/10/16, 109, 56, 40, 16, 13
2015/10/17, 106, 20, 26, 2, 4
2015/10/18, 41, 5, 15, 2, 1
2015/10/19, 17, 19, 18, 7, 3
2015/10/20, 42, 48, 29, 18, 5
2015/10/21, 83, 54, 37, 21, 7
2015/10/22, 101, 19, 29, 14, 5
2015/10/23, 46, 19, 23, 9, 4
2015/10/24, 44, 12, 21, 2, 2
2015/10/25, 29, 11, 14, 4, 3
2015/10/26, 32, 23, 28, 11, 4
2015/10/27, 46, 28, 22, 15, 5
2015/10/28, 59, 10, 12, 5, 2
2015/10/29, 22, 10, 15, 6, 2
2015/10/30, 21, 30, 28, 10, 4
2015/10/31, 54, 37, 28, 12, 6
2015/11/1, 62, 16, 18, 8, 5
2015/11/2, 51, 14, 24, 7, 4
2015/11/3, 38, 21, 16, 13, 6
2015/11/4, 44, 24, 15, 13, 5
2015/11/5, 52, 20, 16, 12, 6
2015/11/6, 42, 8, 12, 4, 1
2015/11/7, 18, 6, 12, 3, 2
2015/11/8, 14, 13, 18, 5, 3
2015/11/9, 32, 31, 11, 14, 7
2015/11/10, 60, , , , 
2015/11/12, 40, 23, 24, 5, 3
2015/11/13, 47, 48, 30, 21, 7
2015/11/14, 89, 31, 26, 16, 8
2015/11/15, 52, 6, 12, 4, 5
2015/11/16, 5, 16, 12, 6, 3
2015/11/17, 23, 32, 7, 11, 4
2015/11/18, 57, 34, , 16, 5
2015/11/19, 61, 55, , , 8
2015/11/20, 89, 21, 18, 6, 6
2015/11/21, 43, 13, 18, 4, 3
2015/11/22, 36, 23, 33, 6, 3
2015/11/23, 55, 15, 10, 8, 3
2015/11/24, 41, 35, 7, 13, 6
2015/11/25, 62, 12, 10, 4, 2
2015/11/26, 28, 22, 17, 6, 3
2015/11/27, 40, 38, 21, 9, 3
2015/11/28, 60, 44, 24, 10, 5
2015/11/29, 74, 15, 14, 7, 4
2015/11/30, 45, 5, 12, 3, 1
2015/12/1, 19, 22, 10, 7, 2
2015/12/2, 52, 19, 17, 6, 2
2015/12/3, 46, 23, 7, 7, 3
2015/12/4, 43, 33, 21, 11, 5
2015/12/5, 67, 48, 24, 14, 9
2015/12/6, 79, 10, 18, 3, 2
2015/12/7, 27, 7, 12, 4, 1
2015/12/8, 17, 23, 15, 8, 3
2015/12/9, 56, 54, 14, 17, 8
2015/12/10, 79, 54, 14, 14, 6
2015/12/11, 73, 33, 16, 10, 4
2015/12/12, 64, 38, 20, 14, 9
2015/12/13, 79, 24, 21, 12, 7
2015/12/14, 47, 33, 30, 16, 5
2015/12/15, 58, 28, 21, 16, 6
2015/12/16, 64, 9, 16, 3, 2
2015/12/17, 23, 20, 26, 8, 3
2015/12/18, 40, , 29, 19, 7
2015/12/19, 74, 1, 26, 14, 6
2015/12/20, 76, , 33, 10, 5
2015/12/21, 50, , 26, 11, 4
2015/12/22, 62, , 26, 13, 5
2015/12/23, 68, , , , 6
2015/12/24, 72, , , , 
2015/12/25, 60, , , , 
2015/12/26, 103, , , , 
2015/12/27, 50, , , , 
2015/12/28, 45, , , , 
2015/12/29, 47, , , , 
2015/7/2, 64, 34, 12, 13, 6
2015/7/3, 68, 21, 4, 14, 7
2015/7/4, 50, 12, 15, 7, 4
2015/7/5, 37, 13, 16, 5, 3
2015/7/6, 24, 36, 15, 16, 5
2015/7/7, 57, 44, , 20, 14
2015/7/8, 82, 37, 3, 19, 11
2015/7/9, 72, 27, 13, 11, 7
2015/7/10, 39, 53, 12, 18, 12
2015/7/11, 84, 38, 7, 16, 13
2015/7/12, 63, 48, 22, 13, 15
2015/7/13, 86, 66, 3, 21, 12
2015/7/14, 84, 79, , 23, 13
2015/7/15, 92, 53, , 16, 6
2015/7/16, 82, 47, , 17, 5
2015/7/17, 79, 48, , 21, 7
2015/7/18, 85, 59, , 20, 12
2015/7/19, 106, 51, , 16, 9
2015/7/20, 84, 69, , 20, 15
2015/7/21, 100, 33, , 31, 5
2015/7/22, 51, 19, 12, , 
2015/7/23, 30, 42, 6, , 
2015/7/24, 79, 50, 14, 17, 
2015/7/25, 77, 9, 17, 5, 2
2015/7/26, 31, 18, 23, 7, 6
2015/7/27, 39, 31, 25, 17, 7
2015/7/28, 63, 44, 37, 24, 8
2015/7/29, 89, 51, 30, 23, 11
2015/7/30, 102, 59, 40, 24, 9
2015/7/31, 108, 61, 30, 25, 9
2015/8/1, 105, 59, 43, 22, 11
2015/8/2, 109, 52, 28, 18, 14
2015/8/3, 91, 56, 23, 17, 9
2015/8/4, 89, 63, 41, 24, 9
2015/8/5, 109, 59, 25, 25, 9
2015/8/6, 96, 75, 30, 33, 12
2015/8/7, 119, 70, 30, 28, 11
2015/8/8, 109, 59, 42, 22, 10
2015/8/9, 102, 50, 38, 12, 6
2015/8/10, 94, 42, 25, 17, 5
2015/8/11, 70, 47, 35, 17, 6
2015/8/12, 77, 59, 35, 24, 6
2015/8/13, 109, 57, 40, 22, 7
2015/8/14, 95, 58, 33, 25, 8
2015/8/15, 99, 61, 26, 17, 11
2015/8/16, 100, 47, 33, 14, 7
2015/8/17, 79, 46, 28, 19, 5
2015/8/18, 74, 67, 13, 24, 11
2015/8/19, 94, 61, 26, 17, 5
2015/8/20, 77, 16, 19, 5, 1
2015/8/21, 28, 19, 19, 8, 2
2015/8/22, 32, 34, 39, 11, 5
2015/8/23, 69, 51, 38, 17, 10
2015/8/24, 101, 12, 15, 7, 2
2015/8/25, 25, 27, 12, 15, 5
2015/8/26, 59, 48, 21, 19, 6
2015/8/27, 88, 33, 13, 19, 8
2015/8/28, 61, 34, 21, 8, 6
2015/8/29, 57, 36, 42, 15, 6
2015/8/30, 67, 45, 55, 17, 11
2015/8/31, 86, 68, 32, 28, 12
2015/9/1, 115, 48, 28, 14, 6
2015/9/2, 90, 12, 18, 8, 2
2015/9/3, 25, 43, 14, 18, 6
2015/9/4, 84, 23, 14, 11, 4
2015/9/5, 48, 18, 16, 9, 4
2015/9/6, 36, 28, 12, 13, 8
2015/9/7, 64, 37, 10, 20, 13
2015/9/8, 83, 16, 15, 20, 8
2015/9/9, 48, 24, 20, 15, 5
2015/9/10, 54, 37, 15, 21, 8
2015/9/11, 70, 15, 20, 12, 5
2015/9/12, 36, 7, 20, 5, 3
2015/9/13, 24, 6, 19, 4, 2
2015/9/14, 24, 15, 22, 8, 2
2015/9/15, 42, 35, 28, 16, 5
2015/9/16, 68, 65, 28, 23, 10
2015/9/17, 96, 69, 30, 28, 11
2015/9/18, 107, 68, 45, 21, 10
2015/9/19, 112, 52, 28, 13, 7
2015/9/20, 70, 28, 37, 3, 3
2015/9/21, 44, 50, 46, 18, 5
2015/9/22, 91, 56, 54, 24, 6
2015/9/23, 103, 53, 49, 21, 5
2015/9/24, 97, 81, 49, 36, 12
2015/9/25, 115, 93, 31, 29, 11
2015/9/26, 126, , 32, 19, 8
2015/9/27, 67, , 34, 14, 9
2015/9/28, 79, , 21, 17, 7
2015/9/29, 59, , 21, 15, 
2015/9/30, 69, , 19, 16, 
2015/10/1, 68, , 17, 8, 
2015/4/2, 45, 27, 19, 3, 
2015/4/3, 50, 23, 23, 1, 
2015/4/4, 50, 34, 40, 5, 
2015/4/5, 70, 36, 16, 8, 
2015/4/6, 73, 16, 16, 3, 
2015/4/7, 33, 16, 16, 1, 
2015/4/8, 26, 34, 18, 3, 
2015/4/9, 57, 35, 27, 4, 
2015/4/10, 62, 36, 25, 4, 
2015/4/11, 63, 35, 34, 4, 
2015/4/12, 68, 34, 28, 4, 
2015/4/13, 83, 27, 27, 2, 
2015/4/14, 61, 41, 29, 7, 
2015/4/15, 82, 51, 18, 13, 
2015/4/16, 93, 30, 17, 8, 6
2015/4/17, 61, 36, 24, , 5
2015/4/18, 75, 39, 23, , 7
2015/4/19, 72, 35, 27, 6, 6
2015/4/20, 87, 40, 19, 14, 8
2015/4/21, 80, 26, 14, 8, 7
2015/4/22, 58, 10, 11, 7, 3
2015/4/23, 27, 29, 16, 8, 4
2015/4/24, 59, 32, 15, 7, 5
2015/4/25, 57, 12, 18, , 1
2015/4/26, 22, 11, 17, 1, 2
2015/4/27, 22, 32, 20, 10, 4
2015/4/28, 54, 31, 25, 8, 4
2015/4/29, 59, 19, 15, 4, 2
2015/4/30, 25, 16, 15, 5, 2
2015/5/1, 27, 23, 20, 5, 3
2015/5/2, 42, 35, 28, 10, 5
2015/5/3, 66, , , , 
2015/5/6, 30, 33, 11, 10, 4
2015/5/7, 53, 22, 16, 6, 3
2015/5/8, 46, 26, 18, 8, 3
2015/5/9, 38, 36, 28, 12, 7
2015/5/10, 63, 35, 16, 10, 10
2015/5/11, 76, 23, 7, 11, 6
2015/5/12, 45, 18, 14, 6, 5
2015/5/13, 39, 11, 15, 4, 2
2015/5/14, 19, 27, 10, 10, 4
2015/5/15, 45, 33, 9, 13, 4
2015/5/16, 35, 38, 25, 13, 6
2015/5/17, 61, 29, 20, 9, 5
2015/5/18, 59, 40, 15, 12, 5
2015/5/19, 73, 32, 13, 10, 3
2015/5/20, 65, 39, 16, 13, 4
2015/5/21, 70, 45, 20, 14, 5
2015/5/22, 76, 44, 21, 17, 6
2015/5/23, 75, 51, 16, 20, 11
2015/5/24, 81, 50, 18, 18, 12
2015/5/25, 79, 55, 16, 18, 10
2015/5/26, 91, 18, 14, 7, 4
2015/5/27, 38, 53, 16, 24, 9
2015/5/28, 89, 48, 2, 18, 8
2015/5/29, 69, 32, 7, 12, 5
2015/5/30, 51, 31, 12, 13, 8
2015/5/31, 59, 21, 3, 15, 9
2015/6/1, 55, 11, 13, 5, 3
2015/6/2, 30, 24, 13, 9, 3
2015/6/3, 46, 44, 14, 18, 7
2015/6/4, 76, 47, 11, 14, 9
2015/6/5, 91, 54, 4, 17, 10
2015/6/6, 96, 62, 5, 18, 14
2015/6/7, 102, 52, 5, 15, 14
2015/6/8, 88, 63, 5, 20, 12
2015/6/9, 113, 70, 6, 24, 12
2015/6/10, 115, 74, 4, 25, 12
2015/6/11, 116, 74, 5, 26, 12
2015/6/12, 109, 18, 6, 9, 3
2015/6/13, 33, 62, 8, 10, 4
2015/6/14, 90, 61, 8, 7, 
2015/6/15, 79, 15, 10, 4, 
2015/6/16, 28, 32, 10, 4, 
2015/6/17, 52, 57, 6, 8, 
2015/6/18, 79, 57, 9, 6, 
2015/6/19, 87, 4, 12, 1, 
2015/6/20, 11, 27, 12, 4, 
2015/6/21, 45, 41, 8, 7, 
2015/6/22, 73, 60, 5, 8, 
2015/6/23, 92, 48, 20, 5, 3
2015/6/24, 81, 7, 21, 3, 3
2015/6/25, 20, 20, 17, 4, 3
2015/6/26, 32, 27, 17, 5, 4
2015/6/27, 41, 38, 23, 6, 7
2015/6/28, 60, 46, 22, 7, 11
2015/6/29, 86, 75, 13, 10, 14
2015/6/30, 101, 69, 11, 10, 12
2015/7/1, 88, 46, 7, 11, 6
2015/1/2, 84, 20, 23, 6, 6
2015/1/3, 44, 8, 22, 1, 3
2015/1/4, 24, 13, 22, 2, 4
2015/1/5, 32, 24, 33, 5, 5
2015/1/6, 59, 30, 46, 8, 6
2015/1/7, 65, 34, 36, 10, 8
2015/1/8, 67, 32, 50, 11, 7
2015/1/9, 61, 39, 45, 10, 7
2015/1/10, 76, 33, 27, 5, 6
2015/1/11, 66, 32, 42, 5, 6
2015/1/12, 72, 39, 38, 11, 9
2015/1/13, 80, 40, 90, 10, 8
2015/1/14, 80, 33, 63, 9, 6
2015/1/15, 72, 24, 37, 4, 3
2015/1/16, 53, 35, 62, 5, 5
2015/1/17, 75, 38, 55, 7, 6
2015/1/18, 78, 37, 60, 4, 5
2015/1/19, 81, 39, 60, 6, 5
2015/1/20, 77, 43, 72, 7, 5
2015/1/21, 74, 27, 33, 6, 5
2015/1/22, 42, 18, 19, 2, 1
2015/1/23, 21, 9, 16, 2, 1
2015/1/24, 19, 20, 34, 5, 5
2015/1/25, 46, 23, 41, 7, 6
2015/1/26, 50, 27, 39, 10, 7
2015/1/27, 51, 33, 35, 10, 7
2015/1/28, 58, 37, 31, 12, 8
2015/1/29, 66, 35, 19, 8, 7
2015/1/30, 59, 12, 15, 2, 2
2015/1/31, 28, 7, 14, 1, 3
2015/2/1, 15, 15, 15, 3, 4
2015/2/2, 39, 19, 15, 4, 4
2015/2/3, 42, 33, 41, 7, 5
2015/2/4, 63, 41, 20, 11, 7
2015/2/5, 78, 16, 14, 8, 7
2015/2/6, 41, 16, 18, 5, 4
2015/2/7, 29, 17, 21, 3, 3
2015/2/8, 35, 29, 34, 5, 7
2015/2/9, 66, 31, 45, 8, 6
2015/2/10, 63, 33, 20, 10, 9
2015/2/11, 62, 32, 26, 7, 7
2015/2/12, 60, 45, 33, 16, 9
2015/2/13, 84, 41, 29, , 8
2015/2/14, 78, 26, 43, , 6
2015/2/15, 51, 13, 19, , 4
2015/2/16, 62, 14, 22, , 3
2015/2/17, 41, 12, 23, , 2
2015/2/18, 26, 16, 14, 12, 5
2015/2/19, 24, , 17, 9, 3
2015/2/23, 64, 33, 46, 6, 
2015/2/24, 49, 26, 41, 6, 1
2015/2/25, 55, 32, 23, 11, 1
2015/2/26, 64, 33, 24, 9, 1
2015/2/27, 52, 38, 28, 7, 1
2015/2/28, 78, 11, 21, 3, 
2015/3/1, 29, 22, 20, 3, 
2015/3/2, 42, 29, 31, 5, 
2015/3/3, 43, 34, 45, 6, 3
2015/3/4, 48, 33, 37, 6, 2
2015/3/5, 50, 46, 37, 7, 4
2015/3/6, 89, 25, 34, 10, 2
2015/3/14, 34, 32, 16, 13, 8
2015/3/15, 64, 29, 16, 13, 5
2015/3/16, 68, 31, 14, 13, 6
2015/3/17, 61, 24, 16, 9, 1
2015/3/18, 56, 28, 11, 7, 1
2015/3/19, 56, 16, 13, 6, 
2015/3/20, 40, 34, 23, 13, 5
2015/3/21, 75, 30, 13, 16, 6
2015/3/22, 64, 11, 15, 6, 4
2015/3/23, 29, 22, 11, 6, 
2015/3/24, 46, 21, , , 
2015/3/25, 43, 24, 18, 3, 107
2015/3/26, 47, 44, 17, 14, 
2015/3/27, 67, 32, 11, 3, 
2015/3/28, 61, 28, 9, 1, 
2015/3/29, 65, 26, 6, 1, 
2015/3/30, 70, 33, 5, 12, 
2015/3/31, 63, 29, 18, 5, 
2015/4/1, 52, 23, 21, 3, 
2014/10/2, 61, 12, 23, 2, 1
2014/10/3, 26, 23, 19, 5, 2
2014/10/4, 38, 23, 21, 4, 3
2014/10/5, 37, 25, 22, 3, 3
2014/10/6, 41, 42, 31, 7, 2
2014/10/7, 54, 52, 29, 9, 5
2014/10/8, 75, 59, 47, 9, 6
2014/10/9, 90, 63, 51, 11, 7
2014/10/10, 101, 70, 50, 13, 8
2014/10/11, 108, 73, 61, 11, 10
2014/10/12, 126, 63, 67, 8, 8
2014/10/13, 125, 67, 79, 12, 8
2014/10/14, 127, 51, 71, 8, 5
2014/10/15, 96, 33, 30, 5, 3
2014/10/16, 72, 54, 71, 8, 5
2014/10/17, 107, 40, 49, 7, 5
2014/10/18, 80, 46, 30, 7, 8
2014/10/19, 87, 63, 54, 7, 11
2014/10/20, 115, 20, 26, 4, 3
2014/10/21, 51, 21, 20, 2, 1
2014/10/22, 32, 20, 13, 3, 2
2014/10/23, 38, 36, 43, 6, 3
2014/10/24, 66, 46, 47, 8, 5
2014/10/25, 89, 40, 29, 6, 5
2014/10/26, 86, 30, 22, 4, 6
2014/10/27, 71, 26, 21, 4, 2
2014/10/28, 54, 30, 25, 4, 2
2014/10/29, 48, 46, 47, 9, 4
2014/10/30, 68, 63, 49, 12, 8
2014/10/31, 97, 62, 38, 12, 7
2014/11/1, 96, 44, 37, 12, 9
2014/11/2, 83, 34, 34, 2, 4
2014/11/3, 71, 42, 30, 8, 6
2014/11/4, 73, 43, 11, 14, 11
2014/11/5, 70, 10, 17, 4, 3
2014/11/6, 27, 19, 22, 4, 3
2014/11/7, 37, 41, 29, 8, 5
2014/11/8, 62, 26, 24, 6, 5
2014/11/9, 45, 14, 28, 2, 2
2014/11/10, 29, 27, 29, 4, 2
2014/11/11, 48, 38, 38, 6, 3
2014/11/12, 56, 49, 28, 11, 6
2014/11/13, 79, 45, 27, 6, 6
2014/11/14, 79, 15, 24, 2, 1
2014/11/15, 28, 12, 24, 2, 2
2014/11/16, 27, 17, 23, 1, 1
2014/11/17, 33, 23, 19, 4, 1
2014/11/18, 36, 27, 37, 3, 1
2014/11/19, 42, 44, 63, , 
2014/11/20, 66, 47, 37, , 
2014/11/21, 82, 63, 48, , 
2014/11/22, 116, 50, 28, , 
2014/11/23, 100, 28, 20, , 
2014/11/24, 55, 25, , , 
2014/11/25, 57, 37, 20, 14, 5
2014/11/26, 74, 24, 24, 1, 6
2014/11/27, 49, 8, 19, 1, 2
2014/11/28, 22, 16, 16, 3, 2
2014/11/29, 28, 22, 13, 3, 4
2014/11/30, 46, 25, 36, 3, 5
2014/12/1, 62, 41, 33, 6, 5
2014/12/2, 86, 46, 25, 10, 9
2014/12/3, 85, 37, 22, 9, 6
2014/12/4, 61, 23, 17, 5, 3
2014/12/5, 49, 14, 15, 3, 1
2014/12/6, 25, 14, 22, 2, 3
2014/12/7, 20, 22, 40, 4, 5
2014/12/8, 48, 45, 47, 8, 7
2014/12/9, 79, 44, 18, 11, 8
2014/12/10, 75, 35, 14, 11, 11
2014/12/11, 64, 35, 20, 8, 8
2014/12/12, 52, 30, 22, 9, 10
2014/12/13, 61, 19, 10, 8, 11
2014/12/14, 41, 16, 16, 2, 5
2014/12/15, 31, 22, 18, 3, 1
2014/12/16, 31, 26, 21, 4, 3
2014/12/17, 41, 34, 42, 6, 3
2014/12/18, 52, 38, 59, 6, 4
2014/12/19, 66, 36, 38, 7, 5
2014/12/20, 74, 33, 24, 9, 10
2014/12/21, 60, 18, 21, 5, 8
2014/12/22, 35, 19, 14, 4, 6
2014/12/23, 37, 5, 17, 2, 1
2014/12/24, 13, 5, 16, 1, 2
2014/12/25, 17, 19, 29, 3, 4
2014/12/26, 53, 31, 45, 5, 5
2014/12/27, 76, 32, 52, 6, 6
2014/12/28, 72, 43, 43, 7, 8
2014/12/29, 87, , , , 
2014/7/2, 107, , 21, 20, 13
2014/7/3, 139, , 23, 16, 16
2014/7/4, 131, , 24, 19, 21
2014/7/5, 137, , 23, 17, 16
2014/7/6, 121, , 16, 16, 12
2014/7/7, 94, , , , 
2014/7/8, 111, , 14, , 2
2014/7/9, 17, , , , 
2014/7/10, 37, , , , 
2014/7/11, 22, , 13, 4, 3
2014/7/12, 27, , 13, 5, 5
2014/7/13, 57, , 20, 5, 6
2014/7/14, 42, , 18, 8, 6
2014/7/15, 60, , 19, 10, 6
2014/7/16, 65, 63, 19, 12, 9
2014/7/20, 5, 28, 21, 5, 3
2014/7/26, 27, 24, 13, 5, 4
2014/7/27, 52, 4, 17, 1, 1
2014/7/28, 17, 25, 16, 6, 4
2014/7/29, 48, 40, 13, 7, 4
2014/7/30, 56, 45, 23, 9, 4
2014/7/31, 60, 63, 25, 13, 7
2014/8/1, 86, 79, 26, 13, 12
2014/8/2, 107, 60, 28, 8, 9
2014/8/3, 86, 76, 31, 9, 16
2014/8/4, 111, 85, 26, 11, 10
2014/8/5, 120, 29, 21, 3, 1
2014/8/6, 32, 50, 19, 9, 4
2014/8/7, 55, 87, 26, 13, 10
2014/8/8, 108, 22, 19, 4, 4
2014/8/9, 46, 14, 18, 4, 3
2014/8/10, 24, 48, 29, 8, 9
2014/8/11, 73, 81, 24, 13, 12
2014/8/12, 108, 106, 29, 14, 15
2014/8/13, 127, 33, 20, 5, 7
2014/8/14, 51, 19, 20, 4, 3
2014/8/15, 29, 39, 15, 6, 4
2014/8/16, 62, 37, 14, 7, 6
2014/8/17, 63, 24, 20, 7, 8
2014/8/18, 56, 21, 18, 4, 4
2014/8/19, 49, 29, 19, 5, 3
2014/8/20, 45, 39, 22, 7, 4
2014/8/21, 62, 58, 38, 12, 7
2014/8/22, 90, 77, 41, 15, 11
2014/8/23, 119, 70, 62, 13, 11
2014/8/24, 112, 74, 35, 12, 12
2014/8/25, 119, 95, 27, 16, 12
2014/8/26, 132, 86, 15, 15, 11
2014/8/27, 127, 32, 17, 4, 3
2014/8/28, 43, 27, 19, 5, 2
2014/8/29, 41, 31, 18, 6, 3
2014/8/30, 56, 45, 28, 6, 5
2014/8/31, 76, 44, 31, 6, 7
2014/9/1, 74, 39, 23, 10, 7
2014/9/2, 56, 44, 27, 8, 6
2014/9/3, 77, 22, 24, 6, 5
2014/9/4, 36, 9, 21, 1, 2
2014/9/5, 18, 33, 19, , 3
2014/9/6, 47, 45, 33, , 7
2014/9/7, 60, 52, 37, , 11
2014/9/8, 87, 49, 37, , 5
2014/9/9, 83, 69, 39, , 10
2014/9/10, 103, 77, 28, , 9
2014/9/11, 99, 66, 32, , 9
2014/9/12, 101, 44, 33, 5, 4
2014/9/13, 72, 55, 62, 7, 5
2014/9/14, 95, 62, 65, 8, 8
2014/9/15, 113, 76, 39, 13, 10
2014/9/16, 123, 35, 21, 4, 3
2014/9/17, 57, 35, 20, 5, 1
2014/9/18, 50, 43, 27, 6, 4
2014/9/19, 77, 30, 19, 8, 8
2014/9/20, 63, 43, 19, 12, 12
2014/9/21, 77, 24, 24, 3, 3
2014/9/22, 43, 24, 19, 4, 2
2014/9/23, 37, 42, 46, 9, 4
2014/9/24, 57, 59, 33, 10, 7
2014/9/25, 83, 54, 27, 13, 9
2014/9/26, 93, 56, 16, 15, 12
2014/9/27, 93, 21, 22, 5, 4
2014/9/28, 30, 24, 25, 4, 4
2014/9/29, 51, 44, 21, 8, 8
2014/9/30, 68, 53, 34, 10, 9
2014/10/1, 80, 38, 31, 7, 5
2014/4/2, 62, 15, 15, 3, 4
2014/4/3, 36, 17, 18, 3, 5
2014/4/4, 41, 15, 11, 3, 4
2014/4/5, 39, 19, 25, 4, 5
2014/4/6, 43, 30, 34, 5, 7
2014/4/7, 65, 37, 30, 8, 9
2014/4/8, 87, 29, 6, 6, 6
2014/4/9, 73, , , , 
2014/5/26, 77, , 6, 7, 8
2014/5/27, 55, , 11, 3, 3
2014/5/28, 35, , 17, 3, 2
2014/5/29, 19, , 13, 5, 3
2014/5/30, 37, , 15, 7, 6
2014/5/31, 60, , 20, 11, 9
2014/6/1, 76, , 12, 8, 13
2014/6/2, 83, , 15, 3, 2
2014/6/3, 43, , 17, 6, 5
2014/6/4, 51, , 16, 12, 7
2014/6/5, 78, , 11, 14, 21
2014/6/6, 126, , 6, 12, 14
2014/6/7, 76, , 13, 12, 22
2014/6/8, 109, , 17, 10, 20
2014/6/9, 91, , 14, 4, 5
2014/6/10, 42, , 15, 2, 3
2014/6/11, 26, , 13, 6, 5
2014/6/12, 59, , 23, 9, 9
2014/6/13, 71, , 18, 9, 9
2014/6/14, 82, 12, 19, 9, 10
2014/6/15, 88, 50, 24, 3, 5
2014/6/16, 54, 93, 24, 9, 6
2014/6/17, 79, 108, 24, 10, 10
2014/6/18, 88, , 17, 9, 6
2014/6/19, 81, 9, 20, 1, 1
2014/6/20, 15, 3, 17, 4, 2
2014/6/21, 22, 2, 16, 4, 4
2014/6/22, 41, 3, 25, 5, 5
2014/6/23, 67, 9, 14, 12, 13
2014/6/24, 104, 13, 17, 12, 15
2014/6/25, 139, , 13, 13, 14
2014/6/27, 113, , 20, 13, 14
2014/6/28, 130, , 27, 11, 17
2014/6/29, 131, , , , 
2014/1/2, 66, 21, 20, 6, 7
2014/1/3, 48, 30, 28, 6, 8
2014/1/4, 72, 13, 11, 1, 4
2014/1/5, 38, 11, , 1, 5
2014/1/6, 36, 23, 30, 4, 5
2014/1/7, 64, 30, 46, 6, 6
2014/1/8, 65, 37, 39, 9, 7
2014/1/9, 79, 33, 40, 7, 7
2014/1/10, 68, 42, 46, 9, 9
2014/1/11, 82, 37, 29, 8, 12
2014/1/12, 85, 22, 34, 3, 6
2014/1/13, 53, 28, 22, 8, 9
2014/1/14, 61, 38, 47, 9, 9
2014/1/15, 79, 24, 29, 7, 7
2014/1/16, 54, 25, 23, 8, 9
2014/1/17, 58, 25, 18, 6, 8
2014/1/18, 65, 17, 20, 2, 5
2014/1/19, 41, 17, 26, 2, 6
2014/1/20, 40, 31, 46, 5, 7
2014/1/21, 68, 34, 38, 7, 8
2014/1/22, 76, 35, 36, 9, 8
2014/1/23, 77, 34, 29, 9, 10
2014/1/24, 64, 33, 27, 10, 11
2014/1/25, 75, 25, 42, 6, 8
2014/1/26, 58, 23, 35, 2, 5
2014/1/27, 54, 33, 53, 4, 6
2014/1/28, 68, 41, 45, 7, 7
2014/1/29, 91, 41, 56, 8, 7
2014/1/30, 84, 43, 60, 9, 7
2014/1/31, 82, 46, 64, 9, 8
2014/2/1, 98, 46, 60, 8, 9
2014/2/2, 92, 33, 40, 4, 6
2014/2/3, 52, 43, 43, 7, 7
2014/2/4, 77, 47, 32, 7, 10
2014/2/5, 94, 55, 29, 9, 10
2014/2/6, 92, 48, 56, 9, 
2014/2/7, 83, 52, 56, 8, 
2014/2/8, 106, 49, 46, 7, 
2014/2/9, 84, 37, 43, 4, 
2014/2/10, 80, 52, 50, 7, 
2014/2/11, 103, 42, 63, 6, 
2014/2/12, 87, 52, 41, 8, 
2014/2/13, 95, 49, 42, 8, 
2014/2/14, 118, 25, 35, 7, 
2014/2/15, 58, 9, 24, 2, 
2014/2/16, 25, 12, 27, 2, 
2014/2/17, 36, 9, 22, 2, 
2014/2/18, 31, 21, 13, 3, 
2014/2/19, 41, 25, 16, 3, 
2014/2/20, 39, 30, 41, 6, 
2014/2/21, 56, 41, 35, 9, 
2014/2/22, 86, 29, 45, 6, 
2014/2/23, 67, 28, 28, 6, 
2014/2/24, 68, 26, 20, 7, 
2014/2/25, 61, 43, 21, 10, 
2014/2/26, 66, 45, 48, 11, 
2014/2/27, 89, 41, 39, 9, 
2014/2/28, 89, 31, 22, 8, 
2014/3/1, 57, 19, 25, 6, 
2014/3/2, 41, 15, 28, 3, 
2014/3/3, 49, 21, 24, 3, 
2014/3/4, 49, 28, 40, 4, 
2014/3/5, 63, 34, 7, 9, 
2014/3/6, 81, 28, 17, 5, 
2014/3/7, 53, 20, 23, 4, 
2014/3/8, 56, 19, 31, 6, 
2014/3/9, 49, 25, 30, 5, 
2014/3/10, 62, 37, 33, 9, 
2014/3/11, 83, 32, 22, 9, 
2014/3/12, 75, 23, 20, 9, 
2014/3/13, 56, 24, 30, 6, 3
2014/3/14, 51, 31, 33, 8, 7
2014/3/15, 66, 31, 34, 8, 10
2014/3/16, 72, 29, 44, 6, 8
2014/3/17, 73, 38, 31, 9, 11
2014/3/18, 97, 29, 39, 9, 6
2014/3/19, 65, 37, 58, 11, 8
2014/3/20, 89, 39, 24, 10, 10
2014/3/21, 78, 27, 16, 8, 9
2014/3/22, 62, 11, 16, 2, 5
2014/3/23, 37, 6, 16, 1, 4
2014/3/24, 29, 19, 13, 4, 4
2014/3/25, 42, 20, 14, 4, 4
2014/3/26, 31, 15, 14, 4, 5
2014/3/27, 30, 24, 19, 4, 5
2014/3/28, 43, 25, 23, 5, 6
2014/3/29, 57, 32, 44, 6, 7
2014/3/30, 65, 26, 22, 6, 8
2014/3/31, 56, 30, 23, 10, 11
2014/4/1, 72, 30, 24, 7, 9
2021/4/2, , 13, , , 
2021/4/3, , 10, , , 
2021/4/4, , 19, , , 
2021/4/5, , 12, , , 
2021/4/6, , 12, , , 
2021/4/7, , 18, , , 
2021/3/2, , 25, , , 
2021/3/3, , 21, , , 
2021/3/4, , 24, , , 
2021/3/5, , 25, , , 
2021/3/6, , 17, , , 
2021/3/7, , 12, , , 
2021/3/8, , 12, , , 
2021/3/9, , 15, , , 
2021/3/10, , 20, , , 
2021/3/11, , 15, , , 
2021/3/12, , 26, , , 
2021/3/13, , 23, , , 
2021/3/14, , 23, , , 
2021/3/15, , 24, , , 
2021/3/16, , 21, , , 
2021/3/17, , 25, , , 
2021/3/18, , 29, , , 
2021/3/19, , 24, , , 
2021/3/20, , 13, , , 
2021/3/21, , 22, , , 
2021/3/22, , 29, , , 
2021/3/23, , 31, , , 
2021/3/24, , 29, , , 
2021/3/25, , 25, , , 
2021/3/26, , 15, , , 
2021/3/27, , 26, , , 
2021/3/1, , 22, , , 
2020/4/1, , 17, 23, , 1
2020/1/1, , 44, 28, , 6
2020/1/11, , 30, 17, , 6
2020/1/12, , 12, 14, , 1
2020/1/13, , 12, 13, , 1
2020/1/14, , 19, 21, , 1
2020/1/15, , 32, 33, , 3
2020/1/16, , 35, 23, , 5
2020/1/17, , 8, 17, , 1
2020/1/18, , 11, 13, , 1
2020/1/19, , 15, 16, , 1
2020/1/20, , 19, 13, , 1
2020/1/21, , 23, 26, , 1
2020/1/22, , 18, 17, , 1
2020/1/23, , 17, 15, , 1
2020/1/24, , 10, 19, , 1
2020/1/25, , 17, 15, , 2
2019/8/9, , 39, 38, 10, 4
2019/1/2, , 29, 29, 4, 2
2019/1/3, , 25, 24, 11, 4
2019/1/4, , 22, 22, 12, 4
2019/1/5, , 17, 17, 11, 3
2019/1/6, , 13, 15, 9, 4
2019/1/7, , 14, 23, 8, 4
2019/1/8, , 29, 28, 15, 6
2019/1/9, , 39, 33, 17, 6
2019/1/10, , 25, 41, 7, 2
2019/1/11, , 34, 40, 12, 4
2019/1/12, , 22, 61, 9, 2
2019/1/13, , 16, 23, 2, 1
2019/1/14, , 24, 43, 5, 3
2019/1/15, , 23, 35, 9, 3
2019/1/16, , 31, 34, 12, 4
2019/1/17, , 26, 32, 12, 4
2019/1/18, , 26, 52, 16, 4
2019/1/19, , 23, 44, 9, 3
2019/1/23, , 20, 24, 7, 3
2019/1/24, , 23, 31, 6, 2
2019/1/25, , 17, 24, 7, 2
2019/1/26, , 17, 17, 5, 2
2019/1/27, , 12, 56, 13, 4
2019/1/28, , 12, 28, 7, 4
2019/1/29, , 14, 43, 13, 4
2019/1/30, , 15, 53, 15, 5
2019/1/31, , 20, 43, 18, 6
2019/2/1, , 19, 46, 17, 6
2019/2/2, , 21, 57, 13, 3
2019/2/3, , 21, 74, 9, 3
2019/2/4, , 22, 28, 1, 1
2019/2/5, , 11, 16, 2, 1
2019/2/6, , 14, 11, 4, 1
2019/2/7, , 14, 10, 8, 2
2019/2/8, , 13, 29, 8, 2
2019/2/9, , 16, 34, 13, 4
2019/2/10, , 18, 45, 11, 4
2019/2/11, , 17, 43, 12, 5
2019/2/12, , 11, 31, 17, 5
2019/2/13, , 12, 26, 10, 3
2019/2/15, , 13, 17, 6, 2
2019/2/16, , 11, 8, 19, 5
2019/2/17, , 9, 15, 7, 3
2019/2/18, , 11, 15, 7, 5
2019/2/19, , 15, 28, 13, 5
2019/2/20, , 14, 22, 15, 5
2019/2/21, , 13, 25, 11, 4
2019/2/22, , 12, 28, 15, 4
2019/2/23, , 13, 27, 17, 6
2019/2/24, , 17, 26, 16, 8
2019/2/25, , 20, 24, 13, 7
2018/10/17, , 51, 23, 6, 5
2018/11/15, , 24, 26, 7, 1
2018/11/16, , 17, 27, 4, 2
2018/11/17, , 28, 26, 6, 2
2018/11/18, , 33, 26, 9, 5
2018/11/19, , 4, 26, 1, 1
2018/11/20, , 13, 21, 4, 1
2018/11/21, , 16, 18, 7, 2
2018/11/22, , 31, 40, 12, 4
2018/11/23, , 35, 30, 17, 6
2018/11/24, , 18, 21, 11, 6
2018/11/25, , 8, 17, 4, 2
2018/11/26, , 14, 20, 4, 1
2018/11/27, , 21, 18, 6, 1
2018/11/28, , 19, 24, 8, 2
2018/11/29, , 33, 27, 17, 4
2018/11/30, , 36, 35, 20, 7
2018/12/1, , 14, 18, 11, 5
2018/12/2, , 13, 21, 3, 3
2018/12/3, , 13, 17, 4, 2
2018/12/4, , 33, 29, 13, 4
2018/12/5, , 39, 26, 10, 4
2018/12/6, , 28, 24, 7, 1
2018/12/7, , 16, 18, 3, 1
2018/12/8, , 10, 14, 3, 2
2018/12/9, , 18, 25, 5, 2
2018/12/10, , 34, 36, 15, 4
2018/12/11, , 36, 49, 14, 4
2018/12/12, , 39, 41, 17, 4
2018/12/22, , 24, 32, 13, 4
2018/12/23, , 13, 27, 7, 4
2018/12/24, , 10, 19, 3, 2
2018/12/25, , 11, 14, 3, 1
2018/12/26, , 12, 25, 5, 2
2018/12/27, , 17, 27, 7, 2
2018/12/28, , 21, 28, 10, 3
2018/12/29, , 26, 39, 7, 3
2018/12/30, , 22, 37, 5, 3
2018/5/7, , 19, 23, 5, 
2018/3/6, , 31, 24, 10, 3
2018/3/21, , 12, 23, 7, 2
2018/3/22, , 13, 19, 8, 3
2018/3/23, , 36, 51, 12, 4
2018/3/24, , 42, 34, 14, 6
2018/3/25, , 35, 30, 12, 7
2018/3/26, , 32, 19, 10, 5
2017/10/28, , 26, 31, 14, 6
2017/10/29, , 27, 31, 8, 5
2017/10/30, , 25, 23, 13, 6
2017/10/31, , 12, 26, 4, 2
2017/11/1, , 23, 25, 6, 2
2017/11/2, , 20, 15, 5, 2
2017/11/3, , 42, 48, 14, 
2017/11/4, , 37, 31, 15, 6
2017/11/5, , 10, 20, 4, 3
2017/11/6, , 23, 22, 7, 2
2017/11/7, , 22, 21, 9, 3
2017/12/9, , 19, 22, 3, 2
2017/9/10, , 65, 16, 17, 6
2016/9/9, , 19, 28, 8, 3
2016/9/18, , 46, 49, 20, 12
2016/9/19, , 25, 29, 19, 7
2016/2/1, , 41, , 14, 5
2015/11/11, , 34, 27, 12, 2
2015/5/5, , 17, 14, 7, 3
2015/1/1, , 39, 26, 7, 10
2015/2/22, , 29, 28, 3, 
2015/3/7, , 23, 11, 9, 2
2015/3/13, , 22, 5, 18, 16
2014/7/17, , 87, 16, 14, 13
2014/7/18, , 59, 14, 10, 6
2014/7/19, , 23, 22, 3, 2
2014/7/21, , 45, 20, 9, 6
2014/7/22, , 69, 22, 16, 11
2014/7/23, , 87, 18, 16, 14
2014/7/24, , 65, 8, 13, 9
2014/7/25, , 14, 13, 3, 2
2014/4/14, , 10, 12, , 1
2014/4/15, , 15, 11, 5, 4
2014/4/16, , 24, 5, 6, 4
2014/4/17, , 39, 24, 7, 5
2014/4/18, , 32, 33, 6, 6
2014/4/19, , 42, 49, 9, 8
2014/4/20, , 12, 20, 2, 2
2014/4/21, , 19, 22, 3, 4
2014/4/22, , 37, 9, 6, 7
2014/4/23, , 18, 16, 3, 4
2014/4/24, , 7, 14, 2, 2
2014/4/25, , 21, 15, 4, 3
2014/4/26, , 13, 17, 2, 3
2014/4/27, , 13, 18, 2, 3
2014/4/28, , 25, 14, 5, 4
2014/4/29, , 44, 20, 9, 5
2014/4/30, , 60, 15, 14, 10
2014/5/1, , 58, 14, 9, 10
2014/5/2, , 45, 21, 7, 9
2014/5/3, , 38, 30, 6, 6
2014/5/4, , 46, 28, 7, 10
2014/5/5, , 56, 38, 9, 11
2014/5/6, , 69, 36, 15, 12
2014/5/7, , 65, 20, 14, 13
2014/5/8, , 69, 23, 13, 12
2014/5/9, , 23, 16, 4, 4
2014/5/10, , 10, 18, 2, 3
2014/5/11, , 19, 16, 4, 5
2014/5/12, , 39, 22, 9, 6
2014/5/13, , 52, 23, 13, 8
2014/5/14, , 53, 28, 10, 8
2014/5/15, , 48, 30, 13, 8
2014/5/16, , 41, , 9, 10
2014/5/17, , 24, 18, 7, 4
2014/5/18, , 33, 6, 6, 7
2014/5/19, , 24, 19, 4, 3
2014/5/20, , 51, 27, 11, 8
2014/5/21, , 63, 18, 14, 12
2014/5/22, , 60, 15, 11, 10
2014/5/23, , 12, 10, 5, 5
2014/5/24, , 5, 18, 1, 2
2014/5/25, , 7, 14, 5, 5
2014/1/1, , 28, 16, 4, 9
2019/10/11, , , 36, 7, 
2019/10/12, , , 40, 8, 
2019/1/20, , , 42, 13, 5
2019/1/21, , , 32, 2, 2
2019/1/22, , , 30, 10, 4
2016/1/14, , , 7, , 
2016/1/30, , , 17, 9, 
2016/1/31, , , 2, 9, 5
2015/2/21, , , 25, 3, 
2014/7/1, , , 16, , 9
2014/6/26, , , 15, 14, 16
2019/8/7, , , , 8, 
2019/8/8, , , , 12, 
2019/2/28, , , , 2, 